campaign_id,campaign_name,cell_id,manifest_path,workload_id,plan_id,run_id,replicate_idx,status,planner_budget,repeat_count_hint,measurement_repeats,autotune,reuse_cache,execution_source,graph_mode,ttfr_s,steady_iter_ms,wall_s,gpu_seconds,predicted_ttfr_s,predicted_iter_ms,predicted_gpu_seconds,planner_share_pct,launch_share_pct,contract_share_pct,profile_candidate_nsys,profile_candidate_ncu
camp_0e9e80e16faae716,repeat_roi_v1,cell_004ef35f6227fd9e,/home/ubuntu/quantum-workload-architecture/workloads/manifests/imported/real_grid_shape6_amplitude.yaml,wkl_158088f87b588e6a,plan_e1a0a510ef63c3d2,run_b5a01950a460cec8,0,success,balanced,4,2,False,False,cuquantum_tensornet_gpu,off,0.040430689,0.280623,0.041877347,0.041877347,0.715588,22.293575,0.782469,,,,True,True
camp_0e9e80e16faae716,repeat_roi_v1,cell_004ef35f6227fd9e,/home/ubuntu/quantum-workload-architecture/workloads/manifests/imported/real_grid_shape6_amplitude.yaml,wkl_158088f87b588e6a,plan_e1a0a510ef63c3d2,run_15e7288b86e7d164,1,success,balanced,4,2,False,False,cuquantum_tensornet_gpu,off,0.040839641,0.273195,0.042303021,0.042303021,0.715588,22.293575,0.782469,,,,True,True
camp_0e9e80e16faae716,repeat_roi_v1,cell_004ef35f6227fd9e,/home/ubuntu/quantum-workload-architecture/workloads/manifests/imported/real_grid_shape6_amplitude.yaml,wkl_158088f87b588e6a,plan_e1a0a510ef63c3d2,run_ffeef5ae34a9d6b9,2,success,balanced,4,2,False,False,cuquantum_tensornet_gpu,off,0.040331017,0.269881,0.04174132,0.04174132,0.715588,22.293575,0.782469,,,,True,True
camp_0e9e80e16faae716,repeat_roi_v1,cell_00b17055fcb4fc7d,/home/ubuntu/quantum-workload-architecture/workloads/manifests/imported/real_qaoa_ring4_batched.yaml,wkl_ba3875dd3ccf7480,plan_f25cb4ffb2b4bca2,run_42458a9025dd3515,0,success,deep,32,2,True,True,cuquantum_tensornet_gpu,off,0.043986801,0.2735,0.045462208,0.045462208,1.408852,12.606214,1.799645,,,,True,True
camp_0e9e80e16faae716,repeat_roi_v1,cell_00b17055fcb4fc7d,/home/ubuntu/quantum-workload-architecture/workloads/manifests/imported/real_qaoa_ring4_batched.yaml,wkl_ba3875dd3ccf7480,plan_f25cb4ffb2b4bca2,run_fd330e9259187fe0,1,success,deep,32,2,True,True,cuquantum_tensornet_gpu,off,0.04379676,0.257983,0.045148486,0.045148486,1.408852,12.606214,1.799645,,,,True,True
camp_0e9e80e16faae716,repeat_roi_v1,cell_00b17055fcb4fc7d,/home/ubuntu/quantum-workload-architecture/workloads/manifests/imported/real_qaoa_ring4_batched.yaml,wkl_ba3875dd3ccf7480,plan_f25cb4ffb2b4bca2,run_4d7deb88ea4988d9,2,success,deep,32,2,True,True,cuquantum_tensornet_gpu,off,0.043817164,0.249986,0.045208206,0.045208206,1.408852,12.606214,1.799645,,,,True,True
camp_0e9e80e16faae716,repeat_roi_v1,cell_017ff5bfa7f8ecae,/home/ubuntu/quantum-workload-architecture/workloads/manifests/imported/real_dense_ring6_batched.yaml,wkl_50dd86db6abd0bfa,plan_bd4e9d6dbd56ba66,run_ad0c6269cdbe0934,0,success,deep,8,2,True,True,cuquantum_tensornet_gpu,off,0.04160235,0.256318,0.042959839,0.042959839,1.376296,12.090963,1.460933,,,,True,True
camp_0e9e80e16faae716,repeat_roi_v1,cell_017ff5bfa7f8ecae,/home/ubuntu/quantum-workload-architecture/workloads/manifests/imported/real_dense_ring6_batched.yaml,wkl_50dd86db6abd0bfa,plan_bd4e9d6dbd56ba66,run_a3e3853d967c8fef,1,success,deep,8,2,True,True,cuquantum_tensornet_gpu,off,0.042509419,0.267653,0.043894934,0.043894934,1.376296,12.090963,1.460933,,,,True,True
camp_0e9e80e16faae716,repeat_roi_v1,cell_017ff5bfa7f8ecae,/home/ubuntu/quantum-workload-architecture/workloads/manifests/imported/real_dense_ring6_batched.yaml,wkl_50dd86db6abd0bfa,plan_bd4e9d6dbd56ba66,run_17d33ad4c0a2e8b4,2,success,deep,8,2,True,True,cuquantum_tensornet_gpu,off,0.042611049,0.260652,0.043948896,0.043948896,1.376296,12.090963,1.460933,,,,True,True
camp_0e9e80e16faae716,repeat_roi_v1,cell_0224823c148ca3f9,/home/ubuntu/quantum-workload-architecture/workloads/manifests/imported/real_ghz3_amplitude.yaml,wkl_d79599df853f9a2e,plan_a325ab421e31c266,run_13b6145cfe29ccbd,0,success,quick,16,2,False,False,cuquantum_tensornet_gpu,off,0.015096779,0.172892,0.016246747,0.016246747,0.554734,14.57239,0.77332,,,,True,True
camp_0e9e80e16faae716,repeat_roi_v1,cell_0224823c148ca3f9,/home/ubuntu/quantum-workload-architecture/workloads/manifests/imported/real_ghz3_amplitude.yaml,wkl_d79599df853f9a2e,plan_a325ab421e31c266,run_9abdc4627d5ccc60,1,success,quick,16,2,False,False,cuquantum_tensornet_gpu,off,0.0148778,0.163362,0.015976252,0.015976252,0.554734,14.57239,0.77332,,,,True,True
camp_0e9e80e16faae716,repeat_roi_v1,cell_0224823c148ca3f9,/home/ubuntu/quantum-workload-architecture/workloads/manifests/imported/real_ghz3_amplitude.yaml,wkl_d79599df853f9a2e,plan_a325ab421e31c266,run_b3b4208271a68e72,2,success,quick,16,2,False,False,cuquantum_tensornet_gpu,off,0.015176644,0.183212,0.016292719,0.016292719,0.554734,14.57239,0.77332,,,,True,True
camp_0e9e80e16faae716,repeat_roi_v1,cell_02e15d478b7100af,/home/ubuntu/quantum-workload-architecture/workloads/manifests/imported/real_dense_ring6_amplitude.yaml,wkl_163dac6a7fcd636d,plan_3a75dad14045212e,run_ef6ae486990afa54,0,success,balanced,32,2,True,False,cuquantum_tensornet_gpu,off,0.045342237,0.286697,0.046872088,0.046872088,0.599219,22.506348,1.296916,,,,True,True
camp_0e9e80e16faae716,repeat_roi_v1,cell_02e15d478b7100af,/home/ubuntu/quantum-workload-architecture/workloads/manifests/imported/real_dense_ring6_amplitude.yaml,wkl_163dac6a7fcd636d,plan_3a75dad14045212e,run_f79518aa56f04196,1,success,balanced,32,2,True,False,cuquantum_tensornet_gpu,off,0.043562371,0.302767,0.045189558,0.045189558,0.599219,22.506348,1.296916,,,,True,True
camp_0e9e80e16faae716,repeat_roi_v1,cell_02e15d478b7100af,/home/ubuntu/quantum-workload-architecture/workloads/manifests/imported/real_dense_ring6_amplitude.yaml,wkl_163dac6a7fcd636d,plan_3a75dad14045212e,run_d41ca567da070cb7,2,success,balanced,32,2,True,False,cuquantum_tensornet_gpu,off,0.044346957,0.290267,0.045861061,0.045861061,0.599219,22.506348,1.296916,,,,True,True
camp_0e9e80e16faae716,repeat_roi_v1,cell_037963f97673218e,/home/ubuntu/quantum-workload-architecture/workloads/manifests/imported/real_grid_shape6_amplitude.yaml,wkl_75d3c6900c0116f4,plan_a427750e76a31d40,run_528666f90ca0a210,0,success,quick,1,2,False,True,cuquantum_tensornet_gpu,off,0.043447537,0.27609,0.044912679,0.044912679,0.715588,22.293575,0.715588,,,,True,True
camp_0e9e80e16faae716,repeat_roi_v1,cell_037963f97673218e,/home/ubuntu/quantum-workload-architecture/workloads/manifests/imported/real_grid_shape6_amplitude.yaml,wkl_75d3c6900c0116f4,plan_a427750e76a31d40,run_175a06da2e293a20,1,success,quick,1,2,False,True,cuquantum_tensornet_gpu,off,0.039754621,0.269518,0.041196367,0.041196367,0.715588,22.293575,0.715588,,,,True,True
camp_0e9e80e16faae716,repeat_roi_v1,cell_037963f97673218e,/home/ubuntu/quantum-workload-architecture/workloads/manifests/imported/real_grid_shape6_amplitude.yaml,wkl_75d3c6900c0116f4,plan_a427750e76a31d40,run_8290a3033b09ee5f,2,success,quick,1,2,False,True,cuquantum_tensornet_gpu,off,0.040210858,0.27818,0.041744183,0.041744183,0.715588,22.293575,0.715588,,,,True,True
camp_0e9e80e16faae716,repeat_roi_v1,cell_03d2172a6e385349,/home/ubuntu/quantum-workload-architecture/workloads/manifests/imported/real_grid_shape6_amplitude.yaml,wkl_75d3c6900c0116f4,plan_11028611ffaaccec,run_9622c2fc716a1f40,0,success,quick,1,2,True,False,cuquantum_tensornet_gpu,off,0.044784262,0.274891,0.046232088,0.046232088,0.715588,22.293575,0.715588,,,,False,False
camp_0e9e80e16faae716,repeat_roi_v1,cell_03d2172a6e385349,/home/ubuntu/quantum-workload-architecture/workloads/manifests/imported/real_grid_shape6_amplitude.yaml,wkl_75d3c6900c0116f4,plan_11028611ffaaccec,run_00a8ba8b801f1093,1,success,quick,1,2,True,False,cuquantum_tensornet_gpu,off,0.045365737,0.273792,0.046824455,0.046824455,0.715588,22.293575,0.715588,,,,False,False
camp_0e9e80e16faae716,repeat_roi_v1,cell_03d2172a6e385349,/home/ubuntu/quantum-workload-architecture/workloads/manifests/imported/real_grid_shape6_amplitude.yaml,wkl_75d3c6900c0116f4,plan_11028611ffaaccec,run_382ea3337cc6840d,2,success,quick,1,2,True,False,cuquantum_tensornet_gpu,off,0.044633844,0.277937,0.0460537,0.0460537,0.715588,22.293575,0.715588,,,,False,False
camp_0e9e80e16faae716,repeat_roi_v1,cell_04871028b5274598,/home/ubuntu/quantum-workload-architecture/workloads/manifests/imported/real_qaoa_ring4_batched.yaml,wkl_864119d61a67efe5,plan_bdac083d8da1a143,run_417aceeb165402b2,0,success,balanced,16,2,False,True,cuquantum_tensornet_gpu,off,0.03893262,0.25767,0.04031182,0.04031182,0.590691,19.410898,0.881854,,,,True,True
camp_0e9e80e16faae716,repeat_roi_v1,cell_04871028b5274598,/home/ubuntu/quantum-workload-architecture/workloads/manifests/imported/real_qaoa_ring4_batched.yaml,wkl_864119d61a67efe5,plan_bdac083d8da1a143,run_755d4d947027a993,1,success,balanced,16,2,False,True,cuquantum_tensornet_gpu,off,0.039326055,0.259064,0.040727392,0.040727392,0.590691,19.410898,0.881854,,,,True,True
camp_0e9e80e16faae716,repeat_roi_v1,cell_04871028b5274598,/home/ubuntu/quantum-workload-architecture/workloads/manifests/imported/real_qaoa_ring4_batched.yaml,wkl_864119d61a67efe5,plan_bdac083d8da1a143,run_000f3b4ead626ee5,2,success,balanced,16,2,False,True,cuquantum_tensornet_gpu,off,0.038551261,0.249148,0.039909847,0.039909847,0.590691,19.410898,0.881854,,,,True,True
camp_0e9e80e16faae716,repeat_roi_v1,cell_0489e0efe7cad8aa,/home/ubuntu/quantum-workload-architecture/workloads/manifests/imported/real_dense_ring6_amplitude.yaml,wkl_888bce118ad39b04,plan_bbceb2172241f5dd,run_509a10c44e432b3f,0,success,balanced,2,2,True,True,cuquantum_tensornet_gpu,off,0.043492708,0.285976,0.044961861,0.044961861,0.702031,21.606094,0.723637,,,,True,True
camp_0e9e80e16faae716,repeat_roi_v1,cell_0489e0efe7cad8aa,/home/ubuntu/quantum-workload-architecture/workloads/manifests/imported/real_dense_ring6_amplitude.yaml,wkl_888bce118ad39b04,plan_bbceb2172241f5dd,run_2014a58dbd68258f,1,success,balanced,2,2,True,True,cuquantum_tensornet_gpu,off,0.043674255,0.288,0.045197898,0.045197898,0.702031,21.606094,0.723637,,,,True,True
camp_0e9e80e16faae716,repeat_roi_v1,cell_0489e0efe7cad8aa,/home/ubuntu/quantum-workload-architecture/workloads/manifests/imported/real_dense_ring6_amplitude.yaml,wkl_888bce118ad39b04,plan_bbceb2172241f5dd,run_31e8fdbd288d5b1c,2,success,balanced,2,2,True,True,cuquantum_tensornet_gpu,off,0.044677056,0.279721,0.046156152,0.046156152,0.702031,21.606094,0.723637,,,,True,True
camp_0e9e80e16faae716,repeat_roi_v1,cell_04d735b0000a6989,/home/ubuntu/quantum-workload-architecture/workloads/manifests/imported/real_ghz3_amplitude.yaml,wkl_e5f6794fb08543dd,plan_d8eaaae883122b14,run_9dcbbf0682019160,0,success,quick,4,2,True,True,cuquantum_tensornet_gpu,off,0.014350842,0.147801,0.015239814,0.015239814,0.629314,13.989494,0.671282,,,,True,True
camp_0e9e80e16faae716,repeat_roi_v1,cell_04d735b0000a6989,/home/ubuntu/quantum-workload-architecture/workloads/manifests/imported/real_ghz3_amplitude.yaml,wkl_e5f6794fb08543dd,plan_d8eaaae883122b14,run_f5f51f77f10b9866,1,success,quick,4,2,True,True,cuquantum_tensornet_gpu,off,0.014312771,0.150506,0.015282581,0.015282581,0.629314,13.989494,0.671282,,,,True,True
camp_0e9e80e16faae716,repeat_roi_v1,cell_04d735b0000a6989,/home/ubuntu/quantum-workload-architecture/workloads/manifests/imported/real_ghz3_amplitude.yaml,wkl_e5f6794fb08543dd,plan_d8eaaae883122b14,run_5952070a150a2e91,2,success,quick,4,2,True,True,cuquantum_tensornet_gpu,off,0.014286659,0.143207,0.015207414,0.015207414,0.629314,13.989494,0.671282,,,,True,True
camp_0e9e80e16faae716,repeat_roi_v1,cell_05466b375a1233b9,/home/ubuntu/quantum-workload-architecture/workloads/manifests/imported/real_ghz3_amplitude.yaml,wkl_5361a0b920fc4e05,plan_19d5ba0a501d7820,run_db2830fd6296c429,0,success,balanced,1,2,True,True,cuquantum_tensornet_gpu,off,0.014093143,0.159073,0.01505004,0.01505004,0.629314,13.989494,0.629314,,,,True,True
camp_0e9e80e16faae716,repeat_roi_v1,cell_05466b375a1233b9,/home/ubuntu/quantum-workload-architecture/workloads/manifests/imported/real_ghz3_amplitude.yaml,wkl_5361a0b920fc4e05,plan_19d5ba0a501d7820,run_34391b3cfabe0a83,1,success,balanced,1,2,True,True,cuquantum_tensornet_gpu,off,0.014418695,0.146048,0.015307946,0.015307946,0.629314,13.989494,0.629314,,,,True,True
camp_0e9e80e16faae716,repeat_roi_v1,cell_05466b375a1233b9,/home/ubuntu/quantum-workload-architecture/workloads/manifests/imported/real_ghz3_amplitude.yaml,wkl_5361a0b920fc4e05,plan_19d5ba0a501d7820,run_178aadacad0a21ba,2,success,balanced,1,2,True,True,cuquantum_tensornet_gpu,off,0.014186894,0.143244,0.015095451,0.015095451,0.629314,13.989494,0.629314,,,,True,True
camp_0e9e80e16faae716,repeat_roi_v1,cell_058625208c01aaba,/home/ubuntu/quantum-workload-architecture/workloads/manifests/imported/real_dense_ring6_batched.yaml,wkl_84140faee381a579,plan_f985678a7ca683ad,run_54f5f7b6bc07c55b,0,success,deep,2,2,False,False,cuquantum_tensornet_gpu,off,0.038498294,0.259254,0.039890219,0.039890219,1.21032,16.383418,1.226703,,,,True,True
camp_0e9e80e16faae716,repeat_roi_v1,cell_058625208c01aaba,/home/ubuntu/quantum-workload-architecture/workloads/manifests/imported/real_dense_ring6_batched.yaml,wkl_84140faee381a579,plan_f985678a7ca683ad,run_dc689fb355d1d76e,1,success,deep,2,2,False,False,cuquantum_tensornet_gpu,off,0.037216157,0.251746,0.038564373,0.038564373,1.21032,16.383418,1.226703,,,,True,True
camp_0e9e80e16faae716,repeat_roi_v1,cell_058625208c01aaba,/home/ubuntu/quantum-workload-architecture/workloads/manifests/imported/real_dense_ring6_batched.yaml,wkl_84140faee381a579,plan_f985678a7ca683ad,run_e3f0ee12eab20338,2,success,deep,2,2,False,False,cuquantum_tensornet_gpu,off,0.037506548,0.253837,0.038897383,0.038897383,1.21032,16.383418,1.226703,,,,True,True
camp_0e9e80e16faae716,repeat_roi_v1,cell_05e4c1d5aa754ed4,/home/ubuntu/quantum-workload-architecture/workloads/manifests/imported/real_dense_ring6_batched.yaml,wkl_50dd86db6abd0bfa,plan_03f22fcada59f88b,run_037920dca8a18f4b,0,success,balanced,8,2,True,True,cuquantum_tensornet_gpu,off,0.042188723,0.256201,0.043524393,0.043524393,0.581735,18.617521,0.712058,,,,False,False
camp_0e9e80e16faae716,repeat_roi_v1,cell_05e4c1d5aa754ed4,/home/ubuntu/quantum-workload-architecture/workloads/manifests/imported/real_dense_ring6_batched.yaml,wkl_50dd86db6abd0bfa,plan_03f22fcada59f88b,run_91aaf3b6502f080f,1,success,balanced,8,2,True,True,cuquantum_tensornet_gpu,off,0.04240629,0.256875,0.043789973,0.043789973,0.581735,18.617521,0.712058,,,,False,False
camp_0e9e80e16faae716,repeat_roi_v1,cell_05e4c1d5aa754ed4,/home/ubuntu/quantum-workload-architecture/workloads/manifests/imported/real_dense_ring6_batched.yaml,wkl_50dd86db6abd0bfa,plan_03f22fcada59f88b,run_684a87f3c3982cc9,2,success,balanced,8,2,True,True,cuquantum_tensornet_gpu,off,0.042262363,0.272077,0.043695357,0.043695357,0.581735,18.617521,0.712058,,,,False,False
camp_0e9e80e16faae716,repeat_roi_v1,cell_06546f9ba42c95f8,/home/ubuntu/quantum-workload-architecture/workloads/manifests/imported/real_dense_ring6_amplitude.yaml,wkl_fecefeb4ecb3e7d2,plan_7f1c3c097a5d993e,run_793d4a8474c97356,0,success,quick,8,2,True,False,cuquantum_tensornet_gpu,off,0.049209652,0.299113,0.050791005,0.050791005,0.599219,22.506348,0.756763,,,,True,True
camp_0e9e80e16faae716,repeat_roi_v1,cell_06546f9ba42c95f8,/home/ubuntu/quantum-workload-architecture/workloads/manifests/imported/real_dense_ring6_amplitude.yaml,wkl_fecefeb4ecb3e7d2,plan_7f1c3c097a5d993e,run_4673ce44875d2021,1,success,quick,8,2,True,False,cuquantum_tensornet_gpu,off,0.043752622,0.276388,0.045192563,0.045192563,0.599219,22.506348,0.756763,,,,True,True
camp_0e9e80e16faae716,repeat_roi_v1,cell_06546f9ba42c95f8,/home/ubuntu/quantum-workload-architecture/workloads/manifests/imported/real_dense_ring6_amplitude.yaml,wkl_fecefeb4ecb3e7d2,plan_7f1c3c097a5d993e,run_af9bf38e1f4ce4f8,2,success,quick,8,2,True,False,cuquantum_tensornet_gpu,off,0.043346908,0.288838,0.044820782,0.044820782,0.599219,22.506348,0.756763,,,,True,True
camp_0e9e80e16faae716,repeat_roi_v1,cell_06f992dfc102eaa1,/home/ubuntu/quantum-workload-architecture/workloads/manifests/imported/real_grid_shape6_amplitude.yaml,wkl_fc0e5b8c90c09068,plan_e1300522c8507606,run_c38c2bc5b5c646d3,0,success,quick,8,2,False,False,cuquantum_tensornet_gpu,off,0.040616451,0.276481,0.042102283,0.042102283,0.61037,23.222474,0.772927,,,,True,True
camp_0e9e80e16faae716,repeat_roi_v1,cell_06f992dfc102eaa1,/home/ubuntu/quantum-workload-architecture/workloads/manifests/imported/real_grid_shape6_amplitude.yaml,wkl_fc0e5b8c90c09068,plan_e1300522c8507606,run_700be0bf9cd15ff2,1,success,quick,8,2,False,False,cuquantum_tensornet_gpu,off,0.040945056,0.273186,0.042395344,0.042395344,0.61037,23.222474,0.772927,,,,True,True
camp_0e9e80e16faae716,repeat_roi_v1,cell_06f992dfc102eaa1,/home/ubuntu/quantum-workload-architecture/workloads/manifests/imported/real_grid_shape6_amplitude.yaml,wkl_fc0e5b8c90c09068,plan_e1300522c8507606,run_3179e1b649cf5309,2,success,quick,8,2,False,False,cuquantum_tensornet_gpu,off,0.040283887,0.278797,0.041779389,0.041779389,0.61037,23.222474,0.772927,,,,True,True
camp_0e9e80e16faae716,repeat_roi_v1,cell_06faab3d9cab534a,/home/ubuntu/quantum-workload-architecture/workloads/manifests/imported/real_dense_ring6_batched.yaml,wkl_84140faee381a579,plan_776cb87619c30510,run_9cb9e981b568b59b,0,success,quick,2,2,True,False,cuquantum_tensornet_gpu,off,0.042731236,0.262131,0.04410289,0.04410289,0.671107,17.87282,0.68898,,,,False,False
camp_0e9e80e16faae716,repeat_roi_v1,cell_06faab3d9cab534a,/home/ubuntu/quantum-workload-architecture/workloads/manifests/imported/real_dense_ring6_batched.yaml,wkl_84140faee381a579,plan_776cb87619c30510,run_bcfe9c1e16f2637a,1,success,quick,2,2,True,False,cuquantum_tensornet_gpu,off,0.042392968,0.260439,0.043790283,0.043790283,0.671107,17.87282,0.68898,,,,False,False
camp_0e9e80e16faae716,repeat_roi_v1,cell_06faab3d9cab534a,/home/ubuntu/quantum-workload-architecture/workloads/manifests/imported/real_dense_ring6_batched.yaml,wkl_84140faee381a579,plan_776cb87619c30510,run_60f2b0ed8f483b67,2,success,quick,2,2,True,False,cuquantum_tensornet_gpu,off,0.042879385,0.275236,0.044345123,0.044345123,0.671107,17.87282,0.68898,,,,False,False
camp_0e9e80e16faae716,repeat_roi_v1,cell_094102db231f826a,/home/ubuntu/quantum-workload-architecture/workloads/manifests/imported/real_dense_ring6_amplitude.yaml,wkl_888bce118ad39b04,plan_b45e78cf8a9a7be8,run_b4f1b365b371f83b,0,success,balanced,2,2,False,False,cuquantum_tensornet_gpu,off,0.038498129,0.271678,0.039974168,0.039974168,0.702031,21.606094,0.723637,,,,False,False
camp_0e9e80e16faae716,repeat_roi_v1,cell_094102db231f826a,/home/ubuntu/quantum-workload-architecture/workloads/manifests/imported/real_dense_ring6_amplitude.yaml,wkl_888bce118ad39b04,plan_b45e78cf8a9a7be8,run_6f94ca822a1c1dc6,1,success,balanced,2,2,False,False,cuquantum_tensornet_gpu,off,0.038771288,0.274243,0.040269293,0.040269293,0.702031,21.606094,0.723637,,,,False,False
camp_0e9e80e16faae716,repeat_roi_v1,cell_094102db231f826a,/home/ubuntu/quantum-workload-architecture/workloads/manifests/imported/real_dense_ring6_amplitude.yaml,wkl_888bce118ad39b04,plan_b45e78cf8a9a7be8,run_6de6a0990a474f5e,2,success,balanced,2,2,False,False,cuquantum_tensornet_gpu,off,0.039554234,0.27596,0.041018236,0.041018236,0.702031,21.606094,0.723637,,,,False,False
camp_0e9e80e16faae716,repeat_roi_v1,cell_096c038449a2d8a5,/home/ubuntu/quantum-workload-architecture/workloads/manifests/imported/real_qaoa_ring4_batched.yaml,wkl_e27a5a050294e2ef,plan_23e8c8c102dc3290,run_cb0df4a5479ee5e2,0,success,deep,8,2,True,False,cuquantum_tensornet_gpu,off,0.043443622,0.249445,0.044778125,0.044778125,1.408852,12.606214,1.497095,,,,True,True
camp_0e9e80e16faae716,repeat_roi_v1,cell_096c038449a2d8a5,/home/ubuntu/quantum-workload-architecture/workloads/manifests/imported/real_qaoa_ring4_batched.yaml,wkl_e27a5a050294e2ef,plan_23e8c8c102dc3290,run_e6a00e5fe95955bf,1,success,deep,8,2,True,False,cuquantum_tensornet_gpu,off,0.043499924,0.264257,0.044900942,0.044900942,1.408852,12.606214,1.497095,,,,True,True
camp_0e9e80e16faae716,repeat_roi_v1,cell_096c038449a2d8a5,/home/ubuntu/quantum-workload-architecture/workloads/manifests/imported/real_qaoa_ring4_batched.yaml,wkl_e27a5a050294e2ef,plan_23e8c8c102dc3290,run_ce13409c0c2e2934,2,success,deep,8,2,True,False,cuquantum_tensornet_gpu,off,0.043461725,0.263025,0.044876697,0.044876697,1.408852,12.606214,1.497095,,,,True,True
camp_0e9e80e16faae716,repeat_roi_v1,cell_098f0ef8e6c4e9f9,/home/ubuntu/quantum-workload-architecture/workloads/manifests/imported/real_dense_ring6_batched.yaml,wkl_e0163cd5ac336021,plan_d5b7b317a27f625c,run_d867b4f54103fc3a,0,success,quick,16,2,False,True,cuquantum_tensornet_gpu,off,0.03742484,0.249775,0.038794124,0.038794124,0.581735,18.617521,0.860998,,,,True,True
camp_0e9e80e16faae716,repeat_roi_v1,cell_098f0ef8e6c4e9f9,/home/ubuntu/quantum-workload-architecture/workloads/manifests/imported/real_dense_ring6_batched.yaml,wkl_e0163cd5ac336021,plan_d5b7b317a27f625c,run_045e99743fa5d7c8,1,success,quick,16,2,False,True,cuquantum_tensornet_gpu,off,0.037779398,0.248082,0.03910869,0.03910869,0.581735,18.617521,0.860998,,,,True,True
camp_0e9e80e16faae716,repeat_roi_v1,cell_098f0ef8e6c4e9f9,/home/ubuntu/quantum-workload-architecture/workloads/manifests/imported/real_dense_ring6_batched.yaml,wkl_e0163cd5ac336021,plan_d5b7b317a27f625c,run_287e4f457b42ab10,2,success,quick,16,2,False,True,cuquantum_tensornet_gpu,off,0.03810972,0.270935,0.039525036,0.039525036,0.581735,18.617521,0.860998,,,,True,True
camp_0e9e80e16faae716,repeat_roi_v1,cell_09ac8ff526602d48,/home/ubuntu/quantum-workload-architecture/workloads/manifests/imported/real_dense_ring6_batched.yaml,wkl_20f4602946fe6acd,plan_030e9f07914b2035,run_0674946980c145af,0,success,quick,4,2,False,True,cuquantum_tensornet_gpu,off,0.038663801,0.264869,0.040340543,0.040340543,0.671107,17.87282,0.724725,,,,True,True
camp_0e9e80e16faae716,repeat_roi_v1,cell_09ac8ff526602d48,/home/ubuntu/quantum-workload-architecture/workloads/manifests/imported/real_dense_ring6_batched.yaml,wkl_20f4602946fe6acd,plan_030e9f07914b2035,run_ff15c63b6df698c3,1,success,quick,4,2,False,True,cuquantum_tensornet_gpu,off,0.038241619,0.254188,0.039645914,0.039645914,0.671107,17.87282,0.724725,,,,True,True
camp_0e9e80e16faae716,repeat_roi_v1,cell_09ac8ff526602d48,/home/ubuntu/quantum-workload-architecture/workloads/manifests/imported/real_dense_ring6_batched.yaml,wkl_20f4602946fe6acd,plan_030e9f07914b2035,run_f18de24af6799200,2,success,quick,4,2,False,True,cuquantum_tensornet_gpu,off,0.038309024,0.265157,0.039720451,0.039720451,0.671107,17.87282,0.724725,,,,True,True
camp_0e9e80e16faae716,repeat_roi_v1,cell_09b9a8849c20c14b,/home/ubuntu/quantum-workload-architecture/workloads/manifests/imported/real_qaoa_ring4_batched.yaml,wkl_ba3875dd3ccf7480,plan_81c61b40370ba12c,run_94688dc80c0fe9be,0,success,balanced,32,2,False,False,cuquantum_tensornet_gpu,off,0.038913823,0.255715,0.040356542,0.040356542,0.590691,19.410898,1.192429,,,,False,False
camp_0e9e80e16faae716,repeat_roi_v1,cell_09b9a8849c20c14b,/home/ubuntu/quantum-workload-architecture/workloads/manifests/imported/real_qaoa_ring4_batched.yaml,wkl_ba3875dd3ccf7480,plan_81c61b40370ba12c,run_2c31e3744b61d7bb,1,success,balanced,32,2,False,False,cuquantum_tensornet_gpu,off,0.038869537,0.2487,0.040273208,0.040273208,0.590691,19.410898,1.192429,,,,False,False
camp_0e9e80e16faae716,repeat_roi_v1,cell_09b9a8849c20c14b,/home/ubuntu/quantum-workload-architecture/workloads/manifests/imported/real_qaoa_ring4_batched.yaml,wkl_ba3875dd3ccf7480,plan_81c61b40370ba12c,run_fdfc3e88274fe2e0,2,success,balanced,32,2,False,False,cuquantum_tensornet_gpu,off,0.039117999,0.247403,0.040496665,0.040496665,0.590691,19.410898,1.192429,,,,False,False
camp_0e9e80e16faae716,repeat_roi_v1,cell_0a85efda1fea1f0a,/home/ubuntu/quantum-workload-architecture/workloads/manifests/imported/real_qaoa_ring4_batched.yaml,wkl_b169adc6c553a708,plan_3e68027348910cec,run_899984640ca9db03,0,success,deep,1,2,True,True,cuquantum_tensornet_gpu,off,0.044080201,0.253332,0.045479217,0.045479217,1.238985,17.08159,1.238985,,,,True,True
camp_0e9e80e16faae716,repeat_roi_v1,cell_0a85efda1fea1f0a,/home/ubuntu/quantum-workload-architecture/workloads/manifests/imported/real_qaoa_ring4_batched.yaml,wkl_b169adc6c553a708,plan_3e68027348910cec,run_3695662a6e77cb5a,1,success,deep,1,2,True,True,cuquantum_tensornet_gpu,off,0.043892441,0.255261,0.045324734,0.045324734,1.238985,17.08159,1.238985,,,,True,True
camp_0e9e80e16faae716,repeat_roi_v1,cell_0a85efda1fea1f0a,/home/ubuntu/quantum-workload-architecture/workloads/manifests/imported/real_qaoa_ring4_batched.yaml,wkl_b169adc6c553a708,plan_3e68027348910cec,run_6e8e274b3a4b009b,2,success,deep,1,2,True,True,cuquantum_tensornet_gpu,off,0.043851561,0.252765,0.045204767,0.045204767,1.238985,17.08159,1.238985,,,,True,True
camp_0e9e80e16faae716,repeat_roi_v1,cell_0ab5b993c82a6dae,/home/ubuntu/quantum-workload-architecture/workloads/manifests/imported/real_dense_ring6_amplitude.yaml,wkl_888bce118ad39b04,plan_5bbda7ad6820a3a1,run_a0b51752db5f7847,0,success,quick,2,2,True,False,cuquantum_tensornet_gpu,off,0.043275428,0.279146,0.044701823,0.044701823,0.702031,21.606094,0.723637,,,,False,False
camp_0e9e80e16faae716,repeat_roi_v1,cell_0ab5b993c82a6dae,/home/ubuntu/quantum-workload-architecture/workloads/manifests/imported/real_dense_ring6_amplitude.yaml,wkl_888bce118ad39b04,plan_5bbda7ad6820a3a1,run_f8a0a9e05b488804,1,success,quick,2,2,True,False,cuquantum_tensornet_gpu,off,0.043377573,0.278259,0.044857743,0.044857743,0.702031,21.606094,0.723637,,,,False,False
camp_0e9e80e16faae716,repeat_roi_v1,cell_0ab5b993c82a6dae,/home/ubuntu/quantum-workload-architecture/workloads/manifests/imported/real_dense_ring6_amplitude.yaml,wkl_888bce118ad39b04,plan_5bbda7ad6820a3a1,run_f430f879db0fd4f6,2,success,quick,2,2,True,False,cuquantum_tensornet_gpu,off,0.043215635,0.324173,0.045000066,0.045000066,0.702031,21.606094,0.723637,,,,False,False
camp_0e9e80e16faae716,repeat_roi_v1,cell_0b516d99e8c87717,/home/ubuntu/quantum-workload-architecture/workloads/manifests/imported/real_dense_ring6_amplitude.yaml,wkl_fecefeb4ecb3e7d2,plan_ac681a74922a2d84,run_a60820260ad530c0,0,success,quick,8,2,False,False,cuquantum_tensornet_gpu,off,0.037731662,0.272337,0.039169528,0.039169528,0.599219,22.506348,0.756763,,,,False,False
camp_0e9e80e16faae716,repeat_roi_v1,cell_0b516d99e8c87717,/home/ubuntu/quantum-workload-architecture/workloads/manifests/imported/real_dense_ring6_amplitude.yaml,wkl_fecefeb4ecb3e7d2,plan_ac681a74922a2d84,run_b9bf92ded68f3b33,1,success,quick,8,2,False,False,cuquantum_tensornet_gpu,off,0.038672623,0.28716,0.040222943,0.040222943,0.599219,22.506348,0.756763,,,,False,False
camp_0e9e80e16faae716,repeat_roi_v1,cell_0b516d99e8c87717,/home/ubuntu/quantum-workload-architecture/workloads/manifests/imported/real_dense_ring6_amplitude.yaml,wkl_fecefeb4ecb3e7d2,plan_ac681a74922a2d84,run_1361b7b115289803,2,success,quick,8,2,False,False,cuquantum_tensornet_gpu,off,0.037930549,0.272072,0.039435895,0.039435895,0.599219,22.506348,0.756763,,,,False,False
camp_0e9e80e16faae716,repeat_roi_v1,cell_0bb96f7f3e1b573a,/home/ubuntu/quantum-workload-architecture/workloads/manifests/imported/real_dense_ring6_batched.yaml,wkl_20f4602946fe6acd,plan_cac3c307d7ad7d9a,run_c1e6db21d21b6786,0,success,deep,4,2,False,False,cuquantum_tensornet_gpu,off,0.037683608,0.252748,0.039038063,0.039038063,1.21032,16.383418,1.25947,,,,False,False
camp_0e9e80e16faae716,repeat_roi_v1,cell_0bb96f7f3e1b573a,/home/ubuntu/quantum-workload-architecture/workloads/manifests/imported/real_dense_ring6_batched.yaml,wkl_20f4602946fe6acd,plan_cac3c307d7ad7d9a,run_6942c436a54c2c5e,1,success,deep,4,2,False,False,cuquantum_tensornet_gpu,off,0.03767589,0.256318,0.039097313,0.039097313,1.21032,16.383418,1.25947,,,,False,False
camp_0e9e80e16faae716,repeat_roi_v1,cell_0bb96f7f3e1b573a,/home/ubuntu/quantum-workload-architecture/workloads/manifests/imported/real_dense_ring6_batched.yaml,wkl_20f4602946fe6acd,plan_cac3c307d7ad7d9a,run_d648363eb60e38f7,2,success,deep,4,2,False,False,cuquantum_tensornet_gpu,off,0.037702784,0.256719,0.039140557,0.039140557,1.21032,16.383418,1.25947,,,,False,False
camp_0e9e80e16faae716,repeat_roi_v1,cell_0c873543bb590fc0,/home/ubuntu/quantum-workload-architecture/workloads/manifests/imported/real_grid_shape6_amplitude.yaml,wkl_75d3c6900c0116f4,plan_da781f0b0cf7f42a,run_a87e28deb99239ac,0,success,deep,1,2,False,False,cuquantum_tensornet_gpu,off,0.040287515,0.285465,0.04202022,0.04202022,1.350612,20.435777,1.350612,,,,False,False
camp_0e9e80e16faae716,repeat_roi_v1,cell_0c873543bb590fc0,/home/ubuntu/quantum-workload-architecture/workloads/manifests/imported/real_grid_shape6_amplitude.yaml,wkl_75d3c6900c0116f4,plan_da781f0b0cf7f42a,run_95e7d3ca215b7e36,1,success,deep,1,2,False,False,cuquantum_tensornet_gpu,off,0.040124528,0.291836,0.041651803,0.041651803,1.350612,20.435777,1.350612,,,,False,False
camp_0e9e80e16faae716,repeat_roi_v1,cell_0c873543bb590fc0,/home/ubuntu/quantum-workload-architecture/workloads/manifests/imported/real_grid_shape6_amplitude.yaml,wkl_75d3c6900c0116f4,plan_da781f0b0cf7f42a,run_a461a9f7f39fcb2a,2,success,deep,1,2,False,False,cuquantum_tensornet_gpu,off,0.03973615,0.269718,0.041191063,0.041191063,1.350612,20.435777,1.350612,,,,False,False
camp_0e9e80e16faae716,repeat_roi_v1,cell_0d0c477fd0ee6fba,/home/ubuntu/quantum-workload-architecture/workloads/manifests/imported/real_dense_ring6_amplitude.yaml,wkl_fecefeb4ecb3e7d2,plan_ec4fc6005843b123,run_e11a4310dfd32c7c,0,success,quick,8,2,True,True,cuquantum_tensornet_gpu,off,0.04404288,0.276528,0.045463453,0.045463453,0.599219,22.506348,0.756763,,,,False,False
camp_0e9e80e16faae716,repeat_roi_v1,cell_0d0c477fd0ee6fba,/home/ubuntu/quantum-workload-architecture/workloads/manifests/imported/real_dense_ring6_amplitude.yaml,wkl_fecefeb4ecb3e7d2,plan_ec4fc6005843b123,run_944b506ffad31ac6,1,success,quick,8,2,True,True,cuquantum_tensornet_gpu,off,0.04321693,0.272508,0.044656695,0.044656695,0.599219,22.506348,0.756763,,,,False,False
camp_0e9e80e16faae716,repeat_roi_v1,cell_0d0c477fd0ee6fba,/home/ubuntu/quantum-workload-architecture/workloads/manifests/imported/real_dense_ring6_amplitude.yaml,wkl_fecefeb4ecb3e7d2,plan_ec4fc6005843b123,run_3f89cfb8d931bb66,2,success,quick,8,2,True,True,cuquantum_tensornet_gpu,off,0.044688458,0.303366,0.046302073,0.046302073,0.599219,22.506348,0.756763,,,,False,False
camp_0e9e80e16faae716,repeat_roi_v1,cell_0e44ec9b3b704e48,/home/ubuntu/quantum-workload-architecture/workloads/manifests/imported/real_qaoa_ring4_batched.yaml,wkl_19ca61869000401d,plan_d238b4e3d9c43789,run_fad82773c51874aa,0,success,quick,4,2,False,False,cuquantum_tensornet_gpu,off,0.047137937,0.275141,0.048633424,0.048633424,0.68286,18.634462,0.738763,,,,True,True
camp_0e9e80e16faae716,repeat_roi_v1,cell_0e44ec9b3b704e48,/home/ubuntu/quantum-workload-architecture/workloads/manifests/imported/real_qaoa_ring4_batched.yaml,wkl_19ca61869000401d,plan_d238b4e3d9c43789,run_ea3693648428fe96,1,success,quick,4,2,False,False,cuquantum_tensornet_gpu,off,0.047159262,0.27094,0.048653308,0.048653308,0.68286,18.634462,0.738763,,,,True,True
camp_0e9e80e16faae716,repeat_roi_v1,cell_0e44ec9b3b704e48,/home/ubuntu/quantum-workload-architecture/workloads/manifests/imported/real_qaoa_ring4_batched.yaml,wkl_19ca61869000401d,plan_d238b4e3d9c43789,run_0d50b86d3779e418,2,success,quick,4,2,False,False,cuquantum_tensornet_gpu,off,0.047114665,0.270057,0.048647331,0.048647331,0.68286,18.634462,0.738763,,,,True,True
camp_0e9e80e16faae716,repeat_roi_v1,cell_0e4772ad911de1be,/home/ubuntu/quantum-workload-architecture/workloads/manifests/imported/real_ghz3_amplitude.yaml,wkl_aba637ae8beeb019,plan_605052e264bbd00e,run_7874382b6a1d9763,0,success,deep,32,2,True,False,cuquantum_tensornet_gpu,off,0.014192239,0.170849,0.015158119,0.015158119,1.224494,9.463893,1.517875,,,,True,True
camp_0e9e80e16faae716,repeat_roi_v1,cell_0e4772ad911de1be,/home/ubuntu/quantum-workload-architecture/workloads/manifests/imported/real_ghz3_amplitude.yaml,wkl_aba637ae8beeb019,plan_605052e264bbd00e,run_0fee480b8e117e4a,1,success,deep,32,2,True,False,cuquantum_tensornet_gpu,off,0.014114789,0.145676,0.015024544,0.015024544,1.224494,9.463893,1.517875,,,,True,True
camp_0e9e80e16faae716,repeat_roi_v1,cell_0e4772ad911de1be,/home/ubuntu/quantum-workload-architecture/workloads/manifests/imported/real_ghz3_amplitude.yaml,wkl_aba637ae8beeb019,plan_605052e264bbd00e,run_23c3e876c9e9887a,2,success,deep,32,2,True,False,cuquantum_tensornet_gpu,off,0.01449092,0.142789,0.015444865,0.015444865,1.224494,9.463893,1.517875,,,,True,True
camp_0e9e80e16faae716,repeat_roi_v1,cell_0efdd0e5cbc5b6b0,/home/ubuntu/quantum-workload-architecture/workloads/manifests/imported/real_dense_ring6_batched.yaml,wkl_84140faee381a579,plan_8f3516dec1d7b00b,run_9e51f425585b361e,0,success,deep,2,2,True,False,cuquantum_tensornet_gpu,off,0.041694354,0.270392,0.043127284,0.043127284,1.21032,16.383418,1.226703,,,,False,False
camp_0e9e80e16faae716,repeat_roi_v1,cell_0efdd0e5cbc5b6b0,/home/ubuntu/quantum-workload-architecture/workloads/manifests/imported/real_dense_ring6_batched.yaml,wkl_84140faee381a579,plan_8f3516dec1d7b00b,run_093bac078af92cab,1,success,deep,2,2,True,False,cuquantum_tensornet_gpu,off,0.041901221,0.267375,0.043300749,0.043300749,1.21032,16.383418,1.226703,,,,False,False
camp_0e9e80e16faae716,repeat_roi_v1,cell_0efdd0e5cbc5b6b0,/home/ubuntu/quantum-workload-architecture/workloads/manifests/imported/real_dense_ring6_batched.yaml,wkl_84140faee381a579,plan_8f3516dec1d7b00b,run_c81ae41f7608778e,2,success,deep,2,2,True,False,cuquantum_tensornet_gpu,off,0.042012912,0.251398,0.043355922,0.043355922,1.21032,16.383418,1.226703,,,,False,False
camp_0e9e80e16faae716,repeat_roi_v1,cell_115ee7223ccd4b85,/home/ubuntu/quantum-workload-architecture/workloads/manifests/imported/real_dense_ring6_batched.yaml,wkl_31ef8810e7d2c00b,plan_d98dafd359c64ed2,run_1aa6abc6ea81e785,0,success,deep,1,2,True,False,cuquantum_tensornet_gpu,off,0.042029042,0.260992,0.043424918,0.043424918,1.21032,16.383418,1.21032,,,,True,True
camp_0e9e80e16faae716,repeat_roi_v1,cell_115ee7223ccd4b85,/home/ubuntu/quantum-workload-architecture/workloads/manifests/imported/real_dense_ring6_batched.yaml,wkl_31ef8810e7d2c00b,plan_d98dafd359c64ed2,run_f37a33aebbb14db1,1,success,deep,1,2,True,False,cuquantum_tensornet_gpu,off,0.042549418,0.266285,0.0440053,0.0440053,1.21032,16.383418,1.21032,,,,True,True
camp_0e9e80e16faae716,repeat_roi_v1,cell_115ee7223ccd4b85,/home/ubuntu/quantum-workload-architecture/workloads/manifests/imported/real_dense_ring6_batched.yaml,wkl_31ef8810e7d2c00b,plan_d98dafd359c64ed2,run_30f6413c89aaf6e3,2,success,deep,1,2,True,False,cuquantum_tensornet_gpu,off,0.041779277,0.249547,0.043102291,0.043102291,1.21032,16.383418,1.21032,,,,True,True
camp_0e9e80e16faae716,repeat_roi_v1,cell_11aa329a8805d230,/home/ubuntu/quantum-workload-architecture/workloads/manifests/imported/real_dense_ring6_batched.yaml,wkl_20f4602946fe6acd,plan_801902b515f32bba,run_94557af94a20b094,0,success,quick,4,2,False,False,cuquantum_tensornet_gpu,off,0.038145942,0.254873,0.039535319,0.039535319,0.671107,17.87282,0.724725,,,,False,False
camp_0e9e80e16faae716,repeat_roi_v1,cell_11aa329a8805d230,/home/ubuntu/quantum-workload-architecture/workloads/manifests/imported/real_dense_ring6_batched.yaml,wkl_20f4602946fe6acd,plan_801902b515f32bba,run_166f19d2a0778b57,1,success,quick,4,2,False,False,cuquantum_tensornet_gpu,off,0.037932333,0.269862,0.039363529,0.039363529,0.671107,17.87282,0.724725,,,,False,False
camp_0e9e80e16faae716,repeat_roi_v1,cell_11aa329a8805d230,/home/ubuntu/quantum-workload-architecture/workloads/manifests/imported/real_dense_ring6_batched.yaml,wkl_20f4602946fe6acd,plan_801902b515f32bba,run_278d23608de98f67,2,success,quick,4,2,False,False,cuquantum_tensornet_gpu,off,0.037608732,0.254188,0.03897868,0.03897868,0.671107,17.87282,0.724725,,,,False,False
camp_0e9e80e16faae716,repeat_roi_v1,cell_11cc669064ce3ee4,/home/ubuntu/quantum-workload-architecture/workloads/manifests/imported/real_dense_ring6_amplitude.yaml,wkl_9e01192b062045b6,plan_a5c1694ed4897b53,run_20de0056a3f876af,0,success,deep,4,2,True,True,cuquantum_tensornet_gpu,off,0.043945163,0.287201,0.04549169,0.04549169,1.322506,19.805586,1.381923,,,,True,True
camp_0e9e80e16faae716,repeat_roi_v1,cell_11cc669064ce3ee4,/home/ubuntu/quantum-workload-architecture/workloads/manifests/imported/real_dense_ring6_amplitude.yaml,wkl_9e01192b062045b6,plan_a5c1694ed4897b53,run_8e3d4544cc38d7c1,1,success,deep,4,2,True,True,cuquantum_tensornet_gpu,off,0.044190111,0.278429,0.045666763,0.045666763,1.322506,19.805586,1.381923,,,,True,True
camp_0e9e80e16faae716,repeat_roi_v1,cell_11cc669064ce3ee4,/home/ubuntu/quantum-workload-architecture/workloads/manifests/imported/real_dense_ring6_amplitude.yaml,wkl_9e01192b062045b6,plan_a5c1694ed4897b53,run_c77f2573637634aa,2,success,deep,4,2,True,True,cuquantum_tensornet_gpu,off,0.043630896,0.284873,0.045081464,0.045081464,1.322506,19.805586,1.381923,,,,True,True
camp_0e9e80e16faae716,repeat_roi_v1,cell_122fe7fb0fc0f5d9,/home/ubuntu/quantum-workload-architecture/workloads/manifests/imported/real_ghz3_amplitude.yaml,wkl_34730574a768505b,plan_f152ae8c716a8079,run_470a1995fa08bab2,0,success,deep,8,2,False,False,cuquantum_tensornet_gpu,off,0.012738279,0.169837,0.013700118,0.013700118,1.224494,9.463893,1.290741,,,,True,True
camp_0e9e80e16faae716,repeat_roi_v1,cell_122fe7fb0fc0f5d9,/home/ubuntu/quantum-workload-architecture/workloads/manifests/imported/real_ghz3_amplitude.yaml,wkl_34730574a768505b,plan_f152ae8c716a8079,run_42511f1ca2490b62,1,success,deep,8,2,False,False,cuquantum_tensornet_gpu,off,0.012610723,0.162213,0.013646705,0.013646705,1.224494,9.463893,1.290741,,,,True,True
camp_0e9e80e16faae716,repeat_roi_v1,cell_122fe7fb0fc0f5d9,/home/ubuntu/quantum-workload-architecture/workloads/manifests/imported/real_ghz3_amplitude.yaml,wkl_34730574a768505b,plan_f152ae8c716a8079,run_720b2f24ee033eb9,2,success,deep,8,2,False,False,cuquantum_tensornet_gpu,off,0.01286698,0.14125,0.013777795,0.013777795,1.224494,9.463893,1.290741,,,,True,True
camp_0e9e80e16faae716,repeat_roi_v1,cell_140892a98f537211,/home/ubuntu/quantum-workload-architecture/workloads/manifests/imported/real_dense_ring6_amplitude.yaml,wkl_9e01192b062045b6,plan_da81eb75a026a5a0,run_57f342805a069759,0,success,balanced,4,2,True,True,cuquantum_tensornet_gpu,off,0.049789328,0.281124,0.051308889,0.051308889,0.702031,21.606094,0.766849,,,,False,False
camp_0e9e80e16faae716,repeat_roi_v1,cell_140892a98f537211,/home/ubuntu/quantum-workload-architecture/workloads/manifests/imported/real_dense_ring6_amplitude.yaml,wkl_9e01192b062045b6,plan_da81eb75a026a5a0,run_caea90efc15be41d,1,success,balanced,4,2,True,True,cuquantum_tensornet_gpu,off,0.04646952,0.285763,0.048046283,0.048046283,0.702031,21.606094,0.766849,,,,False,False
camp_0e9e80e16faae716,repeat_roi_v1,cell_140892a98f537211,/home/ubuntu/quantum-workload-architecture/workloads/manifests/imported/real_dense_ring6_amplitude.yaml,wkl_9e01192b062045b6,plan_da81eb75a026a5a0,run_9135e741e28609ed,2,success,balanced,4,2,True,True,cuquantum_tensornet_gpu,off,0.044091735,0.289751,0.045643742,0.045643742,0.702031,21.606094,0.766849,,,,False,False
camp_0e9e80e16faae716,repeat_roi_v1,cell_150cad56ac7702be,/home/ubuntu/quantum-workload-architecture/workloads/manifests/imported/real_dense_ring6_batched.yaml,wkl_31ef8810e7d2c00b,plan_094b5f71db331789,run_88a453353a65e722,0,success,quick,1,2,False,False,cuquantum_tensornet_gpu,off,0.038392426,0.301955,0.039879823,0.039879823,0.671107,17.87282,0.671107,,,,False,False
camp_0e9e80e16faae716,repeat_roi_v1,cell_150cad56ac7702be,/home/ubuntu/quantum-workload-architecture/workloads/manifests/imported/real_dense_ring6_batched.yaml,wkl_31ef8810e7d2c00b,plan_094b5f71db331789,run_1f262283e0d6ce1e,1,success,quick,1,2,False,False,cuquantum_tensornet_gpu,off,0.038373927,0.253535,0.039779393,0.039779393,0.671107,17.87282,0.671107,,,,False,False
camp_0e9e80e16faae716,repeat_roi_v1,cell_150cad56ac7702be,/home/ubuntu/quantum-workload-architecture/workloads/manifests/imported/real_dense_ring6_batched.yaml,wkl_31ef8810e7d2c00b,plan_094b5f71db331789,run_52e6ac83dd572374,2,success,quick,1,2,False,False,cuquantum_tensornet_gpu,off,0.038323871,0.256063,0.039744007,0.039744007,0.671107,17.87282,0.671107,,,,False,False
camp_0e9e80e16faae716,repeat_roi_v1,cell_1530e675cc9421d8,/home/ubuntu/quantum-workload-architecture/workloads/manifests/imported/real_grid_shape6_amplitude.yaml,wkl_d4fa6cd925641ea0,plan_4f1558417add5bc1,run_8fdf5c8f19d3ef91,0,success,deep,16,2,True,False,cuquantum_tensornet_gpu,off,0.045297041,0.280266,0.046772698,0.046772698,1.53861,15.081604,1.764834,,,,True,True
camp_0e9e80e16faae716,repeat_roi_v1,cell_1530e675cc9421d8,/home/ubuntu/quantum-workload-architecture/workloads/manifests/imported/real_grid_shape6_amplitude.yaml,wkl_d4fa6cd925641ea0,plan_4f1558417add5bc1,run_3e8822bb433177a9,1,success,deep,16,2,True,False,cuquantum_tensornet_gpu,off,0.047724014,0.285249,0.049251728,0.049251728,1.53861,15.081604,1.764834,,,,True,True
camp_0e9e80e16faae716,repeat_roi_v1,cell_1530e675cc9421d8,/home/ubuntu/quantum-workload-architecture/workloads/manifests/imported/real_grid_shape6_amplitude.yaml,wkl_d4fa6cd925641ea0,plan_4f1558417add5bc1,run_06dea01e025c1398,2,success,deep,16,2,True,False,cuquantum_tensornet_gpu,off,0.044889063,0.271789,0.046284316,0.046284316,1.53861,15.081604,1.764834,,,,True,True
camp_0e9e80e16faae716,repeat_roi_v1,cell_16a328f934aaecda,/home/ubuntu/quantum-workload-architecture/workloads/manifests/imported/real_dense_ring6_amplitude.yaml,wkl_fecefeb4ecb3e7d2,plan_99308f69d344dfbe,run_529fb76e1aceabd7,0,success,quick,8,2,False,True,cuquantum_tensornet_gpu,off,0.038230723,0.271989,0.039657285,0.039657285,0.599219,22.506348,0.756763,,,,False,False
camp_0e9e80e16faae716,repeat_roi_v1,cell_16a328f934aaecda,/home/ubuntu/quantum-workload-architecture/workloads/manifests/imported/real_dense_ring6_amplitude.yaml,wkl_fecefeb4ecb3e7d2,plan_99308f69d344dfbe,run_95fca60bb00e0181,1,success,quick,8,2,False,True,cuquantum_tensornet_gpu,off,0.039214315,0.281714,0.04069714,0.04069714,0.599219,22.506348,0.756763,,,,False,False
camp_0e9e80e16faae716,repeat_roi_v1,cell_16a328f934aaecda,/home/ubuntu/quantum-workload-architecture/workloads/manifests/imported/real_dense_ring6_amplitude.yaml,wkl_fecefeb4ecb3e7d2,plan_99308f69d344dfbe,run_241de39e3651a3ed,2,success,quick,8,2,False,True,cuquantum_tensornet_gpu,off,0.038072961,0.275495,0.039602969,0.039602969,0.599219,22.506348,0.756763,,,,False,False
camp_0e9e80e16faae716,repeat_roi_v1,cell_16f1afde9591144a,/home/ubuntu/quantum-workload-architecture/workloads/manifests/imported/real_dense_ring6_amplitude.yaml,wkl_9e01192b062045b6,plan_e1159ad8d9a4f508,run_c7dfc9f0985e03f9,0,success,deep,4,2,False,False,cuquantum_tensornet_gpu,off,0.03822144,0.28539,0.039771535,0.039771535,1.322506,19.805586,1.381923,,,,False,False
camp_0e9e80e16faae716,repeat_roi_v1,cell_16f1afde9591144a,/home/ubuntu/quantum-workload-architecture/workloads/manifests/imported/real_dense_ring6_amplitude.yaml,wkl_9e01192b062045b6,plan_e1159ad8d9a4f508,run_25221824addc8b81,1,success,deep,4,2,False,False,cuquantum_tensornet_gpu,off,0.038667284,0.28323,0.040188641,0.040188641,1.322506,19.805586,1.381923,,,,False,False
camp_0e9e80e16faae716,repeat_roi_v1,cell_16f1afde9591144a,/home/ubuntu/quantum-workload-architecture/workloads/manifests/imported/real_dense_ring6_amplitude.yaml,wkl_9e01192b062045b6,plan_e1159ad8d9a4f508,run_d0c7643e5148c84c,2,success,deep,4,2,False,False,cuquantum_tensornet_gpu,off,0.045591204,0.380839,0.04795794,0.04795794,1.322506,19.805586,1.381923,,,,False,False
camp_0e9e80e16faae716,repeat_roi_v1,cell_17ccbcffac2da790,/home/ubuntu/quantum-workload-architecture/workloads/manifests/imported/real_dense_ring6_batched.yaml,wkl_977f16a92f06596a,plan_d2a8db04f8976525,run_37770e3a24869e0c,0,success,deep,32,2,True,True,cuquantum_tensornet_gpu,off,0.042289731,0.26468,0.043697139,0.043697139,1.376296,12.090963,1.751116,,,,True,True
camp_0e9e80e16faae716,repeat_roi_v1,cell_17ccbcffac2da790,/home/ubuntu/quantum-workload-architecture/workloads/manifests/imported/real_dense_ring6_batched.yaml,wkl_977f16a92f06596a,plan_d2a8db04f8976525,run_ddaf68e806e52a0e,1,success,deep,32,2,True,True,cuquantum_tensornet_gpu,off,0.041938569,0.248948,0.043275589,0.043275589,1.376296,12.090963,1.751116,,,,True,True
camp_0e9e80e16faae716,repeat_roi_v1,cell_17ccbcffac2da790,/home/ubuntu/quantum-workload-architecture/workloads/manifests/imported/real_dense_ring6_batched.yaml,wkl_977f16a92f06596a,plan_d2a8db04f8976525,run_3579b553902490e4,2,success,deep,32,2,True,True,cuquantum_tensornet_gpu,off,0.042251818,0.263714,0.043736435,0.043736435,1.376296,12.090963,1.751116,,,,True,True
camp_0e9e80e16faae716,repeat_roi_v1,cell_17e67aa6be1317b3,/home/ubuntu/quantum-workload-architecture/workloads/manifests/imported/real_ghz3_amplitude.yaml,wkl_34730574a768505b,plan_fccd6bff78adcbfa,run_591fda2b0bee2608,0,success,balanced,8,2,True,True,cuquantum_tensornet_gpu,off,0.014465644,0.143025,0.015406377,0.015406377,0.554734,14.57239,0.656741,,,,False,False
camp_0e9e80e16faae716,repeat_roi_v1,cell_17e67aa6be1317b3,/home/ubuntu/quantum-workload-architecture/workloads/manifests/imported/real_ghz3_amplitude.yaml,wkl_34730574a768505b,plan_fccd6bff78adcbfa,run_39b0c95cca42e138,1,success,balanced,8,2,True,True,cuquantum_tensornet_gpu,off,0.014228897,0.144056,0.015112813,0.015112813,0.554734,14.57239,0.656741,,,,False,False
camp_0e9e80e16faae716,repeat_roi_v1,cell_17e67aa6be1317b3,/home/ubuntu/quantum-workload-architecture/workloads/manifests/imported/real_ghz3_amplitude.yaml,wkl_34730574a768505b,plan_fccd6bff78adcbfa,run_1c932ded9a1a868d,2,success,balanced,8,2,True,True,cuquantum_tensornet_gpu,off,0.014326987,0.152037,0.015275883,0.015275883,0.554734,14.57239,0.656741,,,,False,False
camp_0e9e80e16faae716,repeat_roi_v1,cell_18458d2c11a6b693,/home/ubuntu/quantum-workload-architecture/workloads/manifests/imported/real_dense_ring6_amplitude.yaml,wkl_9e01192b062045b6,plan_697bdebfbb04037f,run_9c48e560f1a68e2f,0,success,balanced,4,2,True,False,cuquantum_tensornet_gpu,off,0.044060334,0.290772,0.045616315,0.045616315,0.702031,21.606094,0.766849,,,,False,False
camp_0e9e80e16faae716,repeat_roi_v1,cell_18458d2c11a6b693,/home/ubuntu/quantum-workload-architecture/workloads/manifests/imported/real_dense_ring6_amplitude.yaml,wkl_9e01192b062045b6,plan_697bdebfbb04037f,run_6711886f6f165190,1,success,balanced,4,2,True,False,cuquantum_tensornet_gpu,off,0.043884533,0.278566,0.045368661,0.045368661,0.702031,21.606094,0.766849,,,,False,False
camp_0e9e80e16faae716,repeat_roi_v1,cell_18458d2c11a6b693,/home/ubuntu/quantum-workload-architecture/workloads/manifests/imported/real_dense_ring6_amplitude.yaml,wkl_9e01192b062045b6,plan_697bdebfbb04037f,run_06d4d959cdf5d115,2,success,balanced,4,2,True,False,cuquantum_tensornet_gpu,off,0.0438823,0.286703,0.045460947,0.045460947,0.702031,21.606094,0.766849,,,,False,False
camp_0e9e80e16faae716,repeat_roi_v1,cell_1871d06bb975c2c3,/home/ubuntu/quantum-workload-architecture/workloads/manifests/imported/real_ghz3_amplitude.yaml,wkl_e5f6794fb08543dd,plan_e007b1e09cf443b3,run_4ff4b32d993db8ae,0,success,deep,4,2,False,False,cuquantum_tensornet_gpu,off,0.012331802,0.134583,0.013234589,0.013234589,1.07912,12.823703,1.117591,,,,False,False
camp_0e9e80e16faae716,repeat_roi_v1,cell_1871d06bb975c2c3,/home/ubuntu/quantum-workload-architecture/workloads/manifests/imported/real_ghz3_amplitude.yaml,wkl_e5f6794fb08543dd,plan_e007b1e09cf443b3,run_9588ee5cb93af77d,1,success,deep,4,2,False,False,cuquantum_tensornet_gpu,off,0.012243799,0.147535,0.013136629,0.013136629,1.07912,12.823703,1.117591,,,,False,False
camp_0e9e80e16faae716,repeat_roi_v1,cell_1871d06bb975c2c3,/home/ubuntu/quantum-workload-architecture/workloads/manifests/imported/real_ghz3_amplitude.yaml,wkl_e5f6794fb08543dd,plan_e007b1e09cf443b3,run_bdd8d5286b78eded,2,success,deep,4,2,False,False,cuquantum_tensornet_gpu,off,0.0124195,0.140517,0.013348925,0.013348925,1.07912,12.823703,1.117591,,,,False,False
camp_0e9e80e16faae716,repeat_roi_v1,cell_18843c5515968377,/home/ubuntu/quantum-workload-architecture/workloads/manifests/imported/real_dense_ring6_amplitude.yaml,wkl_95071f3280d5f7eb,plan_7f525ecab369ffd9,run_9cd55dd59abbb6a2,0,success,quick,1,2,False,False,cuquantum_tensornet_gpu,off,0.03802392,0.300685,0.039525377,0.039525377,0.702031,21.606094,0.702031,,,,True,True
camp_0e9e80e16faae716,repeat_roi_v1,cell_18843c5515968377,/home/ubuntu/quantum-workload-architecture/workloads/manifests/imported/real_dense_ring6_amplitude.yaml,wkl_95071f3280d5f7eb,plan_7f525ecab369ffd9,run_a6052e7f5268d683,1,success,quick,1,2,False,False,cuquantum_tensornet_gpu,off,0.038008346,0.275807,0.039463319,0.039463319,0.702031,21.606094,0.702031,,,,True,True
camp_0e9e80e16faae716,repeat_roi_v1,cell_18843c5515968377,/home/ubuntu/quantum-workload-architecture/workloads/manifests/imported/real_dense_ring6_amplitude.yaml,wkl_95071f3280d5f7eb,plan_7f525ecab369ffd9,run_1f4eaab1fed0a850,2,success,quick,1,2,False,False,cuquantum_tensornet_gpu,off,0.037723974,0.278586,0.039168058,0.039168058,0.702031,21.606094,0.702031,,,,True,True
camp_0e9e80e16faae716,repeat_roi_v1,cell_1a7df49e7a628434,/home/ubuntu/quantum-workload-architecture/workloads/manifests/imported/real_qaoa_ring4_batched.yaml,wkl_52d115b5fe51fc4f,plan_7604ebb5770f72f8,run_d3271ce08d9ad665,0,success,quick,2,2,True,True,cuquantum_tensornet_gpu,off,0.043609943,0.253864,0.044966815,0.044966815,0.68286,18.634462,0.701494,,,,True,True
camp_0e9e80e16faae716,repeat_roi_v1,cell_1a7df49e7a628434,/home/ubuntu/quantum-workload-architecture/workloads/manifests/imported/real_qaoa_ring4_batched.yaml,wkl_52d115b5fe51fc4f,plan_7604ebb5770f72f8,run_6992c5848ed36421,1,success,quick,2,2,True,True,cuquantum_tensornet_gpu,off,0.043160851,0.246434,0.044447735,0.044447735,0.68286,18.634462,0.701494,,,,True,True
camp_0e9e80e16faae716,repeat_roi_v1,cell_1a7df49e7a628434,/home/ubuntu/quantum-workload-architecture/workloads/manifests/imported/real_qaoa_ring4_batched.yaml,wkl_52d115b5fe51fc4f,plan_7604ebb5770f72f8,run_0b3aba60c0fd097b,2,success,quick,2,2,True,True,cuquantum_tensornet_gpu,off,0.043785836,0.272578,0.045236136,0.045236136,0.68286,18.634462,0.701494,,,,True,True
camp_0e9e80e16faae716,repeat_roi_v1,cell_1b38f81509ac2c38,/home/ubuntu/quantum-workload-architecture/workloads/manifests/imported/real_dense_ring6_amplitude.yaml,wkl_fecefeb4ecb3e7d2,plan_be006feb1eedcfb0,run_d7519e91d6081b0b,0,success,deep,8,2,True,True,cuquantum_tensornet_gpu,off,0.043508136,0.28365,0.04499549,0.04499549,1.507163,14.616523,1.609479,,,,False,False
camp_0e9e80e16faae716,repeat_roi_v1,cell_1b38f81509ac2c38,/home/ubuntu/quantum-workload-architecture/workloads/manifests/imported/real_dense_ring6_amplitude.yaml,wkl_fecefeb4ecb3e7d2,plan_be006feb1eedcfb0,run_6efcbb2abfc651ef,1,success,deep,8,2,True,True,cuquantum_tensornet_gpu,off,0.043835699,0.282376,0.04526516,0.04526516,1.507163,14.616523,1.609479,,,,False,False
camp_0e9e80e16faae716,repeat_roi_v1,cell_1b38f81509ac2c38,/home/ubuntu/quantum-workload-architecture/workloads/manifests/imported/real_dense_ring6_amplitude.yaml,wkl_fecefeb4ecb3e7d2,plan_be006feb1eedcfb0,run_f14d94e0f767ba43,2,success,deep,8,2,True,True,cuquantum_tensornet_gpu,off,0.044624935,0.283129,0.046130986,0.046130986,1.507163,14.616523,1.609479,,,,False,False
camp_0e9e80e16faae716,repeat_roi_v1,cell_1cb2e43f43d9a4b8,/home/ubuntu/quantum-workload-architecture/workloads/manifests/imported/real_dense_ring6_amplitude.yaml,wkl_163dac6a7fcd636d,plan_bb5ba5f0c71b99fe,run_989da3cde63bec13,0,success,quick,32,2,True,True,cuquantum_tensornet_gpu,off,0.076657051,0.297907,0.078304662,0.078304662,0.599219,22.506348,1.296916,,,,True,True
camp_0e9e80e16faae716,repeat_roi_v1,cell_1cb2e43f43d9a4b8,/home/ubuntu/quantum-workload-architecture/workloads/manifests/imported/real_dense_ring6_amplitude.yaml,wkl_163dac6a7fcd636d,plan_bb5ba5f0c71b99fe,run_9b2cecefe84238d9,1,success,quick,32,2,True,True,cuquantum_tensornet_gpu,off,0.053319413,0.293041,0.054935233,0.054935233,0.599219,22.506348,1.296916,,,,True,True
camp_0e9e80e16faae716,repeat_roi_v1,cell_1cb2e43f43d9a4b8,/home/ubuntu/quantum-workload-architecture/workloads/manifests/imported/real_dense_ring6_amplitude.yaml,wkl_163dac6a7fcd636d,plan_bb5ba5f0c71b99fe,run_26751748c64b8ca8,2,success,quick,32,2,True,True,cuquantum_tensornet_gpu,off,0.052706502,0.307752,0.054392929,0.054392929,0.599219,22.506348,1.296916,,,,True,True
camp_0e9e80e16faae716,repeat_roi_v1,cell_1ee6b2516f0370e2,/home/ubuntu/quantum-workload-architecture/workloads/manifests/imported/real_dense_ring6_batched.yaml,wkl_e0163cd5ac336021,plan_90cd3db56129c8d8,run_1785bae4a96f8afb,0,success,quick,16,2,True,False,cuquantum_tensornet_gpu,off,0.043079186,0.258468,0.044455301,0.044455301,0.581735,18.617521,0.860998,,,,False,False
camp_0e9e80e16faae716,repeat_roi_v1,cell_1ee6b2516f0370e2,/home/ubuntu/quantum-workload-architecture/workloads/manifests/imported/real_dense_ring6_batched.yaml,wkl_e0163cd5ac336021,plan_90cd3db56129c8d8,run_810349bd9b5e040a,1,success,quick,16,2,True,False,cuquantum_tensornet_gpu,off,0.041971206,0.269854,0.043372571,0.043372571,0.581735,18.617521,0.860998,,,,False,False
camp_0e9e80e16faae716,repeat_roi_v1,cell_1ee6b2516f0370e2,/home/ubuntu/quantum-workload-architecture/workloads/manifests/imported/real_dense_ring6_batched.yaml,wkl_e0163cd5ac336021,plan_90cd3db56129c8d8,run_0b86dee0f5075c76,2,success,quick,16,2,True,False,cuquantum_tensornet_gpu,off,0.041895111,0.253062,0.04325512,0.04325512,0.581735,18.617521,0.860998,,,,False,False
camp_0e9e80e16faae716,repeat_roi_v1,cell_1f8ebf2c1e21d38e,/home/ubuntu/quantum-workload-architecture/workloads/manifests/imported/real_qaoa_ring4_batched.yaml,wkl_864119d61a67efe5,plan_bb9de8cd1d9e107b,run_efbe296f8a736ebe,0,success,balanced,16,2,True,False,cuquantum_tensornet_gpu,off,0.043592659,0.279019,0.045022957,0.045022957,0.590691,19.410898,0.881854,,,,False,False
camp_0e9e80e16faae716,repeat_roi_v1,cell_1f8ebf2c1e21d38e,/home/ubuntu/quantum-workload-architecture/workloads/manifests/imported/real_qaoa_ring4_batched.yaml,wkl_864119d61a67efe5,plan_bb9de8cd1d9e107b,run_c3bc1645e407e940,1,success,balanced,16,2,True,False,cuquantum_tensornet_gpu,off,0.043866661,0.247161,0.045200125,0.045200125,0.590691,19.410898,0.881854,,,,False,False
camp_0e9e80e16faae716,repeat_roi_v1,cell_1f8ebf2c1e21d38e,/home/ubuntu/quantum-workload-architecture/workloads/manifests/imported/real_qaoa_ring4_batched.yaml,wkl_864119d61a67efe5,plan_bb9de8cd1d9e107b,run_8c2e9114350a96e0,2,success,balanced,16,2,True,False,cuquantum_tensornet_gpu,off,0.043188551,0.247324,0.044529716,0.044529716,0.590691,19.410898,0.881854,,,,False,False
camp_0e9e80e16faae716,repeat_roi_v1,cell_1f9986675349dd02,/home/ubuntu/quantum-workload-architecture/workloads/manifests/imported/real_dense_ring6_amplitude.yaml,wkl_9e01192b062045b6,plan_c7796a5e900ac377,run_71b360cf9b13ddbd,0,success,balanced,4,2,False,True,cuquantum_tensornet_gpu,off,0.038518633,0.276369,0.039983568,0.039983568,0.702031,21.606094,0.766849,,,,False,False
camp_0e9e80e16faae716,repeat_roi_v1,cell_1f9986675349dd02,/home/ubuntu/quantum-workload-architecture/workloads/manifests/imported/real_dense_ring6_amplitude.yaml,wkl_9e01192b062045b6,plan_c7796a5e900ac377,run_8360a1612ed91687,1,success,balanced,4,2,False,True,cuquantum_tensornet_gpu,off,0.037950833,0.278296,0.039409687,0.039409687,0.702031,21.606094,0.766849,,,,False,False
camp_0e9e80e16faae716,repeat_roi_v1,cell_1f9986675349dd02,/home/ubuntu/quantum-workload-architecture/workloads/manifests/imported/real_dense_ring6_amplitude.yaml,wkl_9e01192b062045b6,plan_c7796a5e900ac377,run_de0b09254ceb36ec,2,success,balanced,4,2,False,True,cuquantum_tensornet_gpu,off,0.037959335,0.275332,0.039438498,0.039438498,0.702031,21.606094,0.766849,,,,False,False
camp_0e9e80e16faae716,repeat_roi_v1,cell_20e8a646e12c6251,/home/ubuntu/quantum-workload-architecture/workloads/manifests/imported/real_dense_ring6_batched.yaml,wkl_20f4602946fe6acd,plan_a6fe2d9ebc6c9e3e,run_5a05f263bbb80094,0,success,deep,4,2,True,False,cuquantum_tensornet_gpu,off,0.042105205,0.270912,0.043543821,0.043543821,1.21032,16.383418,1.25947,,,,False,False
camp_0e9e80e16faae716,repeat_roi_v1,cell_20e8a646e12c6251,/home/ubuntu/quantum-workload-architecture/workloads/manifests/imported/real_dense_ring6_batched.yaml,wkl_20f4602946fe6acd,plan_a6fe2d9ebc6c9e3e,run_bb31ddd682b0c096,1,success,deep,4,2,True,False,cuquantum_tensornet_gpu,off,0.042231066,0.267912,0.043603177,0.043603177,1.21032,16.383418,1.25947,,,,False,False
camp_0e9e80e16faae716,repeat_roi_v1,cell_20e8a646e12c6251,/home/ubuntu/quantum-workload-architecture/workloads/manifests/imported/real_dense_ring6_batched.yaml,wkl_20f4602946fe6acd,plan_a6fe2d9ebc6c9e3e,run_86bb538838696554,2,success,deep,4,2,True,False,cuquantum_tensornet_gpu,off,0.042005911,0.260562,0.04342019,0.04342019,1.21032,16.383418,1.25947,,,,False,False
camp_0e9e80e16faae716,repeat_roi_v1,cell_21a15960f4180e0a,/home/ubuntu/quantum-workload-architecture/workloads/manifests/imported/real_dense_ring6_batched.yaml,wkl_977f16a92f06596a,plan_881cc2b702c99968,run_2a3ffadf54fc3bc0,0,success,deep,32,2,False,True,cuquantum_tensornet_gpu,off,0.037624005,0.254124,0.039013804,0.039013804,1.376296,12.090963,1.751116,,,,False,False
camp_0e9e80e16faae716,repeat_roi_v1,cell_21a15960f4180e0a,/home/ubuntu/quantum-workload-architecture/workloads/manifests/imported/real_dense_ring6_batched.yaml,wkl_977f16a92f06596a,plan_881cc2b702c99968,run_8c05e3df79054c8f,1,success,deep,32,2,False,True,cuquantum_tensornet_gpu,off,0.037459154,0.257842,0.038848543,0.038848543,1.376296,12.090963,1.751116,,,,False,False
camp_0e9e80e16faae716,repeat_roi_v1,cell_21a15960f4180e0a,/home/ubuntu/quantum-workload-architecture/workloads/manifests/imported/real_dense_ring6_batched.yaml,wkl_977f16a92f06596a,plan_881cc2b702c99968,run_91ba0489396a7b52,2,success,deep,32,2,False,True,cuquantum_tensornet_gpu,off,0.037482818,0.269827,0.038902088,0.038902088,1.376296,12.090963,1.751116,,,,False,False
camp_0e9e80e16faae716,repeat_roi_v1,cell_22970887c4ba377b,/home/ubuntu/quantum-workload-architecture/workloads/manifests/imported/real_ghz3_amplitude.yaml,wkl_bb51d1ce54ae0af7,plan_617838cf2649c49e,run_c4e79dfffa464b0b,0,success,balanced,2,2,True,True,cuquantum_tensornet_gpu,off,0.014221817,0.142572,0.015140874,0.015140874,0.629314,13.989494,0.643303,,,,True,True
camp_0e9e80e16faae716,repeat_roi_v1,cell_22970887c4ba377b,/home/ubuntu/quantum-workload-architecture/workloads/manifests/imported/real_ghz3_amplitude.yaml,wkl_bb51d1ce54ae0af7,plan_617838cf2649c49e,run_49c36c4ac279c4ef,1,success,balanced,2,2,True,True,cuquantum_tensornet_gpu,off,0.014368384,0.145408,0.015306868,0.015306868,0.629314,13.989494,0.643303,,,,True,True
camp_0e9e80e16faae716,repeat_roi_v1,cell_22970887c4ba377b,/home/ubuntu/quantum-workload-architecture/workloads/manifests/imported/real_ghz3_amplitude.yaml,wkl_bb51d1ce54ae0af7,plan_617838cf2649c49e,run_4bd31d705fc21891,2,success,balanced,2,2,True,True,cuquantum_tensornet_gpu,off,0.014230753,0.150707,0.015142792,0.015142792,0.629314,13.989494,0.643303,,,,True,True
camp_0e9e80e16faae716,repeat_roi_v1,cell_239283b48c2601b6,/home/ubuntu/quantum-workload-architecture/workloads/manifests/imported/real_grid_shape6_amplitude.yaml,wkl_b825ad9e4287ddce,plan_070ce0c03eeb5fca,run_c2c52380ce92df5a,0,success,quick,2,2,True,False,cuquantum_tensornet_gpu,off,0.045043257,0.273657,0.046453221,0.046453221,0.715588,22.293575,0.737882,,,,True,True
camp_0e9e80e16faae716,repeat_roi_v1,cell_239283b48c2601b6,/home/ubuntu/quantum-workload-architecture/workloads/manifests/imported/real_grid_shape6_amplitude.yaml,wkl_b825ad9e4287ddce,plan_070ce0c03eeb5fca,run_556edb765cb75b9b,1,success,quick,2,2,True,False,cuquantum_tensornet_gpu,off,0.04584827,0.282919,0.047346733,0.047346733,0.715588,22.293575,0.737882,,,,True,True
camp_0e9e80e16faae716,repeat_roi_v1,cell_239283b48c2601b6,/home/ubuntu/quantum-workload-architecture/workloads/manifests/imported/real_grid_shape6_amplitude.yaml,wkl_b825ad9e4287ddce,plan_070ce0c03eeb5fca,run_61e4ebb51b1f22b0,2,success,quick,2,2,True,False,cuquantum_tensornet_gpu,off,0.04510399,0.27703,0.046515028,0.046515028,0.715588,22.293575,0.737882,,,,True,True
camp_0e9e80e16faae716,repeat_roi_v1,cell_2395a275f2b15bc8,/home/ubuntu/quantum-workload-architecture/workloads/manifests/imported/real_ghz3_amplitude.yaml,wkl_5361a0b920fc4e05,plan_d7fb7567878c824b,run_24791caaa97bdbfc,0,success,deep,1,2,False,False,cuquantum_tensornet_gpu,off,0.012570686,0.144146,0.013516747,0.013516747,1.07912,12.823703,1.07912,,,,False,False
camp_0e9e80e16faae716,repeat_roi_v1,cell_2395a275f2b15bc8,/home/ubuntu/quantum-workload-architecture/workloads/manifests/imported/real_ghz3_amplitude.yaml,wkl_5361a0b920fc4e05,plan_d7fb7567878c824b,run_48f2bdf1566c3bd2,1,success,deep,1,2,False,False,cuquantum_tensornet_gpu,off,0.012689129,0.141731,0.013603063,0.013603063,1.07912,12.823703,1.07912,,,,False,False
camp_0e9e80e16faae716,repeat_roi_v1,cell_2395a275f2b15bc8,/home/ubuntu/quantum-workload-architecture/workloads/manifests/imported/real_ghz3_amplitude.yaml,wkl_5361a0b920fc4e05,plan_d7fb7567878c824b,run_850c96149561944a,2,success,deep,1,2,False,False,cuquantum_tensornet_gpu,off,0.013191054,0.158122,0.014231435,0.014231435,1.07912,12.823703,1.07912,,,,False,False
camp_0e9e80e16faae716,repeat_roi_v1,cell_2462febf0c12b9fe,/home/ubuntu/quantum-workload-architecture/workloads/manifests/imported/real_ghz3_amplitude.yaml,wkl_d79599df853f9a2e,plan_8fd90af07649748c,run_666447c6afed54e3,0,success,quick,16,2,True,False,cuquantum_tensornet_gpu,off,0.014479583,0.143272,0.01540466,0.01540466,0.554734,14.57239,0.77332,,,,False,False
camp_0e9e80e16faae716,repeat_roi_v1,cell_2462febf0c12b9fe,/home/ubuntu/quantum-workload-architecture/workloads/manifests/imported/real_ghz3_amplitude.yaml,wkl_d79599df853f9a2e,plan_8fd90af07649748c,run_9a2ac0ba76d15bc9,1,success,quick,16,2,True,False,cuquantum_tensornet_gpu,off,0.01418782,0.160201,0.015117242,0.015117242,0.554734,14.57239,0.77332,,,,False,False
camp_0e9e80e16faae716,repeat_roi_v1,cell_2462febf0c12b9fe,/home/ubuntu/quantum-workload-architecture/workloads/manifests/imported/real_ghz3_amplitude.yaml,wkl_d79599df853f9a2e,plan_8fd90af07649748c,run_b80eabf2e31b948b,2,success,quick,16,2,True,False,cuquantum_tensornet_gpu,off,0.014391588,0.143371,0.015327651,0.015327651,0.554734,14.57239,0.77332,,,,False,False
camp_0e9e80e16faae716,repeat_roi_v1,cell_249a34a66320e637,/home/ubuntu/quantum-workload-architecture/workloads/manifests/imported/real_grid_shape6_amplitude.yaml,wkl_fc0e5b8c90c09068,plan_120cedeabf3fef88,run_31436438e117a6d0,0,success,balanced,8,2,False,True,cuquantum_tensornet_gpu,off,0.040218696,0.281382,0.041723658,0.041723658,0.61037,23.222474,0.772927,,,,False,False
camp_0e9e80e16faae716,repeat_roi_v1,cell_249a34a66320e637,/home/ubuntu/quantum-workload-architecture/workloads/manifests/imported/real_grid_shape6_amplitude.yaml,wkl_fc0e5b8c90c09068,plan_120cedeabf3fef88,run_949cd3b6be36cd69,1,success,balanced,8,2,False,True,cuquantum_tensornet_gpu,off,0.040052481,0.279285,0.041531328,0.041531328,0.61037,23.222474,0.772927,,,,False,False
camp_0e9e80e16faae716,repeat_roi_v1,cell_249a34a66320e637,/home/ubuntu/quantum-workload-architecture/workloads/manifests/imported/real_grid_shape6_amplitude.yaml,wkl_fc0e5b8c90c09068,plan_120cedeabf3fef88,run_3a333767e0e08aa2,2,success,balanced,8,2,False,True,cuquantum_tensornet_gpu,off,0.039851009,0.28337,0.041359474,0.041359474,0.61037,23.222474,0.772927,,,,False,False
camp_0e9e80e16faae716,repeat_roi_v1,cell_2593ab1c3c7e89e1,/home/ubuntu/quantum-workload-architecture/workloads/manifests/imported/real_grid_shape6_amplitude.yaml,wkl_d4fa6cd925641ea0,plan_d9d2d9c200c92b62,run_7bd2c799220b4bff,0,success,quick,16,2,False,False,cuquantum_tensornet_gpu,off,0.04016404,0.285544,0.041653605,0.041653605,0.61037,23.222474,0.958707,,,,False,False
camp_0e9e80e16faae716,repeat_roi_v1,cell_2593ab1c3c7e89e1,/home/ubuntu/quantum-workload-architecture/workloads/manifests/imported/real_grid_shape6_amplitude.yaml,wkl_d4fa6cd925641ea0,plan_d9d2d9c200c92b62,run_6b6c498f35eeadab,1,success,quick,16,2,False,False,cuquantum_tensornet_gpu,off,0.040291155,0.27657,0.041768776,0.041768776,0.61037,23.222474,0.958707,,,,False,False
camp_0e9e80e16faae716,repeat_roi_v1,cell_2593ab1c3c7e89e1,/home/ubuntu/quantum-workload-architecture/workloads/manifests/imported/real_grid_shape6_amplitude.yaml,wkl_d4fa6cd925641ea0,plan_d9d2d9c200c92b62,run_42d2eedc60b17595,2,success,quick,16,2,False,False,cuquantum_tensornet_gpu,off,0.040687541,0.283609,0.042198937,0.042198937,0.61037,23.222474,0.958707,,,,False,False
camp_0e9e80e16faae716,repeat_roi_v1,cell_273253a38fe45047,/home/ubuntu/quantum-workload-architecture/workloads/manifests/imported/real_qaoa_ring4_batched.yaml,wkl_ba3875dd3ccf7480,plan_ca505558b79275bf,run_dfb61d40c8aa6726,0,success,deep,32,2,True,False,cuquantum_tensornet_gpu,off,0.043246598,0.247568,0.044593461,0.044593461,1.408852,12.606214,1.799645,,,,False,False
camp_0e9e80e16faae716,repeat_roi_v1,cell_273253a38fe45047,/home/ubuntu/quantum-workload-architecture/workloads/manifests/imported/real_qaoa_ring4_batched.yaml,wkl_ba3875dd3ccf7480,plan_ca505558b79275bf,run_f2f9fe8ee43c073e,1,success,deep,32,2,True,False,cuquantum_tensornet_gpu,off,0.04359455,0.246837,0.044929533,0.044929533,1.408852,12.606214,1.799645,,,,False,False
camp_0e9e80e16faae716,repeat_roi_v1,cell_273253a38fe45047,/home/ubuntu/quantum-workload-architecture/workloads/manifests/imported/real_qaoa_ring4_batched.yaml,wkl_ba3875dd3ccf7480,plan_ca505558b79275bf,run_62623d45f4435e16,2,success,deep,32,2,True,False,cuquantum_tensornet_gpu,off,0.043178513,0.265744,0.044545746,0.044545746,1.408852,12.606214,1.799645,,,,False,False
camp_0e9e80e16faae716,repeat_roi_v1,cell_2ab8f3cf5c72dc3c,/home/ubuntu/quantum-workload-architecture/workloads/manifests/imported/real_dense_ring6_batched.yaml,wkl_31ef8810e7d2c00b,plan_5501c39e293c522e,run_4bbc1e9a9e414b54,0,success,deep,1,2,False,True,cuquantum_tensornet_gpu,off,0.037930899,0.257798,0.039307682,0.039307682,1.21032,16.383418,1.21032,,,,False,False
camp_0e9e80e16faae716,repeat_roi_v1,cell_2ab8f3cf5c72dc3c,/home/ubuntu/quantum-workload-architecture/workloads/manifests/imported/real_dense_ring6_batched.yaml,wkl_31ef8810e7d2c00b,plan_5501c39e293c522e,run_55f457b9820d8b30,1,success,deep,1,2,False,True,cuquantum_tensornet_gpu,off,0.037777026,0.269287,0.039197075,0.039197075,1.21032,16.383418,1.21032,,,,False,False
camp_0e9e80e16faae716,repeat_roi_v1,cell_2ab8f3cf5c72dc3c,/home/ubuntu/quantum-workload-architecture/workloads/manifests/imported/real_dense_ring6_batched.yaml,wkl_31ef8810e7d2c00b,plan_5501c39e293c522e,run_8ac19810bd130458,2,success,deep,1,2,False,True,cuquantum_tensornet_gpu,off,0.037694642,0.271681,0.039125218,0.039125218,1.21032,16.383418,1.21032,,,,False,False
camp_0e9e80e16faae716,repeat_roi_v1,cell_2bd8d8b72424e83e,/home/ubuntu/quantum-workload-architecture/workloads/manifests/imported/real_qaoa_ring4_batched.yaml,wkl_19ca61869000401d,plan_d02053270c5b5f2c,run_ab1680e692c8dcba,0,success,quick,4,2,True,False,cuquantum_tensornet_gpu,off,0.043941174,0.310052,0.045430121,0.045430121,0.68286,18.634462,0.738763,,,,False,False
camp_0e9e80e16faae716,repeat_roi_v1,cell_2bd8d8b72424e83e,/home/ubuntu/quantum-workload-architecture/workloads/manifests/imported/real_qaoa_ring4_batched.yaml,wkl_19ca61869000401d,plan_d02053270c5b5f2c,run_f4648e7734b20e51,1,success,quick,4,2,True,False,cuquantum_tensornet_gpu,off,0.044589515,0.252868,0.045945072,0.045945072,0.68286,18.634462,0.738763,,,,False,False
camp_0e9e80e16faae716,repeat_roi_v1,cell_2bd8d8b72424e83e,/home/ubuntu/quantum-workload-architecture/workloads/manifests/imported/real_qaoa_ring4_batched.yaml,wkl_19ca61869000401d,plan_d02053270c5b5f2c,run_103bace3a185a2d6,2,success,quick,4,2,True,False,cuquantum_tensornet_gpu,off,0.044249201,0.252869,0.045603042,0.045603042,0.68286,18.634462,0.738763,,,,False,False
camp_0e9e80e16faae716,repeat_roi_v1,cell_2c8c5b0ea861bb65,/home/ubuntu/quantum-workload-architecture/workloads/manifests/imported/real_ghz3_amplitude.yaml,wkl_aba637ae8beeb019,plan_d99a497dbc7d231d,run_dc9da8c801c960c5,0,success,quick,32,2,True,True,cuquantum_tensornet_gpu,off,0.01404695,0.13743,0.014943673,0.014943673,0.554734,14.57239,1.006478,,,,False,False
camp_0e9e80e16faae716,repeat_roi_v1,cell_2c8c5b0ea861bb65,/home/ubuntu/quantum-workload-architecture/workloads/manifests/imported/real_ghz3_amplitude.yaml,wkl_aba637ae8beeb019,plan_d99a497dbc7d231d,run_d477259c8faca030,1,success,quick,32,2,True,True,cuquantum_tensornet_gpu,off,0.014439549,0.148137,0.015346785,0.015346785,0.554734,14.57239,1.006478,,,,False,False
camp_0e9e80e16faae716,repeat_roi_v1,cell_2c8c5b0ea861bb65,/home/ubuntu/quantum-workload-architecture/workloads/manifests/imported/real_ghz3_amplitude.yaml,wkl_aba637ae8beeb019,plan_d99a497dbc7d231d,run_5765911f62677eaf,2,success,quick,32,2,True,True,cuquantum_tensornet_gpu,off,0.01420612,0.141568,0.015108371,0.015108371,0.554734,14.57239,1.006478,,,,False,False
camp_0e9e80e16faae716,repeat_roi_v1,cell_2cccbe9f43f5001e,/home/ubuntu/quantum-workload-architecture/workloads/manifests/imported/real_dense_ring6_batched.yaml,wkl_31ef8810e7d2c00b,plan_fdc2de8929e73287,run_f044df07b4b372cc,0,success,deep,1,2,True,True,cuquantum_tensornet_gpu,off,0.042004131,0.26052,0.043387663,0.043387663,1.21032,16.383418,1.21032,,,,False,False
camp_0e9e80e16faae716,repeat_roi_v1,cell_2cccbe9f43f5001e,/home/ubuntu/quantum-workload-architecture/workloads/manifests/imported/real_dense_ring6_batched.yaml,wkl_31ef8810e7d2c00b,plan_fdc2de8929e73287,run_416c688fa5512310,1,success,deep,1,2,True,True,cuquantum_tensornet_gpu,off,0.041706929,0.263133,0.043126125,0.043126125,1.21032,16.383418,1.21032,,,,False,False
camp_0e9e80e16faae716,repeat_roi_v1,cell_2cccbe9f43f5001e,/home/ubuntu/quantum-workload-architecture/workloads/manifests/imported/real_dense_ring6_batched.yaml,wkl_31ef8810e7d2c00b,plan_fdc2de8929e73287,run_7044e80ad816af9f,2,success,deep,1,2,True,True,cuquantum_tensornet_gpu,off,0.041764031,0.259888,0.043102263,0.043102263,1.21032,16.383418,1.21032,,,,False,False
camp_0e9e80e16faae716,repeat_roi_v1,cell_2d268e1c1c8446f8,/home/ubuntu/quantum-workload-architecture/workloads/manifests/imported/real_qaoa_ring4_batched.yaml,wkl_19ca61869000401d,plan_586067ba264fbd64,run_552498e7c096860a,0,success,balanced,4,2,True,True,cuquantum_tensornet_gpu,off,0.043592789,0.276587,0.045100952,0.045100952,0.68286,18.634462,0.738763,,,,False,False
camp_0e9e80e16faae716,repeat_roi_v1,cell_2d268e1c1c8446f8,/home/ubuntu/quantum-workload-architecture/workloads/manifests/imported/real_qaoa_ring4_batched.yaml,wkl_19ca61869000401d,plan_586067ba264fbd64,run_33dc0f03ae2f8a94,1,success,balanced,4,2,True,True,cuquantum_tensornet_gpu,off,0.043695877,0.248962,0.04503638,0.04503638,0.68286,18.634462,0.738763,,,,False,False
camp_0e9e80e16faae716,repeat_roi_v1,cell_2d268e1c1c8446f8,/home/ubuntu/quantum-workload-architecture/workloads/manifests/imported/real_qaoa_ring4_batched.yaml,wkl_19ca61869000401d,plan_586067ba264fbd64,run_31b747ccc136c6a9,2,success,balanced,4,2,True,True,cuquantum_tensornet_gpu,off,0.043408563,0.252439,0.044766789,0.044766789,0.68286,18.634462,0.738763,,,,False,False
camp_0e9e80e16faae716,repeat_roi_v1,cell_2dbdc895fbd52b35,/home/ubuntu/quantum-workload-architecture/workloads/manifests/imported/real_ghz3_amplitude.yaml,wkl_5361a0b920fc4e05,plan_862c13b82c0cbc56,run_78158d1f64fbe365,0,success,balanced,1,2,True,False,cuquantum_tensornet_gpu,off,0.014406113,0.148996,0.015332278,0.015332278,0.629314,13.989494,0.629314,,,,False,False
camp_0e9e80e16faae716,repeat_roi_v1,cell_2dbdc895fbd52b35,/home/ubuntu/quantum-workload-architecture/workloads/manifests/imported/real_ghz3_amplitude.yaml,wkl_5361a0b920fc4e05,plan_862c13b82c0cbc56,run_89752d43cb5cfaf2,1,success,balanced,1,2,True,False,cuquantum_tensornet_gpu,off,0.014202311,0.144079,0.015123167,0.015123167,0.629314,13.989494,0.629314,,,,False,False
camp_0e9e80e16faae716,repeat_roi_v1,cell_2dbdc895fbd52b35,/home/ubuntu/quantum-workload-architecture/workloads/manifests/imported/real_ghz3_amplitude.yaml,wkl_5361a0b920fc4e05,plan_862c13b82c0cbc56,run_9c089ad1a0a8353e,2,success,balanced,1,2,True,False,cuquantum_tensornet_gpu,off,0.014399727,0.135273,0.015286764,0.015286764,0.629314,13.989494,0.629314,,,,False,False
camp_0e9e80e16faae716,repeat_roi_v1,cell_2e3a90668f4b96ff,/home/ubuntu/quantum-workload-architecture/workloads/manifests/imported/real_dense_ring6_amplitude.yaml,wkl_95071f3280d5f7eb,plan_2bfc0d716653e3cc,run_60a6167009eda716,0,success,deep,1,2,False,True,cuquantum_tensornet_gpu,off,0.041330519,0.281833,0.042830915,0.042830915,1.322506,19.805586,1.322506,,,,False,False
camp_0e9e80e16faae716,repeat_roi_v1,cell_2e3a90668f4b96ff,/home/ubuntu/quantum-workload-architecture/workloads/manifests/imported/real_dense_ring6_amplitude.yaml,wkl_95071f3280d5f7eb,plan_2bfc0d716653e3cc,run_e2265b233052ac75,1,success,deep,1,2,False,True,cuquantum_tensornet_gpu,off,0.038767008,0.27378,0.040261006,0.040261006,1.322506,19.805586,1.322506,,,,False,False
camp_0e9e80e16faae716,repeat_roi_v1,cell_2e3a90668f4b96ff,/home/ubuntu/quantum-workload-architecture/workloads/manifests/imported/real_dense_ring6_amplitude.yaml,wkl_95071f3280d5f7eb,plan_2bfc0d716653e3cc,run_31afa829c287c8f3,2,success,deep,1,2,False,True,cuquantum_tensornet_gpu,off,0.038354043,0.30252,0.03988618,0.03988618,1.322506,19.805586,1.322506,,,,False,False
camp_0e9e80e16faae716,repeat_roi_v1,cell_2ed348ffafa36111,/home/ubuntu/quantum-workload-architecture/workloads/manifests/imported/real_qaoa_ring4_batched.yaml,wkl_52d115b5fe51fc4f,plan_8bb51fea339497b0,run_c927036dd047946c,0,success,balanced,2,2,True,True,cuquantum_tensornet_gpu,off,0.043371504,0.257288,0.044711809,0.044711809,0.68286,18.634462,0.701494,,,,False,False
camp_0e9e80e16faae716,repeat_roi_v1,cell_2ed348ffafa36111,/home/ubuntu/quantum-workload-architecture/workloads/manifests/imported/real_qaoa_ring4_batched.yaml,wkl_52d115b5fe51fc4f,plan_8bb51fea339497b0,run_6e3c67a11f900094,1,success,balanced,2,2,True,True,cuquantum_tensornet_gpu,off,0.043396553,0.255491,0.044776164,0.044776164,0.68286,18.634462,0.701494,,,,False,False
camp_0e9e80e16faae716,repeat_roi_v1,cell_2ed348ffafa36111,/home/ubuntu/quantum-workload-architecture/workloads/manifests/imported/real_qaoa_ring4_batched.yaml,wkl_52d115b5fe51fc4f,plan_8bb51fea339497b0,run_7b094e206f794c7e,2,success,balanced,2,2,True,True,cuquantum_tensornet_gpu,off,0.043566825,0.251902,0.045006576,0.045006576,0.68286,18.634462,0.701494,,,,False,False
camp_0e9e80e16faae716,repeat_roi_v1,cell_2f599603f4c32e5b,/home/ubuntu/quantum-workload-architecture/workloads/manifests/imported/real_dense_ring6_batched.yaml,wkl_50dd86db6abd0bfa,plan_91ab17b4dc60569a,run_7cb5753a262a065e,0,success,quick,8,2,True,False,cuquantum_tensornet_gpu,off,0.041787425,0.266984,0.043275299,0.043275299,0.581735,18.617521,0.712058,,,,False,False
camp_0e9e80e16faae716,repeat_roi_v1,cell_2f599603f4c32e5b,/home/ubuntu/quantum-workload-architecture/workloads/manifests/imported/real_dense_ring6_batched.yaml,wkl_50dd86db6abd0bfa,plan_91ab17b4dc60569a,run_9f92b66c5ca674b2,1,success,quick,8,2,True,False,cuquantum_tensornet_gpu,off,0.041686708,0.255792,0.04304879,0.04304879,0.581735,18.617521,0.712058,,,,False,False
camp_0e9e80e16faae716,repeat_roi_v1,cell_2f599603f4c32e5b,/home/ubuntu/quantum-workload-architecture/workloads/manifests/imported/real_dense_ring6_batched.yaml,wkl_50dd86db6abd0bfa,plan_91ab17b4dc60569a,run_54c4526ced423f7f,2,success,quick,8,2,True,False,cuquantum_tensornet_gpu,off,0.04148855,0.254648,0.042849521,0.042849521,0.581735,18.617521,0.712058,,,,False,False
camp_0e9e80e16faae716,repeat_roi_v1,cell_3039970e44b2e6cd,/home/ubuntu/quantum-workload-architecture/workloads/manifests/imported/real_grid_shape6_amplitude.yaml,wkl_75d3c6900c0116f4,plan_5d2177f714c5f9bc,run_4715fbcdeae5c6f3,0,success,deep,1,2,True,True,cuquantum_tensornet_gpu,off,0.045080354,0.286208,0.046557227,0.046557227,1.350612,20.435777,1.350612,,,,False,False
camp_0e9e80e16faae716,repeat_roi_v1,cell_3039970e44b2e6cd,/home/ubuntu/quantum-workload-architecture/workloads/manifests/imported/real_grid_shape6_amplitude.yaml,wkl_75d3c6900c0116f4,plan_5d2177f714c5f9bc,run_a19636fea20ddb42,1,success,deep,1,2,True,True,cuquantum_tensornet_gpu,off,0.046594114,0.277102,0.048056175,0.048056175,1.350612,20.435777,1.350612,,,,False,False
camp_0e9e80e16faae716,repeat_roi_v1,cell_3039970e44b2e6cd,/home/ubuntu/quantum-workload-architecture/workloads/manifests/imported/real_grid_shape6_amplitude.yaml,wkl_75d3c6900c0116f4,plan_5d2177f714c5f9bc,run_4d96a16afc2ba497,2,success,deep,1,2,True,True,cuquantum_tensornet_gpu,off,0.045892355,0.273081,0.047290308,0.047290308,1.350612,20.435777,1.350612,,,,False,False
camp_0e9e80e16faae716,repeat_roi_v1,cell_32663b2fee8822e1,/home/ubuntu/quantum-workload-architecture/workloads/manifests/imported/real_dense_ring6_amplitude.yaml,wkl_97d47d38f2d87b66,plan_d969678df9eae2b3,run_7d4c3d2766fb81c7,0,success,balanced,16,2,False,True,cuquantum_tensornet_gpu,off,0.038330001,0.290836,0.03987911,0.03987911,0.599219,22.506348,0.936814,,,,True,True
camp_0e9e80e16faae716,repeat_roi_v1,cell_32663b2fee8822e1,/home/ubuntu/quantum-workload-architecture/workloads/manifests/imported/real_dense_ring6_amplitude.yaml,wkl_97d47d38f2d87b66,plan_d969678df9eae2b3,run_eaa2663375a4378c,1,success,balanced,16,2,False,True,cuquantum_tensornet_gpu,off,0.039233805,0.278633,0.040737261,0.040737261,0.599219,22.506348,0.936814,,,,True,True
camp_0e9e80e16faae716,repeat_roi_v1,cell_32663b2fee8822e1,/home/ubuntu/quantum-workload-architecture/workloads/manifests/imported/real_dense_ring6_amplitude.yaml,wkl_97d47d38f2d87b66,plan_d969678df9eae2b3,run_c45b8afff821fa0d,2,success,balanced,16,2,False,True,cuquantum_tensornet_gpu,off,0.038514866,0.276675,0.04003301,0.04003301,0.599219,22.506348,0.936814,,,,True,True
camp_0e9e80e16faae716,repeat_roi_v1,cell_329cc28a0c2c12f9,/home/ubuntu/quantum-workload-architecture/workloads/manifests/imported/real_ghz3_amplitude.yaml,wkl_d79599df853f9a2e,plan_c880890a19286f7c,run_b8cc3d5e50feab93,0,success,deep,16,2,True,True,cuquantum_tensornet_gpu,off,0.01398518,0.139342,0.014838385,0.014838385,1.224494,9.463893,1.366452,,,,False,False
camp_0e9e80e16faae716,repeat_roi_v1,cell_329cc28a0c2c12f9,/home/ubuntu/quantum-workload-architecture/workloads/manifests/imported/real_ghz3_amplitude.yaml,wkl_d79599df853f9a2e,plan_c880890a19286f7c,run_380ad57acfc240dc,1,success,deep,16,2,True,True,cuquantum_tensornet_gpu,off,0.014018884,0.143581,0.014951262,0.014951262,1.224494,9.463893,1.366452,,,,False,False
camp_0e9e80e16faae716,repeat_roi_v1,cell_329cc28a0c2c12f9,/home/ubuntu/quantum-workload-architecture/workloads/manifests/imported/real_ghz3_amplitude.yaml,wkl_d79599df853f9a2e,plan_c880890a19286f7c,run_a83d2a2aba1feef3,2,success,deep,16,2,True,True,cuquantum_tensornet_gpu,off,0.014105633,0.134609,0.014965747,0.014965747,1.224494,9.463893,1.366452,,,,False,False
camp_0e9e80e16faae716,repeat_roi_v1,cell_32dd77e6a7f408b4,/home/ubuntu/quantum-workload-architecture/workloads/manifests/imported/real_dense_ring6_batched.yaml,wkl_50dd86db6abd0bfa,plan_1c874bff09b5f87c,run_90d7f94207b5ee39,0,success,balanced,8,2,False,False,cuquantum_tensornet_gpu,off,0.03915175,0.259092,0.040611121,0.040611121,0.581735,18.617521,0.712058,,,,False,False
camp_0e9e80e16faae716,repeat_roi_v1,cell_32dd77e6a7f408b4,/home/ubuntu/quantum-workload-architecture/workloads/manifests/imported/real_dense_ring6_batched.yaml,wkl_50dd86db6abd0bfa,plan_1c874bff09b5f87c,run_dc480e30ad96c8f6,1,success,balanced,8,2,False,False,cuquantum_tensornet_gpu,off,0.03824575,0.262806,0.039653709,0.039653709,0.581735,18.617521,0.712058,,,,False,False
camp_0e9e80e16faae716,repeat_roi_v1,cell_32dd77e6a7f408b4,/home/ubuntu/quantum-workload-architecture/workloads/manifests/imported/real_dense_ring6_batched.yaml,wkl_50dd86db6abd0bfa,plan_1c874bff09b5f87c,run_a0d892bad134ec69,2,success,balanced,8,2,False,False,cuquantum_tensornet_gpu,off,0.038559328,0.257209,0.040012325,0.040012325,0.581735,18.617521,0.712058,,,,False,False
camp_0e9e80e16faae716,repeat_roi_v1,cell_346f623d55314a31,/home/ubuntu/quantum-workload-architecture/workloads/manifests/imported/real_dense_ring6_amplitude.yaml,wkl_9e01192b062045b6,plan_408325ed8e1a2143,run_35dc137b2b10ce4a,0,success,quick,4,2,True,True,cuquantum_tensornet_gpu,off,0.043548,0.291911,0.045069348,0.045069348,0.702031,21.606094,0.766849,,,,False,False
camp_0e9e80e16faae716,repeat_roi_v1,cell_346f623d55314a31,/home/ubuntu/quantum-workload-architecture/workloads/manifests/imported/real_dense_ring6_amplitude.yaml,wkl_9e01192b062045b6,plan_408325ed8e1a2143,run_00f1b231e6145202,1,success,quick,4,2,True,True,cuquantum_tensornet_gpu,off,0.043664248,0.28495,0.045186813,0.045186813,0.702031,21.606094,0.766849,,,,False,False
camp_0e9e80e16faae716,repeat_roi_v1,cell_346f623d55314a31,/home/ubuntu/quantum-workload-architecture/workloads/manifests/imported/real_dense_ring6_amplitude.yaml,wkl_9e01192b062045b6,plan_408325ed8e1a2143,run_9d0fa3bc0f5273b1,2,success,quick,4,2,True,True,cuquantum_tensornet_gpu,off,0.043826331,0.286775,0.045351789,0.045351789,0.702031,21.606094,0.766849,,,,False,False
camp_0e9e80e16faae716,repeat_roi_v1,cell_370906a2623dd2be,/home/ubuntu/quantum-workload-architecture/workloads/manifests/imported/real_ghz3_amplitude.yaml,wkl_d79599df853f9a2e,plan_e6ca05f566b97122,run_7a090be5402bf270,0,success,balanced,16,2,False,True,cuquantum_tensornet_gpu,off,0.012409814,0.144721,0.013360258,0.013360258,0.554734,14.57239,0.77332,,,,False,False
camp_0e9e80e16faae716,repeat_roi_v1,cell_370906a2623dd2be,/home/ubuntu/quantum-workload-architecture/workloads/manifests/imported/real_ghz3_amplitude.yaml,wkl_d79599df853f9a2e,plan_e6ca05f566b97122,run_57cb0084227f6db3,1,success,balanced,16,2,False,True,cuquantum_tensornet_gpu,off,0.012286153,0.13606,0.013175367,0.013175367,0.554734,14.57239,0.77332,,,,False,False
camp_0e9e80e16faae716,repeat_roi_v1,cell_370906a2623dd2be,/home/ubuntu/quantum-workload-architecture/workloads/manifests/imported/real_ghz3_amplitude.yaml,wkl_d79599df853f9a2e,plan_e6ca05f566b97122,run_1f0d8d76c8988d2c,2,success,balanced,16,2,False,True,cuquantum_tensornet_gpu,off,0.012461153,0.166181,0.013447889,0.013447889,0.554734,14.57239,0.77332,,,,False,False
camp_0e9e80e16faae716,repeat_roi_v1,cell_38508aea6dd39e12,/home/ubuntu/quantum-workload-architecture/workloads/manifests/imported/real_qaoa_ring4_batched.yaml,wkl_19ca61869000401d,plan_619f167fdf98ff0a,run_f5ab2c7680d78b67,0,success,balanced,4,2,False,True,cuquantum_tensornet_gpu,off,0.038650632,0.256219,0.040038826,0.040038826,0.68286,18.634462,0.738763,,,,False,False
camp_0e9e80e16faae716,repeat_roi_v1,cell_38508aea6dd39e12,/home/ubuntu/quantum-workload-architecture/workloads/manifests/imported/real_qaoa_ring4_batched.yaml,wkl_19ca61869000401d,plan_619f167fdf98ff0a,run_529abc882795846f,1,success,balanced,4,2,False,True,cuquantum_tensornet_gpu,off,0.039148674,0.25147,0.040509871,0.040509871,0.68286,18.634462,0.738763,,,,False,False
camp_0e9e80e16faae716,repeat_roi_v1,cell_38508aea6dd39e12,/home/ubuntu/quantum-workload-architecture/workloads/manifests/imported/real_qaoa_ring4_batched.yaml,wkl_19ca61869000401d,plan_619f167fdf98ff0a,run_bf2ccce656732bf3,2,success,balanced,4,2,False,True,cuquantum_tensornet_gpu,off,0.039008532,0.251763,0.040416972,0.040416972,0.68286,18.634462,0.738763,,,,False,False
camp_0e9e80e16faae716,repeat_roi_v1,cell_38ca1ae5d18ac87c,/home/ubuntu/quantum-workload-architecture/workloads/manifests/imported/real_grid_shape6_amplitude.yaml,wkl_75d3c6900c0116f4,plan_d652f93b02abe99b,run_03192609332ab50e,0,success,balanced,1,2,True,False,cuquantum_tensornet_gpu,off,0.045283141,0.281355,0.046751928,0.046751928,0.715588,22.293575,0.715588,,,,False,False
camp_0e9e80e16faae716,repeat_roi_v1,cell_38ca1ae5d18ac87c,/home/ubuntu/quantum-workload-architecture/workloads/manifests/imported/real_grid_shape6_amplitude.yaml,wkl_75d3c6900c0116f4,plan_d652f93b02abe99b,run_49a78d75bab3fdfb,1,success,balanced,1,2,True,False,cuquantum_tensornet_gpu,off,0.044829698,0.280494,0.046260771,0.046260771,0.715588,22.293575,0.715588,,,,False,False
camp_0e9e80e16faae716,repeat_roi_v1,cell_38ca1ae5d18ac87c,/home/ubuntu/quantum-workload-architecture/workloads/manifests/imported/real_grid_shape6_amplitude.yaml,wkl_75d3c6900c0116f4,plan_d652f93b02abe99b,run_ae12b9b1f3844ba4,2,success,balanced,1,2,True,False,cuquantum_tensornet_gpu,off,0.045435647,0.286233,0.046983608,0.046983608,0.715588,22.293575,0.715588,,,,False,False
camp_0e9e80e16faae716,repeat_roi_v1,cell_38cf7b764d1895df,/home/ubuntu/quantum-workload-architecture/workloads/manifests/imported/real_grid_shape6_amplitude.yaml,wkl_fc0e5b8c90c09068,plan_cd09c34df6a46521,run_8f4ec173529a8472,0,success,deep,8,2,False,True,cuquantum_tensornet_gpu,off,0.040303179,0.291398,0.04187751,0.04187751,1.53861,15.081604,1.644181,,,,False,False
camp_0e9e80e16faae716,repeat_roi_v1,cell_38cf7b764d1895df,/home/ubuntu/quantum-workload-architecture/workloads/manifests/imported/real_grid_shape6_amplitude.yaml,wkl_fc0e5b8c90c09068,plan_cd09c34df6a46521,run_40193d06ff0b4080,1,success,deep,8,2,False,True,cuquantum_tensornet_gpu,off,0.040036807,0.274095,0.041461007,0.041461007,1.53861,15.081604,1.644181,,,,False,False
camp_0e9e80e16faae716,repeat_roi_v1,cell_38cf7b764d1895df,/home/ubuntu/quantum-workload-architecture/workloads/manifests/imported/real_grid_shape6_amplitude.yaml,wkl_fc0e5b8c90c09068,plan_cd09c34df6a46521,run_af8e957c4b2f560a,2,success,deep,8,2,False,True,cuquantum_tensornet_gpu,off,0.040123055,0.273421,0.041587379,0.041587379,1.53861,15.081604,1.644181,,,,False,False
camp_0e9e80e16faae716,repeat_roi_v1,cell_39dba1d284d56896,/home/ubuntu/quantum-workload-architecture/workloads/manifests/imported/real_grid_shape6_amplitude.yaml,wkl_d4fa6cd925641ea0,plan_e1898df07b0e1bd6,run_4bc82d5d7a6adc9a,0,success,deep,16,2,False,True,cuquantum_tensornet_gpu,off,0.039983443,0.272977,0.041452879,0.041452879,1.53861,15.081604,1.764834,,,,False,False
camp_0e9e80e16faae716,repeat_roi_v1,cell_39dba1d284d56896,/home/ubuntu/quantum-workload-architecture/workloads/manifests/imported/real_grid_shape6_amplitude.yaml,wkl_d4fa6cd925641ea0,plan_e1898df07b0e1bd6,run_b9d184a4427c9041,1,success,deep,16,2,False,True,cuquantum_tensornet_gpu,off,0.040484007,0.272057,0.041965134,0.041965134,1.53861,15.081604,1.764834,,,,False,False
camp_0e9e80e16faae716,repeat_roi_v1,cell_39dba1d284d56896,/home/ubuntu/quantum-workload-architecture/workloads/manifests/imported/real_grid_shape6_amplitude.yaml,wkl_d4fa6cd925641ea0,plan_e1898df07b0e1bd6,run_ffb7059e458f8474,2,success,deep,16,2,False,True,cuquantum_tensornet_gpu,off,0.04035912,0.269535,0.04181623,0.04181623,1.53861,15.081604,1.764834,,,,False,False
camp_0e9e80e16faae716,repeat_roi_v1,cell_39ec0e8dffe41ff0,/home/ubuntu/quantum-workload-architecture/workloads/manifests/imported/real_dense_ring6_amplitude.yaml,wkl_95071f3280d5f7eb,plan_400a83030bbe81b5,run_0d1aed32de1aafe3,0,success,quick,1,2,False,True,cuquantum_tensornet_gpu,off,0.037521136,0.293366,0.039957092,0.039957092,0.702031,21.606094,0.702031,,,,False,False
camp_0e9e80e16faae716,repeat_roi_v1,cell_39ec0e8dffe41ff0,/home/ubuntu/quantum-workload-architecture/workloads/manifests/imported/real_dense_ring6_amplitude.yaml,wkl_95071f3280d5f7eb,plan_400a83030bbe81b5,run_22afb54c80f1cda5,1,success,quick,1,2,False,True,cuquantum_tensornet_gpu,off,0.039108705,0.290454,0.040761598,0.040761598,0.702031,21.606094,0.702031,,,,False,False
camp_0e9e80e16faae716,repeat_roi_v1,cell_39ec0e8dffe41ff0,/home/ubuntu/quantum-workload-architecture/workloads/manifests/imported/real_dense_ring6_amplitude.yaml,wkl_95071f3280d5f7eb,plan_400a83030bbe81b5,run_7c937d2308883166,2,success,quick,1,2,False,True,cuquantum_tensornet_gpu,off,0.038481081,0.276458,0.039988919,0.039988919,0.702031,21.606094,0.702031,,,,False,False
camp_0e9e80e16faae716,repeat_roi_v1,cell_3a88be0b17eaaeda,/home/ubuntu/quantum-workload-architecture/workloads/manifests/imported/real_qaoa_ring4_batched.yaml,wkl_e27a5a050294e2ef,plan_6553095af0c1347c,run_b822e96cc2b2aa80,0,success,deep,8,2,True,True,cuquantum_tensornet_gpu,off,0.043195177,0.26541,0.044522057,0.044522057,1.408852,12.606214,1.497095,,,,False,False
camp_0e9e80e16faae716,repeat_roi_v1,cell_3a88be0b17eaaeda,/home/ubuntu/quantum-workload-architecture/workloads/manifests/imported/real_qaoa_ring4_batched.yaml,wkl_e27a5a050294e2ef,plan_6553095af0c1347c,run_26e8e5d6baf01d65,1,success,deep,8,2,True,True,cuquantum_tensornet_gpu,off,0.043734182,0.251142,0.045057693,0.045057693,1.408852,12.606214,1.497095,,,,False,False
camp_0e9e80e16faae716,repeat_roi_v1,cell_3a88be0b17eaaeda,/home/ubuntu/quantum-workload-architecture/workloads/manifests/imported/real_qaoa_ring4_batched.yaml,wkl_e27a5a050294e2ef,plan_6553095af0c1347c,run_45e22b25bd7e6566,2,success,deep,8,2,True,True,cuquantum_tensornet_gpu,off,0.043250053,0.259244,0.044612899,0.044612899,1.408852,12.606214,1.497095,,,,False,False
camp_0e9e80e16faae716,repeat_roi_v1,cell_3ae45ce2147c3e1d,/home/ubuntu/quantum-workload-architecture/workloads/manifests/imported/real_grid_shape6_amplitude.yaml,wkl_158088f87b588e6a,plan_85cd6effeb218031,run_41f9a0a4df9b60c4,0,success,deep,4,2,False,False,cuquantum_tensornet_gpu,off,0.040529111,0.28104,0.042042482,0.042042482,1.350612,20.435777,1.411919,,,,False,False
camp_0e9e80e16faae716,repeat_roi_v1,cell_3ae45ce2147c3e1d,/home/ubuntu/quantum-workload-architecture/workloads/manifests/imported/real_grid_shape6_amplitude.yaml,wkl_158088f87b588e6a,plan_85cd6effeb218031,run_1484a4823d09cb8c,1,success,deep,4,2,False,False,cuquantum_tensornet_gpu,off,0.039574525,0.280794,0.041015169,0.041015169,1.350612,20.435777,1.411919,,,,False,False
camp_0e9e80e16faae716,repeat_roi_v1,cell_3ae45ce2147c3e1d,/home/ubuntu/quantum-workload-architecture/workloads/manifests/imported/real_grid_shape6_amplitude.yaml,wkl_158088f87b588e6a,plan_85cd6effeb218031,run_066ef27c3f8b0afd,2,success,deep,4,2,False,False,cuquantum_tensornet_gpu,off,0.039642827,0.27348,0.041122359,0.041122359,1.350612,20.435777,1.411919,,,,False,False
camp_0e9e80e16faae716,repeat_roi_v1,cell_3b0e6df7d018b52f,/home/ubuntu/quantum-workload-architecture/workloads/manifests/imported/real_qaoa_ring4_batched.yaml,wkl_ba3875dd3ccf7480,plan_0ac1911000c66563,run_85dd2734a9e3da7c,0,success,balanced,32,2,False,True,cuquantum_tensornet_gpu,off,0.039396913,0.246856,0.040728077,0.040728077,0.590691,19.410898,1.192429,,,,False,False
camp_0e9e80e16faae716,repeat_roi_v1,cell_3b0e6df7d018b52f,/home/ubuntu/quantum-workload-architecture/workloads/manifests/imported/real_qaoa_ring4_batched.yaml,wkl_ba3875dd3ccf7480,plan_0ac1911000c66563,run_912373c1bc616344,1,success,balanced,32,2,False,True,cuquantum_tensornet_gpu,off,0.039087886,0.270944,0.040509407,0.040509407,0.590691,19.410898,1.192429,,,,False,False
camp_0e9e80e16faae716,repeat_roi_v1,cell_3b0e6df7d018b52f,/home/ubuntu/quantum-workload-architecture/workloads/manifests/imported/real_qaoa_ring4_batched.yaml,wkl_ba3875dd3ccf7480,plan_0ac1911000c66563,run_c3398ff20f31ced9,2,success,balanced,32,2,False,True,cuquantum_tensornet_gpu,off,0.038707658,0.247391,0.040022307,0.040022307,0.590691,19.410898,1.192429,,,,False,False
camp_0e9e80e16faae716,repeat_roi_v1,cell_3b861e131976c392,/home/ubuntu/quantum-workload-architecture/workloads/manifests/imported/real_grid_shape6_amplitude.yaml,wkl_158088f87b588e6a,plan_0d8873e35bc7d376,run_7311ac2ab2bb479b,0,success,deep,4,2,True,False,cuquantum_tensornet_gpu,off,0.047195007,0.349356,0.049139007,0.049139007,1.350612,20.435777,1.411919,,,,False,False
camp_0e9e80e16faae716,repeat_roi_v1,cell_3b861e131976c392,/home/ubuntu/quantum-workload-architecture/workloads/manifests/imported/real_grid_shape6_amplitude.yaml,wkl_158088f87b588e6a,plan_0d8873e35bc7d376,run_8c510636362fbf87,1,success,deep,4,2,True,False,cuquantum_tensornet_gpu,off,0.049828092,0.289187,0.051319971,0.051319971,1.350612,20.435777,1.411919,,,,False,False
camp_0e9e80e16faae716,repeat_roi_v1,cell_3b861e131976c392,/home/ubuntu/quantum-workload-architecture/workloads/manifests/imported/real_grid_shape6_amplitude.yaml,wkl_158088f87b588e6a,plan_0d8873e35bc7d376,run_e659be9cd0bdd752,2,success,deep,4,2,True,False,cuquantum_tensornet_gpu,off,0.065558679,0.374737,0.067561573,0.067561573,1.350612,20.435777,1.411919,,,,False,False
camp_0e9e80e16faae716,repeat_roi_v1,cell_3b9cd6aea0d032dd,/home/ubuntu/quantum-workload-architecture/workloads/manifests/imported/real_dense_ring6_amplitude.yaml,wkl_97d47d38f2d87b66,plan_a7b23b33d92a8b6f,run_4e511a779fafa093,0,success,balanced,16,2,True,True,cuquantum_tensornet_gpu,off,0.043724543,0.283316,0.04521519,0.04521519,0.599219,22.506348,0.936814,,,,False,False
camp_0e9e80e16faae716,repeat_roi_v1,cell_3b9cd6aea0d032dd,/home/ubuntu/quantum-workload-architecture/workloads/manifests/imported/real_dense_ring6_amplitude.yaml,wkl_97d47d38f2d87b66,plan_a7b23b33d92a8b6f,run_1e68a0abe5525418,1,success,balanced,16,2,True,True,cuquantum_tensornet_gpu,off,0.044341619,0.277862,0.045811741,0.045811741,0.599219,22.506348,0.936814,,,,False,False
camp_0e9e80e16faae716,repeat_roi_v1,cell_3b9cd6aea0d032dd,/home/ubuntu/quantum-workload-architecture/workloads/manifests/imported/real_dense_ring6_amplitude.yaml,wkl_97d47d38f2d87b66,plan_a7b23b33d92a8b6f,run_ee068cf5f4e38bbd,2,success,balanced,16,2,True,True,cuquantum_tensornet_gpu,off,0.044323147,0.281666,0.045856679,0.045856679,0.599219,22.506348,0.936814,,,,False,False
camp_0e9e80e16faae716,repeat_roi_v1,cell_3bbcb63f873462a0,/home/ubuntu/quantum-workload-architecture/workloads/manifests/imported/real_dense_ring6_amplitude.yaml,wkl_97d47d38f2d87b66,plan_89cf6d91e80b81c0,run_08a2c6fbecdb3e7c,0,success,deep,16,2,False,False,cuquantum_tensornet_gpu,off,0.03892095,0.288763,0.040414882,0.040414882,1.507163,14.616523,1.726411,,,,False,False
camp_0e9e80e16faae716,repeat_roi_v1,cell_3bbcb63f873462a0,/home/ubuntu/quantum-workload-architecture/workloads/manifests/imported/real_dense_ring6_amplitude.yaml,wkl_97d47d38f2d87b66,plan_89cf6d91e80b81c0,run_9bb069f48d7d4949,1,success,deep,16,2,False,False,cuquantum_tensornet_gpu,off,0.038913758,0.295383,0.040450762,0.040450762,1.507163,14.616523,1.726411,,,,False,False
camp_0e9e80e16faae716,repeat_roi_v1,cell_3bbcb63f873462a0,/home/ubuntu/quantum-workload-architecture/workloads/manifests/imported/real_dense_ring6_amplitude.yaml,wkl_97d47d38f2d87b66,plan_89cf6d91e80b81c0,run_38789437a16e2f84,2,success,deep,16,2,False,False,cuquantum_tensornet_gpu,off,0.044871756,0.293633,0.046674787,0.046674787,1.507163,14.616523,1.726411,,,,False,False
camp_0e9e80e16faae716,repeat_roi_v1,cell_3c20fd5339f55b59,/home/ubuntu/quantum-workload-architecture/workloads/manifests/imported/real_grid_shape6_amplitude.yaml,wkl_d98e6053c916739a,plan_2953710f7c07aea3,run_db8aafe83709e706,0,success,balanced,32,2,False,False,cuquantum_tensornet_gpu,off,0.040395273,0.283442,0.041860739,0.041860739,0.61037,23.222474,1.330267,,,,True,True
camp_0e9e80e16faae716,repeat_roi_v1,cell_3c20fd5339f55b59,/home/ubuntu/quantum-workload-architecture/workloads/manifests/imported/real_grid_shape6_amplitude.yaml,wkl_d98e6053c916739a,plan_2953710f7c07aea3,run_d3d115e5e5e95d2b,1,success,balanced,32,2,False,False,cuquantum_tensornet_gpu,off,0.039808472,0.287787,0.041296295,0.041296295,0.61037,23.222474,1.330267,,,,True,True
camp_0e9e80e16faae716,repeat_roi_v1,cell_3c20fd5339f55b59,/home/ubuntu/quantum-workload-architecture/workloads/manifests/imported/real_grid_shape6_amplitude.yaml,wkl_d98e6053c916739a,plan_2953710f7c07aea3,run_5bca1ab897cbe800,2,success,balanced,32,2,False,False,cuquantum_tensornet_gpu,off,0.039617961,0.272563,0.04106987,0.04106987,0.61037,23.222474,1.330267,,,,True,True
camp_0e9e80e16faae716,repeat_roi_v1,cell_3c2227cd0015f6f2,/home/ubuntu/quantum-workload-architecture/workloads/manifests/imported/real_dense_ring6_batched.yaml,wkl_50dd86db6abd0bfa,plan_58bcb30c6123cabd,run_c13d378b72743f61,0,success,deep,8,2,True,False,cuquantum_tensornet_gpu,off,0.041603144,0.264636,0.042987506,0.042987506,1.376296,12.090963,1.460933,,,,False,False
camp_0e9e80e16faae716,repeat_roi_v1,cell_3c2227cd0015f6f2,/home/ubuntu/quantum-workload-architecture/workloads/manifests/imported/real_dense_ring6_batched.yaml,wkl_50dd86db6abd0bfa,plan_58bcb30c6123cabd,run_4d8d763d2bdf6ec1,1,success,deep,8,2,True,False,cuquantum_tensornet_gpu,off,0.041654405,0.261993,0.043024754,0.043024754,1.376296,12.090963,1.460933,,,,False,False
camp_0e9e80e16faae716,repeat_roi_v1,cell_3c2227cd0015f6f2,/home/ubuntu/quantum-workload-architecture/workloads/manifests/imported/real_dense_ring6_batched.yaml,wkl_50dd86db6abd0bfa,plan_58bcb30c6123cabd,run_ed4427059d18231e,2,success,deep,8,2,True,False,cuquantum_tensornet_gpu,off,0.042445265,0.26166,0.043862728,0.043862728,1.376296,12.090963,1.460933,,,,False,False
camp_0e9e80e16faae716,repeat_roi_v1,cell_3d92aa643eb766d7,/home/ubuntu/quantum-workload-architecture/workloads/manifests/imported/real_dense_ring6_batched.yaml,wkl_20f4602946fe6acd,plan_f805e60ba059932e,run_00fa8911d9b517ec,0,success,deep,4,2,False,True,cuquantum_tensornet_gpu,off,0.03802783,0.262402,0.039452023,0.039452023,1.21032,16.383418,1.25947,,,,False,False
camp_0e9e80e16faae716,repeat_roi_v1,cell_3d92aa643eb766d7,/home/ubuntu/quantum-workload-architecture/workloads/manifests/imported/real_dense_ring6_batched.yaml,wkl_20f4602946fe6acd,plan_f805e60ba059932e,run_c809b7a1882d9ae0,1,success,deep,4,2,False,True,cuquantum_tensornet_gpu,off,0.038105652,0.256434,0.039496973,0.039496973,1.21032,16.383418,1.25947,,,,False,False
camp_0e9e80e16faae716,repeat_roi_v1,cell_3d92aa643eb766d7,/home/ubuntu/quantum-workload-architecture/workloads/manifests/imported/real_dense_ring6_batched.yaml,wkl_20f4602946fe6acd,plan_f805e60ba059932e,run_8529fdd3d86cabe3,2,success,deep,4,2,False,True,cuquantum_tensornet_gpu,off,0.038377687,0.254217,0.039778879,0.039778879,1.21032,16.383418,1.25947,,,,False,False
camp_0e9e80e16faae716,repeat_roi_v1,cell_3dbef918e18b6045,/home/ubuntu/quantum-workload-architecture/workloads/manifests/imported/real_dense_ring6_amplitude.yaml,wkl_888bce118ad39b04,plan_e99021ea06e26091,run_606ef0972c0a579c,0,success,quick,2,2,True,True,cuquantum_tensornet_gpu,off,0.044739351,0.290749,0.046286665,0.046286665,0.702031,21.606094,0.723637,,,,False,False
camp_0e9e80e16faae716,repeat_roi_v1,cell_3dbef918e18b6045,/home/ubuntu/quantum-workload-architecture/workloads/manifests/imported/real_dense_ring6_amplitude.yaml,wkl_888bce118ad39b04,plan_e99021ea06e26091,run_2d19d293978f5508,1,success,quick,2,2,True,True,cuquantum_tensornet_gpu,off,0.044403852,0.273204,0.045844999,0.045844999,0.702031,21.606094,0.723637,,,,False,False
camp_0e9e80e16faae716,repeat_roi_v1,cell_3dbef918e18b6045,/home/ubuntu/quantum-workload-architecture/workloads/manifests/imported/real_dense_ring6_amplitude.yaml,wkl_888bce118ad39b04,plan_e99021ea06e26091,run_d11fc2255808679e,2,success,quick,2,2,True,True,cuquantum_tensornet_gpu,off,0.043904635,0.281133,0.045389541,0.045389541,0.702031,21.606094,0.723637,,,,False,False
camp_0e9e80e16faae716,repeat_roi_v1,cell_3e4b437d62f4a95c,/home/ubuntu/quantum-workload-architecture/workloads/manifests/imported/real_qaoa_ring4_batched.yaml,wkl_19ca61869000401d,plan_595506ae75c148a7,run_2a31fd5b3dc6da04,0,success,quick,4,2,False,True,cuquantum_tensornet_gpu,off,0.048380949,0.268932,0.049930701,0.049930701,0.68286,18.634462,0.738763,,,,False,False
camp_0e9e80e16faae716,repeat_roi_v1,cell_3e4b437d62f4a95c,/home/ubuntu/quantum-workload-architecture/workloads/manifests/imported/real_qaoa_ring4_batched.yaml,wkl_19ca61869000401d,plan_595506ae75c148a7,run_ae662d7ceb66b27c,1,success,quick,4,2,False,True,cuquantum_tensornet_gpu,off,0.047745533,0.262624,0.049215999,0.049215999,0.68286,18.634462,0.738763,,,,False,False
camp_0e9e80e16faae716,repeat_roi_v1,cell_3e4b437d62f4a95c,/home/ubuntu/quantum-workload-architecture/workloads/manifests/imported/real_qaoa_ring4_batched.yaml,wkl_19ca61869000401d,plan_595506ae75c148a7,run_4b3640c63abe3d49,2,success,quick,4,2,False,True,cuquantum_tensornet_gpu,off,0.047231235,0.268893,0.048765126,0.048765126,0.68286,18.634462,0.738763,,,,False,False
camp_0e9e80e16faae716,repeat_roi_v1,cell_3e98c2f6f7c56979,/home/ubuntu/quantum-workload-architecture/workloads/manifests/imported/real_qaoa_ring4_batched.yaml,wkl_b169adc6c553a708,plan_54d591741a5dd22f,run_9237506e9a18f6f4,0,success,quick,1,2,False,True,cuquantum_tensornet_gpu,off,0.038553533,0.248324,0.039900802,0.039900802,0.68286,18.634462,0.68286,,,,False,False
camp_0e9e80e16faae716,repeat_roi_v1,cell_3e98c2f6f7c56979,/home/ubuntu/quantum-workload-architecture/workloads/manifests/imported/real_qaoa_ring4_batched.yaml,wkl_b169adc6c553a708,plan_54d591741a5dd22f,run_090e9c3d31b2a602,1,success,quick,1,2,False,True,cuquantum_tensornet_gpu,off,0.039118448,0.248069,0.040481485,0.040481485,0.68286,18.634462,0.68286,,,,False,False
camp_0e9e80e16faae716,repeat_roi_v1,cell_3e98c2f6f7c56979,/home/ubuntu/quantum-workload-architecture/workloads/manifests/imported/real_qaoa_ring4_batched.yaml,wkl_b169adc6c553a708,plan_54d591741a5dd22f,run_886c5bbdf7d48b6a,2,success,quick,1,2,False,True,cuquantum_tensornet_gpu,off,0.039269722,0.251008,0.040643778,0.040643778,0.68286,18.634462,0.68286,,,,False,False
camp_0e9e80e16faae716,repeat_roi_v1,cell_3fce9c127b6f808c,/home/ubuntu/quantum-workload-architecture/workloads/manifests/imported/real_qaoa_ring4_batched.yaml,wkl_ba3875dd3ccf7480,plan_84afd58f48df7938,run_1feadee018080ae0,0,success,quick,32,2,False,False,cuquantum_tensornet_gpu,off,0.038759116,0.252918,0.040173432,0.040173432,0.590691,19.410898,1.192429,,,,False,False
camp_0e9e80e16faae716,repeat_roi_v1,cell_3fce9c127b6f808c,/home/ubuntu/quantum-workload-architecture/workloads/manifests/imported/real_qaoa_ring4_batched.yaml,wkl_ba3875dd3ccf7480,plan_84afd58f48df7938,run_da581f3ab601cb68,1,success,quick,32,2,False,False,cuquantum_tensornet_gpu,off,0.038861916,0.247957,0.040228888,0.040228888,0.590691,19.410898,1.192429,,,,False,False
camp_0e9e80e16faae716,repeat_roi_v1,cell_3fce9c127b6f808c,/home/ubuntu/quantum-workload-architecture/workloads/manifests/imported/real_qaoa_ring4_batched.yaml,wkl_ba3875dd3ccf7480,plan_84afd58f48df7938,run_7f82e422517ab7d9,2,success,quick,32,2,False,False,cuquantum_tensornet_gpu,off,0.039325942,0.253748,0.040726065,0.040726065,0.590691,19.410898,1.192429,,,,False,False
camp_0e9e80e16faae716,repeat_roi_v1,cell_40658e8a0417508d,/home/ubuntu/quantum-workload-architecture/workloads/manifests/imported/real_dense_ring6_amplitude.yaml,wkl_163dac6a7fcd636d,plan_9700f2d3eafafc25,run_1cfaee60ccd29766,0,success,deep,32,2,False,False,cuquantum_tensornet_gpu,off,0.039077816,0.279417,0.040608144,0.040608144,1.507163,14.616523,1.960275,,,,False,False
camp_0e9e80e16faae716,repeat_roi_v1,cell_40658e8a0417508d,/home/ubuntu/quantum-workload-architecture/workloads/manifests/imported/real_dense_ring6_amplitude.yaml,wkl_163dac6a7fcd636d,plan_9700f2d3eafafc25,run_48daa2c1134661b0,1,success,deep,32,2,False,False,cuquantum_tensornet_gpu,off,0.038796504,0.275977,0.040271309,0.040271309,1.507163,14.616523,1.960275,,,,False,False
camp_0e9e80e16faae716,repeat_roi_v1,cell_40658e8a0417508d,/home/ubuntu/quantum-workload-architecture/workloads/manifests/imported/real_dense_ring6_amplitude.yaml,wkl_163dac6a7fcd636d,plan_9700f2d3eafafc25,run_95d66ac0aae00249,2,success,deep,32,2,False,False,cuquantum_tensornet_gpu,off,0.038680024,0.276636,0.040126477,0.040126477,1.507163,14.616523,1.960275,,,,False,False
camp_0e9e80e16faae716,repeat_roi_v1,cell_40e32e55050c8f89,/home/ubuntu/quantum-workload-architecture/workloads/manifests/imported/real_ghz3_amplitude.yaml,wkl_e5f6794fb08543dd,plan_8a80e6c4767388e5,run_dbdfd599ea1f8ad5,0,success,balanced,4,2,False,False,cuquantum_tensornet_gpu,off,0.012500357,0.144054,0.013448519,0.013448519,0.629314,13.989494,0.671282,,,,False,False
camp_0e9e80e16faae716,repeat_roi_v1,cell_40e32e55050c8f89,/home/ubuntu/quantum-workload-architecture/workloads/manifests/imported/real_ghz3_amplitude.yaml,wkl_e5f6794fb08543dd,plan_8a80e6c4767388e5,run_7f0270bb5ce2de4f,1,success,balanced,4,2,False,False,cuquantum_tensornet_gpu,off,0.01254767,0.144082,0.013460218,0.013460218,0.629314,13.989494,0.671282,,,,False,False
camp_0e9e80e16faae716,repeat_roi_v1,cell_40e32e55050c8f89,/home/ubuntu/quantum-workload-architecture/workloads/manifests/imported/real_ghz3_amplitude.yaml,wkl_e5f6794fb08543dd,plan_8a80e6c4767388e5,run_cf079a2ba303f336,2,success,balanced,4,2,False,False,cuquantum_tensornet_gpu,off,0.012464314,0.159413,0.013426162,0.013426162,0.629314,13.989494,0.671282,,,,False,False
camp_0e9e80e16faae716,repeat_roi_v1,cell_4144279f2243daf1,/home/ubuntu/quantum-workload-architecture/workloads/manifests/imported/real_ghz3_amplitude.yaml,wkl_34730574a768505b,plan_0f9c7fb703ce5aa6,run_7b0880d5409e1d3f,0,success,deep,8,2,True,False,cuquantum_tensornet_gpu,off,0.014331182,0.14677,0.015266156,0.015266156,1.224494,9.463893,1.290741,,,,False,False
camp_0e9e80e16faae716,repeat_roi_v1,cell_4144279f2243daf1,/home/ubuntu/quantum-workload-architecture/workloads/manifests/imported/real_ghz3_amplitude.yaml,wkl_34730574a768505b,plan_0f9c7fb703ce5aa6,run_889fa3bf8d379e06,1,success,deep,8,2,True,False,cuquantum_tensornet_gpu,off,0.014118329,0.138134,0.014985079,0.014985079,1.224494,9.463893,1.290741,,,,False,False
camp_0e9e80e16faae716,repeat_roi_v1,cell_4144279f2243daf1,/home/ubuntu/quantum-workload-architecture/workloads/manifests/imported/real_ghz3_amplitude.yaml,wkl_34730574a768505b,plan_0f9c7fb703ce5aa6,run_020befb7ec471769,2,success,deep,8,2,True,False,cuquantum_tensornet_gpu,off,0.014070521,0.141873,0.014988751,0.014988751,1.224494,9.463893,1.290741,,,,False,False
camp_0e9e80e16faae716,repeat_roi_v1,cell_4155e1b910be48aa,/home/ubuntu/quantum-workload-architecture/workloads/manifests/imported/real_qaoa_ring4_batched.yaml,wkl_864119d61a67efe5,plan_a283fa537e146961,run_9901df0790bbd14e,0,success,deep,16,2,True,False,cuquantum_tensornet_gpu,off,0.043621875,0.253231,0.045001845,0.045001845,1.408852,12.606214,1.597945,,,,False,False
camp_0e9e80e16faae716,repeat_roi_v1,cell_4155e1b910be48aa,/home/ubuntu/quantum-workload-architecture/workloads/manifests/imported/real_qaoa_ring4_batched.yaml,wkl_864119d61a67efe5,plan_a283fa537e146961,run_9f7bdd631d0edce4,1,success,deep,16,2,True,False,cuquantum_tensornet_gpu,off,0.043461674,0.256269,0.044806952,0.044806952,1.408852,12.606214,1.597945,,,,False,False
camp_0e9e80e16faae716,repeat_roi_v1,cell_4155e1b910be48aa,/home/ubuntu/quantum-workload-architecture/workloads/manifests/imported/real_qaoa_ring4_batched.yaml,wkl_864119d61a67efe5,plan_a283fa537e146961,run_16455513f41a3851,2,success,deep,16,2,True,False,cuquantum_tensornet_gpu,off,0.043625727,0.271292,0.045041337,0.045041337,1.408852,12.606214,1.597945,,,,False,False
camp_0e9e80e16faae716,repeat_roi_v1,cell_42055cd478a51a07,/home/ubuntu/quantum-workload-architecture/workloads/manifests/imported/real_qaoa_ring4_batched.yaml,wkl_e27a5a050294e2ef,plan_ea3aaea060ef7d79,run_88bacd89730930c2,0,success,balanced,8,2,False,False,cuquantum_tensornet_gpu,off,0.038756887,0.257528,0.040127776,0.040127776,0.590691,19.410898,0.726567,,,,False,False
camp_0e9e80e16faae716,repeat_roi_v1,cell_42055cd478a51a07,/home/ubuntu/quantum-workload-architecture/workloads/manifests/imported/real_qaoa_ring4_batched.yaml,wkl_e27a5a050294e2ef,plan_ea3aaea060ef7d79,run_c66f2a7bbce94f54,1,success,balanced,8,2,False,False,cuquantum_tensornet_gpu,off,0.038747141,0.257875,0.040104971,0.040104971,0.590691,19.410898,0.726567,,,,False,False
camp_0e9e80e16faae716,repeat_roi_v1,cell_42055cd478a51a07,/home/ubuntu/quantum-workload-architecture/workloads/manifests/imported/real_qaoa_ring4_batched.yaml,wkl_e27a5a050294e2ef,plan_ea3aaea060ef7d79,run_b047de164ec4105c,2,success,balanced,8,2,False,False,cuquantum_tensornet_gpu,off,0.038761775,0.24591,0.040098611,0.040098611,0.590691,19.410898,0.726567,,,,False,False
camp_0e9e80e16faae716,repeat_roi_v1,cell_42c34813e4c18aeb,/home/ubuntu/quantum-workload-architecture/workloads/manifests/imported/real_dense_ring6_amplitude.yaml,wkl_163dac6a7fcd636d,plan_6da7a51605f39eb2,run_51abf9e0daae24d7,0,success,balanced,32,2,False,True,cuquantum_tensornet_gpu,off,0.038919241,0.292735,0.040462167,0.040462167,0.599219,22.506348,1.296916,,,,False,False
camp_0e9e80e16faae716,repeat_roi_v1,cell_42c34813e4c18aeb,/home/ubuntu/quantum-workload-architecture/workloads/manifests/imported/real_dense_ring6_amplitude.yaml,wkl_163dac6a7fcd636d,plan_6da7a51605f39eb2,run_93636699ba71c64c,1,success,balanced,32,2,False,True,cuquantum_tensornet_gpu,off,0.038628003,0.275477,0.040128081,0.040128081,0.599219,22.506348,1.296916,,,,False,False
camp_0e9e80e16faae716,repeat_roi_v1,cell_42c34813e4c18aeb,/home/ubuntu/quantum-workload-architecture/workloads/manifests/imported/real_dense_ring6_amplitude.yaml,wkl_163dac6a7fcd636d,plan_6da7a51605f39eb2,run_2a65ab5c522ec33d,2,success,balanced,32,2,False,True,cuquantum_tensornet_gpu,off,0.038177694,0.28232,0.039638391,0.039638391,0.599219,22.506348,1.296916,,,,False,False
camp_0e9e80e16faae716,repeat_roi_v1,cell_42f07e3bdf4a4ca0,/home/ubuntu/quantum-workload-architecture/workloads/manifests/imported/real_grid_shape6_amplitude.yaml,wkl_fc0e5b8c90c09068,plan_485ff2432a2eedff,run_e004f8f76ac19e38,0,success,quick,8,2,False,True,cuquantum_tensornet_gpu,off,0.04056006,0.27755,0.042068538,0.042068538,0.61037,23.222474,0.772927,,,,False,False
camp_0e9e80e16faae716,repeat_roi_v1,cell_42f07e3bdf4a4ca0,/home/ubuntu/quantum-workload-architecture/workloads/manifests/imported/real_grid_shape6_amplitude.yaml,wkl_fc0e5b8c90c09068,plan_485ff2432a2eedff,run_235d63705b911f26,1,success,quick,8,2,False,True,cuquantum_tensornet_gpu,off,0.040040701,0.271548,0.041485856,0.041485856,0.61037,23.222474,0.772927,,,,False,False
camp_0e9e80e16faae716,repeat_roi_v1,cell_42f07e3bdf4a4ca0,/home/ubuntu/quantum-workload-architecture/workloads/manifests/imported/real_grid_shape6_amplitude.yaml,wkl_fc0e5b8c90c09068,plan_485ff2432a2eedff,run_9fe1cef81a706d7d,2,success,quick,8,2,False,True,cuquantum_tensornet_gpu,off,0.039845265,0.274337,0.041324492,0.041324492,0.61037,23.222474,0.772927,,,,False,False
camp_0e9e80e16faae716,repeat_roi_v1,cell_45900815eef0b70a,/home/ubuntu/quantum-workload-architecture/workloads/manifests/imported/real_dense_ring6_amplitude.yaml,wkl_163dac6a7fcd636d,plan_d83e824841a496d9,run_c7497c428d79f733,0,success,deep,32,2,False,True,cuquantum_tensornet_gpu,off,0.040007328,0.292982,0.041644581,0.041644581,1.507163,14.616523,1.960275,,,,False,False
camp_0e9e80e16faae716,repeat_roi_v1,cell_45900815eef0b70a,/home/ubuntu/quantum-workload-architecture/workloads/manifests/imported/real_dense_ring6_amplitude.yaml,wkl_163dac6a7fcd636d,plan_d83e824841a496d9,run_260968794f832d07,1,success,deep,32,2,False,True,cuquantum_tensornet_gpu,off,0.038571047,0.273232,0.040022519,0.040022519,1.507163,14.616523,1.960275,,,,False,False
camp_0e9e80e16faae716,repeat_roi_v1,cell_45900815eef0b70a,/home/ubuntu/quantum-workload-architecture/workloads/manifests/imported/real_dense_ring6_amplitude.yaml,wkl_163dac6a7fcd636d,plan_d83e824841a496d9,run_bfb318fa36fe30bb,2,success,deep,32,2,False,True,cuquantum_tensornet_gpu,off,0.038668594,0.336908,0.040640547,0.040640547,1.507163,14.616523,1.960275,,,,False,False
camp_0e9e80e16faae716,repeat_roi_v1,cell_4665c807e1c10d82,/home/ubuntu/quantum-workload-architecture/workloads/manifests/imported/real_dense_ring6_amplitude.yaml,wkl_97d47d38f2d87b66,plan_9c68c04c0b3fd832,run_a5763ef59a5af06c,0,success,quick,16,2,False,False,cuquantum_tensornet_gpu,off,0.038454479,0.272327,0.039933265,0.039933265,0.599219,22.506348,0.936814,,,,False,False
camp_0e9e80e16faae716,repeat_roi_v1,cell_4665c807e1c10d82,/home/ubuntu/quantum-workload-architecture/workloads/manifests/imported/real_dense_ring6_amplitude.yaml,wkl_97d47d38f2d87b66,plan_9c68c04c0b3fd832,run_2921ce4367996dcd,1,success,quick,16,2,False,False,cuquantum_tensornet_gpu,off,0.038211446,0.276027,0.039718214,0.039718214,0.599219,22.506348,0.936814,,,,False,False
camp_0e9e80e16faae716,repeat_roi_v1,cell_4665c807e1c10d82,/home/ubuntu/quantum-workload-architecture/workloads/manifests/imported/real_dense_ring6_amplitude.yaml,wkl_97d47d38f2d87b66,plan_9c68c04c0b3fd832,run_c2d50f285dc99a69,2,success,quick,16,2,False,False,cuquantum_tensornet_gpu,off,0.038168692,0.284618,0.039627379,0.039627379,0.599219,22.506348,0.936814,,,,False,False
camp_0e9e80e16faae716,repeat_roi_v1,cell_468a696673ca7b3c,/home/ubuntu/quantum-workload-architecture/workloads/manifests/imported/real_grid_shape6_amplitude.yaml,wkl_b825ad9e4287ddce,plan_9371d4163fc36fec,run_ebcd0c40d1dbbc3f,0,success,balanced,2,2,True,True,cuquantum_tensornet_gpu,off,0.045566706,0.294251,0.047120537,0.047120537,0.715588,22.293575,0.737882,,,,False,False
camp_0e9e80e16faae716,repeat_roi_v1,cell_468a696673ca7b3c,/home/ubuntu/quantum-workload-architecture/workloads/manifests/imported/real_grid_shape6_amplitude.yaml,wkl_b825ad9e4287ddce,plan_9371d4163fc36fec,run_e2ff447552858199,1,success,balanced,2,2,True,True,cuquantum_tensornet_gpu,off,0.045524263,0.282699,0.046988136,0.046988136,0.715588,22.293575,0.737882,,,,False,False
camp_0e9e80e16faae716,repeat_roi_v1,cell_468a696673ca7b3c,/home/ubuntu/quantum-workload-architecture/workloads/manifests/imported/real_grid_shape6_amplitude.yaml,wkl_b825ad9e4287ddce,plan_9371d4163fc36fec,run_f91417edd24da5cd,2,success,balanced,2,2,True,True,cuquantum_tensornet_gpu,off,0.04507208,0.278945,0.046532008,0.046532008,0.715588,22.293575,0.737882,,,,False,False
camp_0e9e80e16faae716,repeat_roi_v1,cell_4698de21a91b2c7f,/home/ubuntu/quantum-workload-architecture/workloads/manifests/imported/real_dense_ring6_batched.yaml,wkl_977f16a92f06596a,plan_0e335581881a0f98,run_5c6e454305a1d3c7,0,success,quick,32,2,True,False,cuquantum_tensornet_gpu,off,0.043314471,0.266808,0.044773148,0.044773148,0.581735,18.617521,1.158878,,,,False,False
camp_0e9e80e16faae716,repeat_roi_v1,cell_4698de21a91b2c7f,/home/ubuntu/quantum-workload-architecture/workloads/manifests/imported/real_dense_ring6_batched.yaml,wkl_977f16a92f06596a,plan_0e335581881a0f98,run_195d8aa9d9a7e1e2,1,success,quick,32,2,True,False,cuquantum_tensornet_gpu,off,0.042781458,0.274077,0.044265293,0.044265293,0.581735,18.617521,1.158878,,,,False,False
camp_0e9e80e16faae716,repeat_roi_v1,cell_4698de21a91b2c7f,/home/ubuntu/quantum-workload-architecture/workloads/manifests/imported/real_dense_ring6_batched.yaml,wkl_977f16a92f06596a,plan_0e335581881a0f98,run_995788cb9a95c50a,2,success,quick,32,2,True,False,cuquantum_tensornet_gpu,off,0.043102213,0.266799,0.044525842,0.044525842,0.581735,18.617521,1.158878,,,,False,False
camp_0e9e80e16faae716,repeat_roi_v1,cell_46aeb84dad3f44a9,/home/ubuntu/quantum-workload-architecture/workloads/manifests/imported/real_qaoa_ring4_batched.yaml,wkl_19ca61869000401d,plan_98a2c0768d671ab7,run_fe7031e16a1e2ee2,0,success,deep,4,2,False,False,cuquantum_tensornet_gpu,off,0.039491946,0.250327,0.040859157,0.040859157,1.238985,17.08159,1.29023,,,,False,False
camp_0e9e80e16faae716,repeat_roi_v1,cell_46aeb84dad3f44a9,/home/ubuntu/quantum-workload-architecture/workloads/manifests/imported/real_qaoa_ring4_batched.yaml,wkl_19ca61869000401d,plan_98a2c0768d671ab7,run_eb533d6c1ea80a62,1,success,deep,4,2,False,False,cuquantum_tensornet_gpu,off,0.038889483,0.256196,0.040240742,0.040240742,1.238985,17.08159,1.29023,,,,False,False
camp_0e9e80e16faae716,repeat_roi_v1,cell_46aeb84dad3f44a9,/home/ubuntu/quantum-workload-architecture/workloads/manifests/imported/real_qaoa_ring4_batched.yaml,wkl_19ca61869000401d,plan_98a2c0768d671ab7,run_2793aaa974989489,2,success,deep,4,2,False,False,cuquantum_tensornet_gpu,off,0.03895681,0.250339,0.040342755,0.040342755,1.238985,17.08159,1.29023,,,,False,False
camp_0e9e80e16faae716,repeat_roi_v1,cell_46cfe105ebaed8b8,/home/ubuntu/quantum-workload-architecture/workloads/manifests/imported/real_grid_shape6_amplitude.yaml,wkl_d98e6053c916739a,plan_504afd8ff69efeab,run_ee627ab7a5c13c63,0,success,balanced,32,2,False,True,cuquantum_tensornet_gpu,off,0.040120412,0.277512,0.041583693,0.041583693,0.61037,23.222474,1.330267,,,,False,False
camp_0e9e80e16faae716,repeat_roi_v1,cell_46cfe105ebaed8b8,/home/ubuntu/quantum-workload-architecture/workloads/manifests/imported/real_grid_shape6_amplitude.yaml,wkl_d98e6053c916739a,plan_504afd8ff69efeab,run_63c5c7254ca2b8c9,1,success,balanced,32,2,False,True,cuquantum_tensornet_gpu,off,0.03929746,0.272865,0.040743418,0.040743418,0.61037,23.222474,1.330267,,,,False,False
camp_0e9e80e16faae716,repeat_roi_v1,cell_46cfe105ebaed8b8,/home/ubuntu/quantum-workload-architecture/workloads/manifests/imported/real_grid_shape6_amplitude.yaml,wkl_d98e6053c916739a,plan_504afd8ff69efeab,run_c98cb5708123c971,2,success,balanced,32,2,False,True,cuquantum_tensornet_gpu,off,0.039790086,0.270326,0.041206355,0.041206355,0.61037,23.222474,1.330267,,,,False,False
camp_0e9e80e16faae716,repeat_roi_v1,cell_4781d3a5764484cd,/home/ubuntu/quantum-workload-architecture/workloads/manifests/imported/real_ghz3_amplitude.yaml,wkl_bb51d1ce54ae0af7,plan_6d64e79471c998bd,run_14b75736f675bd14,0,success,quick,2,2,True,False,cuquantum_tensornet_gpu,off,0.014149201,0.147022,0.015100995,0.015100995,0.629314,13.989494,0.643303,,,,False,False
camp_0e9e80e16faae716,repeat_roi_v1,cell_4781d3a5764484cd,/home/ubuntu/quantum-workload-architecture/workloads/manifests/imported/real_ghz3_amplitude.yaml,wkl_bb51d1ce54ae0af7,plan_6d64e79471c998bd,run_534fb19c11b9ffe7,1,success,quick,2,2,True,False,cuquantum_tensornet_gpu,off,0.01502456,0.147416,0.015964005,0.015964005,0.629314,13.989494,0.643303,,,,False,False
camp_0e9e80e16faae716,repeat_roi_v1,cell_4781d3a5764484cd,/home/ubuntu/quantum-workload-architecture/workloads/manifests/imported/real_ghz3_amplitude.yaml,wkl_bb51d1ce54ae0af7,plan_6d64e79471c998bd,run_13d018396cef4249,2,success,quick,2,2,True,False,cuquantum_tensornet_gpu,off,0.0144078,0.158559,0.01536689,0.01536689,0.629314,13.989494,0.643303,,,,False,False
camp_0e9e80e16faae716,repeat_roi_v1,cell_483d434971f3bcb7,/home/ubuntu/quantum-workload-architecture/workloads/manifests/imported/real_ghz3_amplitude.yaml,wkl_aba637ae8beeb019,plan_8febea55a86217ae,run_4d757dff3054dd05,0,success,quick,32,2,False,True,cuquantum_tensornet_gpu,off,0.015232797,0.173993,0.016350363,0.016350363,0.554734,14.57239,1.006478,,,,False,False
camp_0e9e80e16faae716,repeat_roi_v1,cell_483d434971f3bcb7,/home/ubuntu/quantum-workload-architecture/workloads/manifests/imported/real_ghz3_amplitude.yaml,wkl_aba637ae8beeb019,plan_8febea55a86217ae,run_23ff91187cbd58a2,1,success,quick,32,2,False,True,cuquantum_tensornet_gpu,off,0.014872084,0.178505,0.015958068,0.015958068,0.554734,14.57239,1.006478,,,,False,False
camp_0e9e80e16faae716,repeat_roi_v1,cell_483d434971f3bcb7,/home/ubuntu/quantum-workload-architecture/workloads/manifests/imported/real_ghz3_amplitude.yaml,wkl_aba637ae8beeb019,plan_8febea55a86217ae,run_564d36d59caced17,2,success,quick,32,2,False,True,cuquantum_tensornet_gpu,off,0.015884463,0.178395,0.01696601,0.01696601,0.554734,14.57239,1.006478,,,,False,False
camp_0e9e80e16faae716,repeat_roi_v1,cell_48ae9200ff106f98,/home/ubuntu/quantum-workload-architecture/workloads/manifests/imported/real_dense_ring6_batched.yaml,wkl_84140faee381a579,plan_2d270aebb1c8a189,run_0b18718e5f1a5e3b,0,success,balanced,2,2,True,False,cuquantum_tensornet_gpu,off,0.041649387,0.258468,0.043028712,0.043028712,0.671107,17.87282,0.68898,,,,False,False
camp_0e9e80e16faae716,repeat_roi_v1,cell_48ae9200ff106f98,/home/ubuntu/quantum-workload-architecture/workloads/manifests/imported/real_dense_ring6_batched.yaml,wkl_84140faee381a579,plan_2d270aebb1c8a189,run_c4632296fafcb365,1,success,balanced,2,2,True,False,cuquantum_tensornet_gpu,off,0.042772104,0.268571,0.044447075,0.044447075,0.671107,17.87282,0.68898,,,,False,False
camp_0e9e80e16faae716,repeat_roi_v1,cell_48ae9200ff106f98,/home/ubuntu/quantum-workload-architecture/workloads/manifests/imported/real_dense_ring6_batched.yaml,wkl_84140faee381a579,plan_2d270aebb1c8a189,run_4cdb380d149cc37a,2,success,balanced,2,2,True,False,cuquantum_tensornet_gpu,off,0.042725482,0.261098,0.044163627,0.044163627,0.671107,17.87282,0.68898,,,,False,False
camp_0e9e80e16faae716,repeat_roi_v1,cell_49241c5cae58e165,/home/ubuntu/quantum-workload-architecture/workloads/manifests/imported/real_qaoa_ring4_batched.yaml,wkl_ba3875dd3ccf7480,plan_b3c5d4385bf316fb,run_9cf2ff3a39b5f711,0,success,quick,32,2,True,True,cuquantum_tensornet_gpu,off,0.043744314,0.250645,0.045078603,0.045078603,0.590691,19.410898,1.192429,,,,False,False
camp_0e9e80e16faae716,repeat_roi_v1,cell_49241c5cae58e165,/home/ubuntu/quantum-workload-architecture/workloads/manifests/imported/real_qaoa_ring4_batched.yaml,wkl_ba3875dd3ccf7480,plan_b3c5d4385bf316fb,run_5a15287e29f0bd8e,1,success,quick,32,2,True,True,cuquantum_tensornet_gpu,off,0.043183982,0.255476,0.044536136,0.044536136,0.590691,19.410898,1.192429,,,,False,False
camp_0e9e80e16faae716,repeat_roi_v1,cell_49241c5cae58e165,/home/ubuntu/quantum-workload-architecture/workloads/manifests/imported/real_qaoa_ring4_batched.yaml,wkl_ba3875dd3ccf7480,plan_b3c5d4385bf316fb,run_23480f745d69fbc7,2,success,quick,32,2,True,True,cuquantum_tensornet_gpu,off,0.044058618,0.256633,0.045450414,0.045450414,0.590691,19.410898,1.192429,,,,False,False
camp_0e9e80e16faae716,repeat_roi_v1,cell_4a6b31e1abd7bc76,/home/ubuntu/quantum-workload-architecture/workloads/manifests/imported/real_dense_ring6_batched.yaml,wkl_31ef8810e7d2c00b,plan_936ee40ac46310ab,run_11b842b88c3659ce,0,success,deep,1,2,False,False,cuquantum_tensornet_gpu,off,0.037451934,0.266716,0.038867737,0.038867737,1.21032,16.383418,1.21032,,,,False,False
camp_0e9e80e16faae716,repeat_roi_v1,cell_4a6b31e1abd7bc76,/home/ubuntu/quantum-workload-architecture/workloads/manifests/imported/real_dense_ring6_batched.yaml,wkl_31ef8810e7d2c00b,plan_936ee40ac46310ab,run_dce843b94cc13e33,1,success,deep,1,2,False,False,cuquantum_tensornet_gpu,off,0.037375632,0.267327,0.039763575,0.039763575,1.21032,16.383418,1.21032,,,,False,False
camp_0e9e80e16faae716,repeat_roi_v1,cell_4a6b31e1abd7bc76,/home/ubuntu/quantum-workload-architecture/workloads/manifests/imported/real_dense_ring6_batched.yaml,wkl_31ef8810e7d2c00b,plan_936ee40ac46310ab,run_7a8122c70a4c975a,2,success,deep,1,2,False,False,cuquantum_tensornet_gpu,off,0.03812802,0.254698,0.039489858,0.039489858,1.21032,16.383418,1.21032,,,,False,False
camp_0e9e80e16faae716,repeat_roi_v1,cell_4bdeb920d2a0e8f4,/home/ubuntu/quantum-workload-architecture/workloads/manifests/imported/real_qaoa_ring4_batched.yaml,wkl_b169adc6c553a708,plan_b14adee50c0133f6,run_d0700625cc73a939,0,success,quick,1,2,True,True,cuquantum_tensornet_gpu,off,0.043432184,0.247269,0.044768207,0.044768207,0.68286,18.634462,0.68286,,,,False,False
camp_0e9e80e16faae716,repeat_roi_v1,cell_4bdeb920d2a0e8f4,/home/ubuntu/quantum-workload-architecture/workloads/manifests/imported/real_qaoa_ring4_batched.yaml,wkl_b169adc6c553a708,plan_b14adee50c0133f6,run_d611daf78d25b861,1,success,quick,1,2,True,True,cuquantum_tensornet_gpu,off,0.043804259,0.266448,0.045222967,0.045222967,0.68286,18.634462,0.68286,,,,False,False
camp_0e9e80e16faae716,repeat_roi_v1,cell_4bdeb920d2a0e8f4,/home/ubuntu/quantum-workload-architecture/workloads/manifests/imported/real_qaoa_ring4_batched.yaml,wkl_b169adc6c553a708,plan_b14adee50c0133f6,run_7f850cf697b5ae7f,2,success,quick,1,2,True,True,cuquantum_tensornet_gpu,off,0.043095014,0.254621,0.044451092,0.044451092,0.68286,18.634462,0.68286,,,,False,False
camp_0e9e80e16faae716,repeat_roi_v1,cell_4d3337e862a7cb41,/home/ubuntu/quantum-workload-architecture/workloads/manifests/imported/real_grid_shape6_amplitude.yaml,wkl_fc0e5b8c90c09068,plan_81de20066d7ace35,run_9ef419ca09e2fe28,0,success,quick,8,2,True,True,cuquantum_tensornet_gpu,off,0.04531467,0.288797,0.04677551,0.04677551,0.61037,23.222474,0.772927,,,,False,False
camp_0e9e80e16faae716,repeat_roi_v1,cell_4d3337e862a7cb41,/home/ubuntu/quantum-workload-architecture/workloads/manifests/imported/real_grid_shape6_amplitude.yaml,wkl_fc0e5b8c90c09068,plan_81de20066d7ace35,run_f447c9815bfd920e,1,success,quick,8,2,True,True,cuquantum_tensornet_gpu,off,0.044677745,0.278687,0.046114074,0.046114074,0.61037,23.222474,0.772927,,,,False,False
camp_0e9e80e16faae716,repeat_roi_v1,cell_4d3337e862a7cb41,/home/ubuntu/quantum-workload-architecture/workloads/manifests/imported/real_grid_shape6_amplitude.yaml,wkl_fc0e5b8c90c09068,plan_81de20066d7ace35,run_5ce39d7d4491cf68,2,success,quick,8,2,True,True,cuquantum_tensornet_gpu,off,0.046334963,0.289816,0.047834548,0.047834548,0.61037,23.222474,0.772927,,,,False,False
camp_0e9e80e16faae716,repeat_roi_v1,cell_4f07b7298f11fa25,/home/ubuntu/quantum-workload-architecture/workloads/manifests/imported/real_qaoa_ring4_batched.yaml,wkl_52d115b5fe51fc4f,plan_a62b143ea7b52814,run_d69013eeaa87312f,0,success,quick,2,2,True,False,cuquantum_tensornet_gpu,off,0.04354735,0.253032,0.044887649,0.044887649,0.68286,18.634462,0.701494,,,,False,False
camp_0e9e80e16faae716,repeat_roi_v1,cell_4f07b7298f11fa25,/home/ubuntu/quantum-workload-architecture/workloads/manifests/imported/real_qaoa_ring4_batched.yaml,wkl_52d115b5fe51fc4f,plan_a62b143ea7b52814,run_7f2c68dbcd73b9f0,1,success,quick,2,2,True,False,cuquantum_tensornet_gpu,off,0.043318092,0.24386,0.04461874,0.04461874,0.68286,18.634462,0.701494,,,,False,False
camp_0e9e80e16faae716,repeat_roi_v1,cell_4f07b7298f11fa25,/home/ubuntu/quantum-workload-architecture/workloads/manifests/imported/real_qaoa_ring4_batched.yaml,wkl_52d115b5fe51fc4f,plan_a62b143ea7b52814,run_e05efe8eaef15412,2,success,quick,2,2,True,False,cuquantum_tensornet_gpu,off,0.043585135,0.257649,0.044940895,0.044940895,0.68286,18.634462,0.701494,,,,False,False
camp_0e9e80e16faae716,repeat_roi_v1,cell_4f3398d91abf4fd6,/home/ubuntu/quantum-workload-architecture/workloads/manifests/imported/real_grid_shape6_amplitude.yaml,wkl_d98e6053c916739a,plan_fabc5ed052339b90,run_1df97458fb4a6fde,0,success,quick,32,2,True,True,cuquantum_tensornet_gpu,off,0.045460427,0.293694,0.046982521,0.046982521,0.61037,23.222474,1.330267,,,,False,False
camp_0e9e80e16faae716,repeat_roi_v1,cell_4f3398d91abf4fd6,/home/ubuntu/quantum-workload-architecture/workloads/manifests/imported/real_grid_shape6_amplitude.yaml,wkl_d98e6053c916739a,plan_fabc5ed052339b90,run_94bae222a178fbfe,1,success,quick,32,2,True,True,cuquantum_tensornet_gpu,off,0.045420956,0.2898,0.046936064,0.046936064,0.61037,23.222474,1.330267,,,,False,False
camp_0e9e80e16faae716,repeat_roi_v1,cell_4f3398d91abf4fd6,/home/ubuntu/quantum-workload-architecture/workloads/manifests/imported/real_grid_shape6_amplitude.yaml,wkl_d98e6053c916739a,plan_fabc5ed052339b90,run_c1cb3ad99897ec0e,2,success,quick,32,2,True,True,cuquantum_tensornet_gpu,off,0.045078289,0.274762,0.046553932,0.046553932,0.61037,23.222474,1.330267,,,,False,False
camp_0e9e80e16faae716,repeat_roi_v1,cell_4f5955cd8a897efe,/home/ubuntu/quantum-workload-architecture/workloads/manifests/imported/real_dense_ring6_batched.yaml,wkl_977f16a92f06596a,plan_e00f3f1e1d49bb61,run_9e3e92eac13bf240,0,success,deep,32,2,True,False,cuquantum_tensornet_gpu,off,0.043550754,0.263813,0.045018251,0.045018251,1.376296,12.090963,1.751116,,,,False,False
camp_0e9e80e16faae716,repeat_roi_v1,cell_4f5955cd8a897efe,/home/ubuntu/quantum-workload-architecture/workloads/manifests/imported/real_dense_ring6_batched.yaml,wkl_977f16a92f06596a,plan_e00f3f1e1d49bb61,run_2d686ffaf3ba7add,1,success,deep,32,2,True,False,cuquantum_tensornet_gpu,off,0.042208359,0.254366,0.043592381,0.043592381,1.376296,12.090963,1.751116,,,,False,False
camp_0e9e80e16faae716,repeat_roi_v1,cell_4f5955cd8a897efe,/home/ubuntu/quantum-workload-architecture/workloads/manifests/imported/real_dense_ring6_batched.yaml,wkl_977f16a92f06596a,plan_e00f3f1e1d49bb61,run_4e1fe8eae7904033,2,success,deep,32,2,True,False,cuquantum_tensornet_gpu,off,0.042238956,0.261037,0.043594636,0.043594636,1.376296,12.090963,1.751116,,,,False,False
camp_0e9e80e16faae716,repeat_roi_v1,cell_514593da0124b1de,/home/ubuntu/quantum-workload-architecture/workloads/manifests/imported/real_dense_ring6_batched.yaml,wkl_e0163cd5ac336021,plan_e596fad9cf415779,run_527e0d3be794116d,0,success,quick,16,2,False,False,cuquantum_tensornet_gpu,off,0.038809694,0.254549,0.04023414,0.04023414,0.581735,18.617521,0.860998,,,,False,False
camp_0e9e80e16faae716,repeat_roi_v1,cell_514593da0124b1de,/home/ubuntu/quantum-workload-architecture/workloads/manifests/imported/real_dense_ring6_batched.yaml,wkl_e0163cd5ac336021,plan_e596fad9cf415779,run_2543e58cf0e1fa89,1,success,quick,16,2,False,False,cuquantum_tensornet_gpu,off,0.038167196,0.254148,0.039514792,0.039514792,0.581735,18.617521,0.860998,,,,False,False
camp_0e9e80e16faae716,repeat_roi_v1,cell_514593da0124b1de,/home/ubuntu/quantum-workload-architecture/workloads/manifests/imported/real_dense_ring6_batched.yaml,wkl_e0163cd5ac336021,plan_e596fad9cf415779,run_08fd0c38de5b2783,2,success,quick,16,2,False,False,cuquantum_tensornet_gpu,off,0.03810646,0.257651,0.039501649,0.039501649,0.581735,18.617521,0.860998,,,,False,False
camp_0e9e80e16faae716,repeat_roi_v1,cell_51bc472b7970cd78,/home/ubuntu/quantum-workload-architecture/workloads/manifests/imported/real_qaoa_ring4_batched.yaml,wkl_864119d61a67efe5,plan_14f80c0993310f85,run_536b337c51e17250,0,success,deep,16,2,True,True,cuquantum_tensornet_gpu,off,0.043056163,0.257927,0.044401276,0.044401276,1.408852,12.606214,1.597945,,,,False,False
camp_0e9e80e16faae716,repeat_roi_v1,cell_51bc472b7970cd78,/home/ubuntu/quantum-workload-architecture/workloads/manifests/imported/real_qaoa_ring4_batched.yaml,wkl_864119d61a67efe5,plan_14f80c0993310f85,run_4831de6c527dfb08,1,success,deep,16,2,True,True,cuquantum_tensornet_gpu,off,0.043355172,0.26746,0.044799948,0.044799948,1.408852,12.606214,1.597945,,,,False,False
camp_0e9e80e16faae716,repeat_roi_v1,cell_51bc472b7970cd78,/home/ubuntu/quantum-workload-architecture/workloads/manifests/imported/real_qaoa_ring4_batched.yaml,wkl_864119d61a67efe5,plan_14f80c0993310f85,run_fd0e98c34d5094d1,2,success,deep,16,2,True,True,cuquantum_tensornet_gpu,off,0.044130517,0.248347,0.045426766,0.045426766,1.408852,12.606214,1.597945,,,,False,False
camp_0e9e80e16faae716,repeat_roi_v1,cell_5295ae59f8c07e71,/home/ubuntu/quantum-workload-architecture/workloads/manifests/imported/real_dense_ring6_batched.yaml,wkl_977f16a92f06596a,plan_307f87cf3626b7f8,run_b7da0b5090fa4bdf,0,success,quick,32,2,False,True,cuquantum_tensornet_gpu,off,0.037674879,0.254445,0.039068738,0.039068738,0.581735,18.617521,1.158878,,,,False,False
camp_0e9e80e16faae716,repeat_roi_v1,cell_5295ae59f8c07e71,/home/ubuntu/quantum-workload-architecture/workloads/manifests/imported/real_dense_ring6_batched.yaml,wkl_977f16a92f06596a,plan_307f87cf3626b7f8,run_5b0e0a9ecd5d3a5e,1,success,quick,32,2,False,True,cuquantum_tensornet_gpu,off,0.037454095,0.273097,0.039902293,0.039902293,0.581735,18.617521,1.158878,,,,False,False
camp_0e9e80e16faae716,repeat_roi_v1,cell_5295ae59f8c07e71,/home/ubuntu/quantum-workload-architecture/workloads/manifests/imported/real_dense_ring6_batched.yaml,wkl_977f16a92f06596a,plan_307f87cf3626b7f8,run_338151106318886f,2,success,quick,32,2,False,True,cuquantum_tensornet_gpu,off,0.038007274,0.25579,0.039411964,0.039411964,0.581735,18.617521,1.158878,,,,False,False
camp_0e9e80e16faae716,repeat_roi_v1,cell_55a09c0bb86b4a19,/home/ubuntu/quantum-workload-architecture/workloads/manifests/imported/real_dense_ring6_batched.yaml,wkl_84140faee381a579,plan_09407ef8d5aa4fa6,run_a7e23863251752ce,0,success,deep,2,2,False,True,cuquantum_tensornet_gpu,off,0.037790636,0.26283,0.039225075,0.039225075,1.21032,16.383418,1.226703,,,,False,False
camp_0e9e80e16faae716,repeat_roi_v1,cell_55a09c0bb86b4a19,/home/ubuntu/quantum-workload-architecture/workloads/manifests/imported/real_dense_ring6_batched.yaml,wkl_84140faee381a579,plan_09407ef8d5aa4fa6,run_43a218955e0effb8,1,success,deep,2,2,False,True,cuquantum_tensornet_gpu,off,0.037762054,0.249838,0.039156166,0.039156166,1.21032,16.383418,1.226703,,,,False,False
camp_0e9e80e16faae716,repeat_roi_v1,cell_55a09c0bb86b4a19,/home/ubuntu/quantum-workload-architecture/workloads/manifests/imported/real_dense_ring6_batched.yaml,wkl_84140faee381a579,plan_09407ef8d5aa4fa6,run_1f39e9b29700635a,2,success,deep,2,2,False,True,cuquantum_tensornet_gpu,off,0.037927762,0.260768,0.039376579,0.039376579,1.21032,16.383418,1.226703,,,,False,False
camp_0e9e80e16faae716,repeat_roi_v1,cell_55fe49d87d340467,/home/ubuntu/quantum-workload-architecture/workloads/manifests/imported/real_grid_shape6_amplitude.yaml,wkl_fc0e5b8c90c09068,plan_e4c1172c258b5774,run_c65eb234a7b4651e,0,success,quick,8,2,True,False,cuquantum_tensornet_gpu,off,0.045466488,0.273385,0.046920545,0.046920545,0.61037,23.222474,0.772927,,,,False,False
camp_0e9e80e16faae716,repeat_roi_v1,cell_55fe49d87d340467,/home/ubuntu/quantum-workload-architecture/workloads/manifests/imported/real_grid_shape6_amplitude.yaml,wkl_fc0e5b8c90c09068,plan_e4c1172c258b5774,run_d8617b49dfdb7a8e,1,success,quick,8,2,True,False,cuquantum_tensornet_gpu,off,0.04503095,0.279981,0.046474091,0.046474091,0.61037,23.222474,0.772927,,,,False,False
camp_0e9e80e16faae716,repeat_roi_v1,cell_55fe49d87d340467,/home/ubuntu/quantum-workload-architecture/workloads/manifests/imported/real_grid_shape6_amplitude.yaml,wkl_fc0e5b8c90c09068,plan_e4c1172c258b5774,run_ef8ee4af2d5ecfc2,2,success,quick,8,2,True,False,cuquantum_tensornet_gpu,off,0.045129007,0.277114,0.04657397,0.04657397,0.61037,23.222474,0.772927,,,,False,False
camp_0e9e80e16faae716,repeat_roi_v1,cell_5761e613a39f1934,/home/ubuntu/quantum-workload-architecture/workloads/manifests/imported/real_grid_shape6_amplitude.yaml,wkl_158088f87b588e6a,plan_5cc64798ca5ee758,run_7e04217095d9607d,0,success,quick,4,2,False,False,cuquantum_tensornet_gpu,off,0.040108695,0.271931,0.04157374,0.04157374,0.715588,22.293575,0.782469,,,,False,False
camp_0e9e80e16faae716,repeat_roi_v1,cell_5761e613a39f1934,/home/ubuntu/quantum-workload-architecture/workloads/manifests/imported/real_grid_shape6_amplitude.yaml,wkl_158088f87b588e6a,plan_5cc64798ca5ee758,run_70edb5045d7fb1ef,1,success,quick,4,2,False,False,cuquantum_tensornet_gpu,off,0.040706071,0.279545,0.04234245,0.04234245,0.715588,22.293575,0.782469,,,,False,False
camp_0e9e80e16faae716,repeat_roi_v1,cell_5761e613a39f1934,/home/ubuntu/quantum-workload-architecture/workloads/manifests/imported/real_grid_shape6_amplitude.yaml,wkl_158088f87b588e6a,plan_5cc64798ca5ee758,run_3aa3cdcb6d80d9bb,2,success,quick,4,2,False,False,cuquantum_tensornet_gpu,off,0.040032513,0.292098,0.041584716,0.041584716,0.715588,22.293575,0.782469,,,,False,False
camp_0e9e80e16faae716,repeat_roi_v1,cell_57acbf58aedc9832,/home/ubuntu/quantum-workload-architecture/workloads/manifests/imported/real_qaoa_ring4_batched.yaml,wkl_b169adc6c553a708,plan_acd3e7a40be82ee4,run_6fe650f482c4e956,0,success,quick,1,2,True,False,cuquantum_tensornet_gpu,off,0.043303482,0.2589,0.044709567,0.044709567,0.68286,18.634462,0.68286,,,,False,False
camp_0e9e80e16faae716,repeat_roi_v1,cell_57acbf58aedc9832,/home/ubuntu/quantum-workload-architecture/workloads/manifests/imported/real_qaoa_ring4_batched.yaml,wkl_b169adc6c553a708,plan_acd3e7a40be82ee4,run_6b0f7c408e7947c7,1,success,quick,1,2,True,False,cuquantum_tensornet_gpu,off,0.043434713,0.260846,0.044803861,0.044803861,0.68286,18.634462,0.68286,,,,False,False
camp_0e9e80e16faae716,repeat_roi_v1,cell_57acbf58aedc9832,/home/ubuntu/quantum-workload-architecture/workloads/manifests/imported/real_qaoa_ring4_batched.yaml,wkl_b169adc6c553a708,plan_acd3e7a40be82ee4,run_7c148c5afac5f4ca,2,success,quick,1,2,True,False,cuquantum_tensornet_gpu,off,0.043818391,0.274178,0.045289938,0.045289938,0.68286,18.634462,0.68286,,,,False,False
camp_0e9e80e16faae716,repeat_roi_v1,cell_57b72fa1840d6d31,/home/ubuntu/quantum-workload-architecture/workloads/manifests/imported/real_grid_shape6_amplitude.yaml,wkl_d98e6053c916739a,plan_494a51ca443c9fea,run_c0be3587a0e7f95e,0,success,quick,32,2,False,False,cuquantum_tensornet_gpu,off,0.039947418,0.279386,0.041382109,0.041382109,0.61037,23.222474,1.330267,,,,False,False
camp_0e9e80e16faae716,repeat_roi_v1,cell_57b72fa1840d6d31,/home/ubuntu/quantum-workload-architecture/workloads/manifests/imported/real_grid_shape6_amplitude.yaml,wkl_d98e6053c916739a,plan_494a51ca443c9fea,run_ba6fad8b7aa5eff9,1,success,quick,32,2,False,False,cuquantum_tensornet_gpu,off,0.040299595,0.277535,0.041752625,0.041752625,0.61037,23.222474,1.330267,,,,False,False
camp_0e9e80e16faae716,repeat_roi_v1,cell_57b72fa1840d6d31,/home/ubuntu/quantum-workload-architecture/workloads/manifests/imported/real_grid_shape6_amplitude.yaml,wkl_d98e6053c916739a,plan_494a51ca443c9fea,run_c28fb81e63a2ea71,2,success,quick,32,2,False,False,cuquantum_tensornet_gpu,off,0.040340508,0.284164,0.041857216,0.041857216,0.61037,23.222474,1.330267,,,,False,False
camp_0e9e80e16faae716,repeat_roi_v1,cell_583495360167118e,/home/ubuntu/quantum-workload-architecture/workloads/manifests/imported/real_dense_ring6_amplitude.yaml,wkl_97d47d38f2d87b66,plan_eadbc13f2bb0db17,run_0e445799d410b53e,0,success,balanced,16,2,True,False,cuquantum_tensornet_gpu,off,0.044363701,0.301232,0.045999428,0.045999428,0.599219,22.506348,0.936814,,,,False,False
camp_0e9e80e16faae716,repeat_roi_v1,cell_583495360167118e,/home/ubuntu/quantum-workload-architecture/workloads/manifests/imported/real_dense_ring6_amplitude.yaml,wkl_97d47d38f2d87b66,plan_eadbc13f2bb0db17,run_cbf60b63a4b6b72c,1,success,balanced,16,2,True,False,cuquantum_tensornet_gpu,off,0.043826656,0.284891,0.045380073,0.045380073,0.599219,22.506348,0.936814,,,,False,False
camp_0e9e80e16faae716,repeat_roi_v1,cell_583495360167118e,/home/ubuntu/quantum-workload-architecture/workloads/manifests/imported/real_dense_ring6_amplitude.yaml,wkl_97d47d38f2d87b66,plan_eadbc13f2bb0db17,run_b3a521694f93c9e9,2,success,balanced,16,2,True,False,cuquantum_tensornet_gpu,off,0.044003567,0.279585,0.045516534,0.045516534,0.599219,22.506348,0.936814,,,,False,False
camp_0e9e80e16faae716,repeat_roi_v1,cell_587429a19594c30c,/home/ubuntu/quantum-workload-architecture/workloads/manifests/imported/real_dense_ring6_amplitude.yaml,wkl_163dac6a7fcd636d,plan_685a0e1f0b42ee51,run_3341387fc35d1059,0,success,quick,32,2,True,False,cuquantum_tensornet_gpu,off,0.044153584,0.395171,0.045883263,0.045883263,0.599219,22.506348,1.296916,,,,False,False
camp_0e9e80e16faae716,repeat_roi_v1,cell_587429a19594c30c,/home/ubuntu/quantum-workload-architecture/workloads/manifests/imported/real_dense_ring6_amplitude.yaml,wkl_163dac6a7fcd636d,plan_685a0e1f0b42ee51,run_c1c71247850c376b,1,success,quick,32,2,True,False,cuquantum_tensornet_gpu,off,0.044524021,0.276656,0.045968377,0.045968377,0.599219,22.506348,1.296916,,,,False,False
camp_0e9e80e16faae716,repeat_roi_v1,cell_587429a19594c30c,/home/ubuntu/quantum-workload-architecture/workloads/manifests/imported/real_dense_ring6_amplitude.yaml,wkl_163dac6a7fcd636d,plan_685a0e1f0b42ee51,run_fc266e83bb5d16f4,2,success,quick,32,2,True,False,cuquantum_tensornet_gpu,off,0.044738091,0.29356,0.046295822,0.046295822,0.599219,22.506348,1.296916,,,,False,False
camp_0e9e80e16faae716,repeat_roi_v1,cell_5925863b350c2854,/home/ubuntu/quantum-workload-architecture/workloads/manifests/imported/real_qaoa_ring4_batched.yaml,wkl_864119d61a67efe5,plan_87ed9a39cbb01036,run_35345b49726dd7f1,0,success,balanced,16,2,False,False,cuquantum_tensornet_gpu,off,0.039234132,0.266927,0.040664703,0.040664703,0.590691,19.410898,0.881854,,,,False,False
camp_0e9e80e16faae716,repeat_roi_v1,cell_5925863b350c2854,/home/ubuntu/quantum-workload-architecture/workloads/manifests/imported/real_qaoa_ring4_batched.yaml,wkl_864119d61a67efe5,plan_87ed9a39cbb01036,run_f04a5d7074e4d9e7,1,success,balanced,16,2,False,False,cuquantum_tensornet_gpu,off,0.039089726,0.256026,0.040452894,0.040452894,0.590691,19.410898,0.881854,,,,False,False
camp_0e9e80e16faae716,repeat_roi_v1,cell_5925863b350c2854,/home/ubuntu/quantum-workload-architecture/workloads/manifests/imported/real_qaoa_ring4_batched.yaml,wkl_864119d61a67efe5,plan_87ed9a39cbb01036,run_dfe650b60576955b,2,success,balanced,16,2,False,False,cuquantum_tensornet_gpu,off,0.038462383,0.253085,0.039804586,0.039804586,0.590691,19.410898,0.881854,,,,False,False
camp_0e9e80e16faae716,repeat_roi_v1,cell_5932d8fe4983cb04,/home/ubuntu/quantum-workload-architecture/workloads/manifests/imported/real_dense_ring6_amplitude.yaml,wkl_97d47d38f2d87b66,plan_29b0393ddb11c85f,run_83217156bf8296f3,0,success,quick,16,2,True,False,cuquantum_tensornet_gpu,off,0.04305745,0.276536,0.04450001,0.04450001,0.599219,22.506348,0.936814,,,,False,False
camp_0e9e80e16faae716,repeat_roi_v1,cell_5932d8fe4983cb04,/home/ubuntu/quantum-workload-architecture/workloads/manifests/imported/real_dense_ring6_amplitude.yaml,wkl_97d47d38f2d87b66,plan_29b0393ddb11c85f,run_2967fe8955f20271,1,success,quick,16,2,True,False,cuquantum_tensornet_gpu,off,0.0435773,0.295828,0.04510938,0.04510938,0.599219,22.506348,0.936814,,,,False,False
camp_0e9e80e16faae716,repeat_roi_v1,cell_5932d8fe4983cb04,/home/ubuntu/quantum-workload-architecture/workloads/manifests/imported/real_dense_ring6_amplitude.yaml,wkl_97d47d38f2d87b66,plan_29b0393ddb11c85f,run_2ba8823edd7bf66a,2,success,quick,16,2,True,False,cuquantum_tensornet_gpu,off,0.043557547,0.279116,0.045057152,0.045057152,0.599219,22.506348,0.936814,,,,False,False
camp_0e9e80e16faae716,repeat_roi_v1,cell_59b50696d61e533f,/home/ubuntu/quantum-workload-architecture/workloads/manifests/imported/real_grid_shape6_amplitude.yaml,wkl_d4fa6cd925641ea0,plan_3cd8a10453868f31,run_cccf89a944eec449,0,success,balanced,16,2,False,True,cuquantum_tensornet_gpu,off,0.040210657,0.283212,0.041701903,0.041701903,0.61037,23.222474,0.958707,,,,False,False
camp_0e9e80e16faae716,repeat_roi_v1,cell_59b50696d61e533f,/home/ubuntu/quantum-workload-architecture/workloads/manifests/imported/real_grid_shape6_amplitude.yaml,wkl_d4fa6cd925641ea0,plan_3cd8a10453868f31,run_0522a9b5a453a3fd,1,success,balanced,16,2,False,True,cuquantum_tensornet_gpu,off,0.040177221,0.285386,0.041641565,0.041641565,0.61037,23.222474,0.958707,,,,False,False
camp_0e9e80e16faae716,repeat_roi_v1,cell_59b50696d61e533f,/home/ubuntu/quantum-workload-architecture/workloads/manifests/imported/real_grid_shape6_amplitude.yaml,wkl_d4fa6cd925641ea0,plan_3cd8a10453868f31,run_bd0c9db7ab2b4ff9,2,success,balanced,16,2,False,True,cuquantum_tensornet_gpu,off,0.039490268,0.270975,0.040933853,0.040933853,0.61037,23.222474,0.958707,,,,False,False
camp_0e9e80e16faae716,repeat_roi_v1,cell_5a252bad0bf75adb,/home/ubuntu/quantum-workload-architecture/workloads/manifests/imported/real_qaoa_ring4_batched.yaml,wkl_e27a5a050294e2ef,plan_2c9959e96804887c,run_569e0e0c07d1b0eb,0,success,deep,8,2,False,False,cuquantum_tensornet_gpu,off,0.038882577,0.251214,0.040228062,0.040228062,1.408852,12.606214,1.497095,,,,False,False
camp_0e9e80e16faae716,repeat_roi_v1,cell_5a252bad0bf75adb,/home/ubuntu/quantum-workload-architecture/workloads/manifests/imported/real_qaoa_ring4_batched.yaml,wkl_e27a5a050294e2ef,plan_2c9959e96804887c,run_dde4af94c27aa9ea,1,success,deep,8,2,False,False,cuquantum_tensornet_gpu,off,0.03916158,0.252462,0.040581747,0.040581747,1.408852,12.606214,1.497095,,,,False,False
camp_0e9e80e16faae716,repeat_roi_v1,cell_5a252bad0bf75adb,/home/ubuntu/quantum-workload-architecture/workloads/manifests/imported/real_qaoa_ring4_batched.yaml,wkl_e27a5a050294e2ef,plan_2c9959e96804887c,run_c8934b744ff8fb1e,2,success,deep,8,2,False,False,cuquantum_tensornet_gpu,off,0.038990253,0.248895,0.040354055,0.040354055,1.408852,12.606214,1.497095,,,,False,False
camp_0e9e80e16faae716,repeat_roi_v1,cell_5a28dd3a4494e6dc,/home/ubuntu/quantum-workload-architecture/workloads/manifests/imported/real_grid_shape6_amplitude.yaml,wkl_b825ad9e4287ddce,plan_4eba85d85f0ec43e,run_80ba5fb131af3422,0,success,quick,2,2,False,True,cuquantum_tensornet_gpu,off,0.039938004,0.282272,0.041403017,0.041403017,0.715588,22.293575,0.737882,,,,False,False
camp_0e9e80e16faae716,repeat_roi_v1,cell_5a28dd3a4494e6dc,/home/ubuntu/quantum-workload-architecture/workloads/manifests/imported/real_grid_shape6_amplitude.yaml,wkl_b825ad9e4287ddce,plan_4eba85d85f0ec43e,run_7963e54a77994c11,1,success,quick,2,2,False,True,cuquantum_tensornet_gpu,off,0.040311719,0.289214,0.041800132,0.041800132,0.715588,22.293575,0.737882,,,,False,False
camp_0e9e80e16faae716,repeat_roi_v1,cell_5a28dd3a4494e6dc,/home/ubuntu/quantum-workload-architecture/workloads/manifests/imported/real_grid_shape6_amplitude.yaml,wkl_b825ad9e4287ddce,plan_4eba85d85f0ec43e,run_f8ec9fae5e87e8ea,2,success,quick,2,2,False,True,cuquantum_tensornet_gpu,off,0.040196284,0.284925,0.041689264,0.041689264,0.715588,22.293575,0.737882,,,,False,False
camp_0e9e80e16faae716,repeat_roi_v1,cell_5ab0fb22f9ad64a4,/home/ubuntu/quantum-workload-architecture/workloads/manifests/imported/real_ghz3_amplitude.yaml,wkl_e5f6794fb08543dd,plan_8158df1ebe774a1b,run_7796edda67c925c2,0,success,balanced,4,2,True,False,cuquantum_tensornet_gpu,off,0.014466736,0.14104,0.015328192,0.015328192,0.629314,13.989494,0.671282,,,,False,False
camp_0e9e80e16faae716,repeat_roi_v1,cell_5ab0fb22f9ad64a4,/home/ubuntu/quantum-workload-architecture/workloads/manifests/imported/real_ghz3_amplitude.yaml,wkl_e5f6794fb08543dd,plan_8158df1ebe774a1b,run_ee0238ae37372356,1,success,balanced,4,2,True,False,cuquantum_tensornet_gpu,off,0.014153264,0.13927,0.015054945,0.015054945,0.629314,13.989494,0.671282,,,,False,False
camp_0e9e80e16faae716,repeat_roi_v1,cell_5ab0fb22f9ad64a4,/home/ubuntu/quantum-workload-architecture/workloads/manifests/imported/real_ghz3_amplitude.yaml,wkl_e5f6794fb08543dd,plan_8158df1ebe774a1b,run_3599bc7a406ce166,2,success,balanced,4,2,True,False,cuquantum_tensornet_gpu,off,0.014176831,0.143123,0.015113365,0.015113365,0.629314,13.989494,0.671282,,,,False,False
camp_0e9e80e16faae716,repeat_roi_v1,cell_5ac450aba4661fe4,/home/ubuntu/quantum-workload-architecture/workloads/manifests/imported/real_grid_shape6_amplitude.yaml,wkl_d98e6053c916739a,plan_396f7c2f3c91f7f1,run_afed591e2e80ba0a,0,success,balanced,32,2,True,False,cuquantum_tensornet_gpu,off,0.047345392,0.281535,0.04885325,0.04885325,0.61037,23.222474,1.330267,,,,False,False
camp_0e9e80e16faae716,repeat_roi_v1,cell_5ac450aba4661fe4,/home/ubuntu/quantum-workload-architecture/workloads/manifests/imported/real_grid_shape6_amplitude.yaml,wkl_d98e6053c916739a,plan_396f7c2f3c91f7f1,run_592001796cde5b6b,1,success,balanced,32,2,True,False,cuquantum_tensornet_gpu,off,0.047372722,0.289235,0.048965226,0.048965226,0.61037,23.222474,1.330267,,,,False,False
camp_0e9e80e16faae716,repeat_roi_v1,cell_5ac450aba4661fe4,/home/ubuntu/quantum-workload-architecture/workloads/manifests/imported/real_grid_shape6_amplitude.yaml,wkl_d98e6053c916739a,plan_396f7c2f3c91f7f1,run_9acf8a17f02d979e,2,success,balanced,32,2,True,False,cuquantum_tensornet_gpu,off,0.047545392,0.290847,0.049063078,0.049063078,0.61037,23.222474,1.330267,,,,False,False
camp_0e9e80e16faae716,repeat_roi_v1,cell_5ae7e070bd3b4e4a,/home/ubuntu/quantum-workload-architecture/workloads/manifests/imported/real_dense_ring6_amplitude.yaml,wkl_9e01192b062045b6,plan_20b6ba382ea0cc8e,run_4d793b26079d9c5f,0,success,quick,4,2,False,False,cuquantum_tensornet_gpu,off,0.038829643,0.286378,0.040386596,0.040386596,0.702031,21.606094,0.766849,,,,False,False
camp_0e9e80e16faae716,repeat_roi_v1,cell_5ae7e070bd3b4e4a,/home/ubuntu/quantum-workload-architecture/workloads/manifests/imported/real_dense_ring6_amplitude.yaml,wkl_9e01192b062045b6,plan_20b6ba382ea0cc8e,run_125b1ca32ce85093,1,success,quick,4,2,False,False,cuquantum_tensornet_gpu,off,0.038357088,0.286316,0.039881518,0.039881518,0.702031,21.606094,0.766849,,,,False,False
camp_0e9e80e16faae716,repeat_roi_v1,cell_5ae7e070bd3b4e4a,/home/ubuntu/quantum-workload-architecture/workloads/manifests/imported/real_dense_ring6_amplitude.yaml,wkl_9e01192b062045b6,plan_20b6ba382ea0cc8e,run_6265ef2c10fddb25,2,success,quick,4,2,False,False,cuquantum_tensornet_gpu,off,0.038049121,0.272304,0.039478605,0.039478605,0.702031,21.606094,0.766849,,,,False,False
camp_0e9e80e16faae716,repeat_roi_v1,cell_5aeb0d356585a259,/home/ubuntu/quantum-workload-architecture/workloads/manifests/imported/real_qaoa_ring4_batched.yaml,wkl_ba3875dd3ccf7480,plan_f2b6debf342181b3,run_96694352e63a5156,0,success,balanced,32,2,True,True,cuquantum_tensornet_gpu,off,0.043212642,0.262515,0.044583409,0.044583409,0.590691,19.410898,1.192429,,,,False,False
camp_0e9e80e16faae716,repeat_roi_v1,cell_5aeb0d356585a259,/home/ubuntu/quantum-workload-architecture/workloads/manifests/imported/real_qaoa_ring4_batched.yaml,wkl_ba3875dd3ccf7480,plan_f2b6debf342181b3,run_85b468ccd50f5b25,1,success,balanced,32,2,True,True,cuquantum_tensornet_gpu,off,0.043594687,0.258055,0.044963435,0.044963435,0.590691,19.410898,1.192429,,,,False,False
camp_0e9e80e16faae716,repeat_roi_v1,cell_5aeb0d356585a259,/home/ubuntu/quantum-workload-architecture/workloads/manifests/imported/real_qaoa_ring4_batched.yaml,wkl_ba3875dd3ccf7480,plan_f2b6debf342181b3,run_ce09cc0631e8cc2c,2,success,balanced,32,2,True,True,cuquantum_tensornet_gpu,off,0.043307918,0.265456,0.044645091,0.044645091,0.590691,19.410898,1.192429,,,,False,False
camp_0e9e80e16faae716,repeat_roi_v1,cell_5afe7b5bba219744,/home/ubuntu/quantum-workload-architecture/workloads/manifests/imported/real_dense_ring6_amplitude.yaml,wkl_9e01192b062045b6,plan_d6a6eb6e6ff16bfa,run_1021efd1af75daf7,0,success,quick,4,2,True,False,cuquantum_tensornet_gpu,off,0.043867886,0.289019,0.045395297,0.045395297,0.702031,21.606094,0.766849,,,,False,False
camp_0e9e80e16faae716,repeat_roi_v1,cell_5afe7b5bba219744,/home/ubuntu/quantum-workload-architecture/workloads/manifests/imported/real_dense_ring6_amplitude.yaml,wkl_9e01192b062045b6,plan_d6a6eb6e6ff16bfa,run_667b478c63e5ecab,1,success,quick,4,2,True,False,cuquantum_tensornet_gpu,off,0.043618763,0.277458,0.045080972,0.045080972,0.702031,21.606094,0.766849,,,,False,False
camp_0e9e80e16faae716,repeat_roi_v1,cell_5afe7b5bba219744,/home/ubuntu/quantum-workload-architecture/workloads/manifests/imported/real_dense_ring6_amplitude.yaml,wkl_9e01192b062045b6,plan_d6a6eb6e6ff16bfa,run_da02ff836b6198d1,2,success,quick,4,2,True,False,cuquantum_tensornet_gpu,off,0.043659319,0.281663,0.045186379,0.045186379,0.702031,21.606094,0.766849,,,,False,False
camp_0e9e80e16faae716,repeat_roi_v1,cell_5bc063e9c3254c67,/home/ubuntu/quantum-workload-architecture/workloads/manifests/imported/real_grid_shape6_amplitude.yaml,wkl_b825ad9e4287ddce,plan_570d39c74aa87389,run_0a0cb15437f08cbb,0,success,balanced,2,2,True,False,cuquantum_tensornet_gpu,off,0.05314093,0.28953,0.055066359,0.055066359,0.715588,22.293575,0.737882,,,,False,False
camp_0e9e80e16faae716,repeat_roi_v1,cell_5bc063e9c3254c67,/home/ubuntu/quantum-workload-architecture/workloads/manifests/imported/real_grid_shape6_amplitude.yaml,wkl_b825ad9e4287ddce,plan_570d39c74aa87389,run_e4a6ed78baaef58d,1,success,balanced,2,2,True,False,cuquantum_tensornet_gpu,off,0.047646918,0.270466,0.049093214,0.049093214,0.715588,22.293575,0.737882,,,,False,False
camp_0e9e80e16faae716,repeat_roi_v1,cell_5bc063e9c3254c67,/home/ubuntu/quantum-workload-architecture/workloads/manifests/imported/real_grid_shape6_amplitude.yaml,wkl_b825ad9e4287ddce,plan_570d39c74aa87389,run_cc2fb7de1930bbce,2,success,balanced,2,2,True,False,cuquantum_tensornet_gpu,off,0.046018291,0.283353,0.047497761,0.047497761,0.715588,22.293575,0.737882,,,,False,False
camp_0e9e80e16faae716,repeat_roi_v1,cell_5cee0f52241feb92,/home/ubuntu/quantum-workload-architecture/workloads/manifests/imported/real_qaoa_ring4_batched.yaml,wkl_b169adc6c553a708,plan_a12428a360c1d5b6,run_e9657e2c1a2a7f58,0,success,balanced,1,2,True,False,cuquantum_tensornet_gpu,off,0.043877281,0.246928,0.045197598,0.045197598,0.68286,18.634462,0.68286,,,,False,False
camp_0e9e80e16faae716,repeat_roi_v1,cell_5cee0f52241feb92,/home/ubuntu/quantum-workload-architecture/workloads/manifests/imported/real_qaoa_ring4_batched.yaml,wkl_b169adc6c553a708,plan_a12428a360c1d5b6,run_9718fe3fc6e150a0,1,success,balanced,1,2,True,False,cuquantum_tensornet_gpu,off,0.043287591,0.261421,0.044730407,0.044730407,0.68286,18.634462,0.68286,,,,False,False
camp_0e9e80e16faae716,repeat_roi_v1,cell_5cee0f52241feb92,/home/ubuntu/quantum-workload-architecture/workloads/manifests/imported/real_qaoa_ring4_batched.yaml,wkl_b169adc6c553a708,plan_a12428a360c1d5b6,run_2c2fae7fe64055cf,2,success,balanced,1,2,True,False,cuquantum_tensornet_gpu,off,0.044169478,0.256813,0.045551184,0.045551184,0.68286,18.634462,0.68286,,,,False,False
camp_0e9e80e16faae716,repeat_roi_v1,cell_5d33183b469c772d,/home/ubuntu/quantum-workload-architecture/workloads/manifests/imported/real_dense_ring6_amplitude.yaml,wkl_163dac6a7fcd636d,plan_15a0c75567c3bb52,run_92bb09ec102d1708,0,success,balanced,32,2,False,False,cuquantum_tensornet_gpu,off,0.039033309,0.272423,0.040495915,0.040495915,0.599219,22.506348,1.296916,,,,False,False
camp_0e9e80e16faae716,repeat_roi_v1,cell_5d33183b469c772d,/home/ubuntu/quantum-workload-architecture/workloads/manifests/imported/real_dense_ring6_amplitude.yaml,wkl_163dac6a7fcd636d,plan_15a0c75567c3bb52,run_10156cd7ae2b7bc4,1,success,balanced,32,2,False,False,cuquantum_tensornet_gpu,off,0.038193742,0.272952,0.039681613,0.039681613,0.599219,22.506348,1.296916,,,,False,False
camp_0e9e80e16faae716,repeat_roi_v1,cell_5d33183b469c772d,/home/ubuntu/quantum-workload-architecture/workloads/manifests/imported/real_dense_ring6_amplitude.yaml,wkl_163dac6a7fcd636d,plan_15a0c75567c3bb52,run_86c3e30062e56e00,2,success,balanced,32,2,False,False,cuquantum_tensornet_gpu,off,0.038208843,0.272463,0.039672083,0.039672083,0.599219,22.506348,1.296916,,,,False,False
camp_0e9e80e16faae716,repeat_roi_v1,cell_5de8a526a138cb00,/home/ubuntu/quantum-workload-architecture/workloads/manifests/imported/real_qaoa_ring4_batched.yaml,wkl_19ca61869000401d,plan_7132bc1cf030d90c,run_1a6f95051c17cf30,0,success,deep,4,2,True,False,cuquantum_tensornet_gpu,off,0.043819098,0.256266,0.045184722,0.045184722,1.238985,17.08159,1.29023,,,,False,False
camp_0e9e80e16faae716,repeat_roi_v1,cell_5de8a526a138cb00,/home/ubuntu/quantum-workload-architecture/workloads/manifests/imported/real_qaoa_ring4_batched.yaml,wkl_19ca61869000401d,plan_7132bc1cf030d90c,run_fd4990188250b024,1,success,deep,4,2,True,False,cuquantum_tensornet_gpu,off,0.043475551,0.269042,0.044840404,0.044840404,1.238985,17.08159,1.29023,,,,False,False
camp_0e9e80e16faae716,repeat_roi_v1,cell_5de8a526a138cb00,/home/ubuntu/quantum-workload-architecture/workloads/manifests/imported/real_qaoa_ring4_batched.yaml,wkl_19ca61869000401d,plan_7132bc1cf030d90c,run_52bb0d38bfb9087a,2,success,deep,4,2,True,False,cuquantum_tensornet_gpu,off,0.043504283,0.255172,0.044915879,0.044915879,1.238985,17.08159,1.29023,,,,False,False
camp_0e9e80e16faae716,repeat_roi_v1,cell_5e104cf2eac49e02,/home/ubuntu/quantum-workload-architecture/workloads/manifests/imported/real_ghz3_amplitude.yaml,wkl_e5f6794fb08543dd,plan_aa7f8e3d7cb43d19,run_e5ffb6cb8c82a024,0,success,balanced,4,2,False,True,cuquantum_tensornet_gpu,off,0.012775854,0.139987,0.013678958,0.013678958,0.629314,13.989494,0.671282,,,,False,False
camp_0e9e80e16faae716,repeat_roi_v1,cell_5e104cf2eac49e02,/home/ubuntu/quantum-workload-architecture/workloads/manifests/imported/real_ghz3_amplitude.yaml,wkl_e5f6794fb08543dd,plan_aa7f8e3d7cb43d19,run_fd77656914452b44,1,success,balanced,4,2,False,True,cuquantum_tensornet_gpu,off,0.012419642,0.145791,0.013370251,0.013370251,0.629314,13.989494,0.671282,,,,False,False
camp_0e9e80e16faae716,repeat_roi_v1,cell_5e104cf2eac49e02,/home/ubuntu/quantum-workload-architecture/workloads/manifests/imported/real_ghz3_amplitude.yaml,wkl_e5f6794fb08543dd,plan_aa7f8e3d7cb43d19,run_925d0dfd394b66a2,2,success,balanced,4,2,False,True,cuquantum_tensornet_gpu,off,0.012607989,0.147468,0.013535315,0.013535315,0.629314,13.989494,0.671282,,,,False,False
camp_0e9e80e16faae716,repeat_roi_v1,cell_5e359207e7f52d14,/home/ubuntu/quantum-workload-architecture/workloads/manifests/imported/real_ghz3_amplitude.yaml,wkl_aba637ae8beeb019,plan_cc5053e5061fef67,run_71c957110ae61bdf,0,success,balanced,32,2,True,True,cuquantum_tensornet_gpu,off,0.014354412,0.143095,0.01526972,0.01526972,0.554734,14.57239,1.006478,,,,False,False
camp_0e9e80e16faae716,repeat_roi_v1,cell_5e359207e7f52d14,/home/ubuntu/quantum-workload-architecture/workloads/manifests/imported/real_ghz3_amplitude.yaml,wkl_aba637ae8beeb019,plan_cc5053e5061fef67,run_f01386f570fc9a0e,1,success,balanced,32,2,True,True,cuquantum_tensornet_gpu,off,0.013970599,0.134068,0.014859247,0.014859247,0.554734,14.57239,1.006478,,,,False,False
camp_0e9e80e16faae716,repeat_roi_v1,cell_5e359207e7f52d14,/home/ubuntu/quantum-workload-architecture/workloads/manifests/imported/real_ghz3_amplitude.yaml,wkl_aba637ae8beeb019,plan_cc5053e5061fef67,run_e89f6b9d3f470f5f,2,success,balanced,32,2,True,True,cuquantum_tensornet_gpu,off,0.014443214,0.143533,0.01534718,0.01534718,0.554734,14.57239,1.006478,,,,False,False
camp_0e9e80e16faae716,repeat_roi_v1,cell_5e3f7261bf01920b,/home/ubuntu/quantum-workload-architecture/workloads/manifests/imported/real_grid_shape6_amplitude.yaml,wkl_158088f87b588e6a,plan_6a8f8c1db6dc2f3a,run_4680726f84ac7d1b,0,success,deep,4,2,True,True,cuquantum_tensornet_gpu,off,0.053889421,0.277004,0.05536756,0.05536756,1.350612,20.435777,1.411919,,,,False,False
camp_0e9e80e16faae716,repeat_roi_v1,cell_5e3f7261bf01920b,/home/ubuntu/quantum-workload-architecture/workloads/manifests/imported/real_grid_shape6_amplitude.yaml,wkl_158088f87b588e6a,plan_6a8f8c1db6dc2f3a,run_4d4c89c42ee0f7ed,1,success,deep,4,2,True,True,cuquantum_tensornet_gpu,off,0.045774858,0.275095,0.047225362,0.047225362,1.350612,20.435777,1.411919,,,,False,False
camp_0e9e80e16faae716,repeat_roi_v1,cell_5e3f7261bf01920b,/home/ubuntu/quantum-workload-architecture/workloads/manifests/imported/real_grid_shape6_amplitude.yaml,wkl_158088f87b588e6a,plan_6a8f8c1db6dc2f3a,run_616ff74545047277,2,success,deep,4,2,True,True,cuquantum_tensornet_gpu,off,0.051858488,0.287411,0.053416601,0.053416601,1.350612,20.435777,1.411919,,,,False,False
camp_0e9e80e16faae716,repeat_roi_v1,cell_5e877d8e6816830f,/home/ubuntu/quantum-workload-architecture/workloads/manifests/imported/real_dense_ring6_batched.yaml,wkl_e0163cd5ac336021,plan_c31dd372d398bb80,run_daf45baad5de03d5,0,success,balanced,16,2,False,False,cuquantum_tensornet_gpu,off,0.038366499,0.254482,0.039811113,0.039811113,0.581735,18.617521,0.860998,,,,False,False
camp_0e9e80e16faae716,repeat_roi_v1,cell_5e877d8e6816830f,/home/ubuntu/quantum-workload-architecture/workloads/manifests/imported/real_dense_ring6_batched.yaml,wkl_e0163cd5ac336021,plan_c31dd372d398bb80,run_4a772bfd79917411,1,success,balanced,16,2,False,False,cuquantum_tensornet_gpu,off,0.038202487,0.255034,0.039576454,0.039576454,0.581735,18.617521,0.860998,,,,False,False
camp_0e9e80e16faae716,repeat_roi_v1,cell_5e877d8e6816830f,/home/ubuntu/quantum-workload-architecture/workloads/manifests/imported/real_dense_ring6_batched.yaml,wkl_e0163cd5ac336021,plan_c31dd372d398bb80,run_2e0086be186b43fa,2,success,balanced,16,2,False,False,cuquantum_tensornet_gpu,off,0.037688146,0.259931,0.039048957,0.039048957,0.581735,18.617521,0.860998,,,,False,False
camp_0e9e80e16faae716,repeat_roi_v1,cell_5ee811f31e46c258,/home/ubuntu/quantum-workload-architecture/workloads/manifests/imported/real_dense_ring6_amplitude.yaml,wkl_fecefeb4ecb3e7d2,plan_33c9694564dfebd1,run_bda9521c184aad47,0,success,deep,8,2,False,False,cuquantum_tensornet_gpu,off,0.044320021,0.280139,0.045899898,0.045899898,1.507163,14.616523,1.609479,,,,False,False
camp_0e9e80e16faae716,repeat_roi_v1,cell_5ee811f31e46c258,/home/ubuntu/quantum-workload-architecture/workloads/manifests/imported/real_dense_ring6_amplitude.yaml,wkl_fecefeb4ecb3e7d2,plan_33c9694564dfebd1,run_a26167660b05a674,1,success,deep,8,2,False,False,cuquantum_tensornet_gpu,off,0.04537598,0.397689,0.047432488,0.047432488,1.507163,14.616523,1.609479,,,,False,False
camp_0e9e80e16faae716,repeat_roi_v1,cell_5ee811f31e46c258,/home/ubuntu/quantum-workload-architecture/workloads/manifests/imported/real_dense_ring6_amplitude.yaml,wkl_fecefeb4ecb3e7d2,plan_33c9694564dfebd1,run_37576f36e32ad9c8,2,success,deep,8,2,False,False,cuquantum_tensornet_gpu,off,0.043094308,0.2836,0.044655695,0.044655695,1.507163,14.616523,1.609479,,,,False,False
camp_0e9e80e16faae716,repeat_roi_v1,cell_5f928cabcd0591c3,/home/ubuntu/quantum-workload-architecture/workloads/manifests/imported/real_dense_ring6_batched.yaml,wkl_31ef8810e7d2c00b,plan_763bbeb8a36f89e2,run_225a4e15c74fb836,0,success,quick,1,2,False,True,cuquantum_tensornet_gpu,off,0.037800216,0.261923,0.039193084,0.039193084,0.671107,17.87282,0.671107,,,,False,False
camp_0e9e80e16faae716,repeat_roi_v1,cell_5f928cabcd0591c3,/home/ubuntu/quantum-workload-architecture/workloads/manifests/imported/real_dense_ring6_batched.yaml,wkl_31ef8810e7d2c00b,plan_763bbeb8a36f89e2,run_f6030db23271a81c,1,success,quick,1,2,False,True,cuquantum_tensornet_gpu,off,0.038496156,0.264638,0.039888137,0.039888137,0.671107,17.87282,0.671107,,,,False,False
camp_0e9e80e16faae716,repeat_roi_v1,cell_5f928cabcd0591c3,/home/ubuntu/quantum-workload-architecture/workloads/manifests/imported/real_dense_ring6_batched.yaml,wkl_31ef8810e7d2c00b,plan_763bbeb8a36f89e2,run_077348488b96aafe,2,success,quick,1,2,False,True,cuquantum_tensornet_gpu,off,0.038603029,0.301389,0.040408268,0.040408268,0.671107,17.87282,0.671107,,,,False,False
camp_0e9e80e16faae716,repeat_roi_v1,cell_60338d2c7567085f,/home/ubuntu/quantum-workload-architecture/workloads/manifests/imported/real_dense_ring6_batched.yaml,wkl_50dd86db6abd0bfa,plan_0ebb30f49f75c565,run_2506514231fbff28,0,success,quick,8,2,False,False,cuquantum_tensornet_gpu,off,0.03760214,0.262197,0.039039506,0.039039506,0.581735,18.617521,0.712058,,,,False,False
camp_0e9e80e16faae716,repeat_roi_v1,cell_60338d2c7567085f,/home/ubuntu/quantum-workload-architecture/workloads/manifests/imported/real_dense_ring6_batched.yaml,wkl_50dd86db6abd0bfa,plan_0ebb30f49f75c565,run_60183a9fe111c484,1,success,quick,8,2,False,False,cuquantum_tensornet_gpu,off,0.0386026,0.303175,0.040251742,0.040251742,0.581735,18.617521,0.712058,,,,False,False
camp_0e9e80e16faae716,repeat_roi_v1,cell_60338d2c7567085f,/home/ubuntu/quantum-workload-architecture/workloads/manifests/imported/real_dense_ring6_batched.yaml,wkl_50dd86db6abd0bfa,plan_0ebb30f49f75c565,run_12525682b2caf92c,2,success,quick,8,2,False,False,cuquantum_tensornet_gpu,off,0.037977458,0.260214,0.03939613,0.03939613,0.581735,18.617521,0.712058,,,,False,False
camp_0e9e80e16faae716,repeat_roi_v1,cell_60cdaa3e1b59be9f,/home/ubuntu/quantum-workload-architecture/workloads/manifests/imported/real_ghz3_amplitude.yaml,wkl_d79599df853f9a2e,plan_ee0b3cf57a53927a,run_631eea54d2bbc537,0,success,quick,16,2,True,True,cuquantum_tensornet_gpu,off,0.014123819,0.144163,0.015054135,0.015054135,0.554734,14.57239,0.77332,,,,False,False
camp_0e9e80e16faae716,repeat_roi_v1,cell_60cdaa3e1b59be9f,/home/ubuntu/quantum-workload-architecture/workloads/manifests/imported/real_ghz3_amplitude.yaml,wkl_d79599df853f9a2e,plan_ee0b3cf57a53927a,run_d46d6f2fe4969e56,1,success,quick,16,2,True,True,cuquantum_tensornet_gpu,off,0.014249343,0.15309,0.015189044,0.015189044,0.554734,14.57239,0.77332,,,,False,False
camp_0e9e80e16faae716,repeat_roi_v1,cell_60cdaa3e1b59be9f,/home/ubuntu/quantum-workload-architecture/workloads/manifests/imported/real_ghz3_amplitude.yaml,wkl_d79599df853f9a2e,plan_ee0b3cf57a53927a,run_6fc93f66612cc6cd,2,success,quick,16,2,True,True,cuquantum_tensornet_gpu,off,0.014175387,0.150267,0.015102384,0.015102384,0.554734,14.57239,0.77332,,,,False,False
camp_0e9e80e16faae716,repeat_roi_v1,cell_61b259425d8b5d6a,/home/ubuntu/quantum-workload-architecture/workloads/manifests/imported/real_dense_ring6_batched.yaml,wkl_e0163cd5ac336021,plan_417c378c8cad5996,run_2473814805d68dd5,0,success,balanced,16,2,True,False,cuquantum_tensornet_gpu,off,0.04258233,0.26519,0.04399979,0.04399979,0.581735,18.617521,0.860998,,,,False,False
camp_0e9e80e16faae716,repeat_roi_v1,cell_61b259425d8b5d6a,/home/ubuntu/quantum-workload-architecture/workloads/manifests/imported/real_dense_ring6_batched.yaml,wkl_e0163cd5ac336021,plan_417c378c8cad5996,run_2b0d6549158d1317,1,success,balanced,16,2,True,False,cuquantum_tensornet_gpu,off,0.041898304,0.258733,0.043282078,0.043282078,0.581735,18.617521,0.860998,,,,False,False
camp_0e9e80e16faae716,repeat_roi_v1,cell_61b259425d8b5d6a,/home/ubuntu/quantum-workload-architecture/workloads/manifests/imported/real_dense_ring6_batched.yaml,wkl_e0163cd5ac336021,plan_417c378c8cad5996,run_79bc1f72d7c109be,2,success,balanced,16,2,True,False,cuquantum_tensornet_gpu,off,0.041996341,0.26442,0.043363206,0.043363206,0.581735,18.617521,0.860998,,,,False,False
camp_0e9e80e16faae716,repeat_roi_v1,cell_62f8cc68f4734f69,/home/ubuntu/quantum-workload-architecture/workloads/manifests/imported/real_qaoa_ring4_batched.yaml,wkl_864119d61a67efe5,plan_945413ab03cf151a,run_750303d62bce04ba,0,success,quick,16,2,True,True,cuquantum_tensornet_gpu,off,0.043319401,0.249815,0.044741895,0.044741895,0.590691,19.410898,0.881854,,,,False,False
camp_0e9e80e16faae716,repeat_roi_v1,cell_62f8cc68f4734f69,/home/ubuntu/quantum-workload-architecture/workloads/manifests/imported/real_qaoa_ring4_batched.yaml,wkl_864119d61a67efe5,plan_945413ab03cf151a,run_0f0fab7b2aaefcc8,1,success,quick,16,2,True,True,cuquantum_tensornet_gpu,off,0.043464341,0.247067,0.044772918,0.044772918,0.590691,19.410898,0.881854,,,,False,False
camp_0e9e80e16faae716,repeat_roi_v1,cell_62f8cc68f4734f69,/home/ubuntu/quantum-workload-architecture/workloads/manifests/imported/real_qaoa_ring4_batched.yaml,wkl_864119d61a67efe5,plan_945413ab03cf151a,run_7f81b3bbe9b4561f,2,success,quick,16,2,True,True,cuquantum_tensornet_gpu,off,0.043454686,0.269318,0.044831725,0.044831725,0.590691,19.410898,0.881854,,,,False,False
camp_0e9e80e16faae716,repeat_roi_v1,cell_631cefd619df7ff7,/home/ubuntu/quantum-workload-architecture/workloads/manifests/imported/real_ghz3_amplitude.yaml,wkl_d79599df853f9a2e,plan_298a869bbbfe3f8e,run_6cf58627c67b3849,0,success,balanced,16,2,False,False,cuquantum_tensornet_gpu,off,0.012379134,0.139469,0.013268938,0.013268938,0.554734,14.57239,0.77332,,,,False,False
camp_0e9e80e16faae716,repeat_roi_v1,cell_631cefd619df7ff7,/home/ubuntu/quantum-workload-architecture/workloads/manifests/imported/real_ghz3_amplitude.yaml,wkl_d79599df853f9a2e,plan_298a869bbbfe3f8e,run_f9b6fcc7211973aa,1,success,balanced,16,2,False,False,cuquantum_tensornet_gpu,off,0.012609576,0.15161,0.013584713,0.013584713,0.554734,14.57239,0.77332,,,,False,False
camp_0e9e80e16faae716,repeat_roi_v1,cell_631cefd619df7ff7,/home/ubuntu/quantum-workload-architecture/workloads/manifests/imported/real_ghz3_amplitude.yaml,wkl_d79599df853f9a2e,plan_298a869bbbfe3f8e,run_6a88344c1866fa6d,2,success,balanced,16,2,False,False,cuquantum_tensornet_gpu,off,0.012284538,0.138718,0.013154802,0.013154802,0.554734,14.57239,0.77332,,,,False,False
camp_0e9e80e16faae716,repeat_roi_v1,cell_63c60c57bc5dca6e,/home/ubuntu/quantum-workload-architecture/workloads/manifests/imported/real_dense_ring6_amplitude.yaml,wkl_888bce118ad39b04,plan_b15d0956119156ca,run_3c3bffd831c96164,0,success,deep,2,2,True,False,cuquantum_tensornet_gpu,off,0.043972248,0.279461,0.045415512,0.045415512,1.322506,19.805586,1.342312,,,,False,False
camp_0e9e80e16faae716,repeat_roi_v1,cell_63c60c57bc5dca6e,/home/ubuntu/quantum-workload-architecture/workloads/manifests/imported/real_dense_ring6_amplitude.yaml,wkl_888bce118ad39b04,plan_b15d0956119156ca,run_d8b6ae157b5f472d,1,success,deep,2,2,True,False,cuquantum_tensornet_gpu,off,0.043274094,0.278981,0.044787271,0.044787271,1.322506,19.805586,1.342312,,,,False,False
camp_0e9e80e16faae716,repeat_roi_v1,cell_63c60c57bc5dca6e,/home/ubuntu/quantum-workload-architecture/workloads/manifests/imported/real_dense_ring6_amplitude.yaml,wkl_888bce118ad39b04,plan_b15d0956119156ca,run_15191cb82e0bcd42,2,success,deep,2,2,True,False,cuquantum_tensornet_gpu,off,0.043717632,0.276808,0.045192325,0.045192325,1.322506,19.805586,1.342312,,,,False,False
camp_0e9e80e16faae716,repeat_roi_v1,cell_64801799b9feda97,/home/ubuntu/quantum-workload-architecture/workloads/manifests/imported/real_dense_ring6_batched.yaml,wkl_84140faee381a579,plan_9972962ab1fa7ab8,run_93681130d1835359,0,success,quick,2,2,False,False,cuquantum_tensornet_gpu,off,0.045823865,0.269868,0.047328541,0.047328541,0.671107,17.87282,0.68898,,,,False,False
camp_0e9e80e16faae716,repeat_roi_v1,cell_64801799b9feda97,/home/ubuntu/quantum-workload-architecture/workloads/manifests/imported/real_dense_ring6_batched.yaml,wkl_84140faee381a579,plan_9972962ab1fa7ab8,run_b0653d48c2010ae5,1,success,quick,2,2,False,False,cuquantum_tensornet_gpu,off,0.045724488,0.30455,0.047342331,0.047342331,0.671107,17.87282,0.68898,,,,False,False
camp_0e9e80e16faae716,repeat_roi_v1,cell_64801799b9feda97,/home/ubuntu/quantum-workload-architecture/workloads/manifests/imported/real_dense_ring6_batched.yaml,wkl_84140faee381a579,plan_9972962ab1fa7ab8,run_108b4afdf550341e,2,success,quick,2,2,False,False,cuquantum_tensornet_gpu,off,0.045521846,0.272223,0.047058374,0.047058374,0.671107,17.87282,0.68898,,,,False,False
camp_0e9e80e16faae716,repeat_roi_v1,cell_64869e1211f9892a,/home/ubuntu/quantum-workload-architecture/workloads/manifests/imported/real_grid_shape6_amplitude.yaml,wkl_75d3c6900c0116f4,plan_041a3f138f3e3a23,run_19e6eabe370e0d1e,0,success,deep,1,2,False,True,cuquantum_tensornet_gpu,off,0.040743353,0.276703,0.042276393,0.042276393,1.350612,20.435777,1.350612,,,,False,False
camp_0e9e80e16faae716,repeat_roi_v1,cell_64869e1211f9892a,/home/ubuntu/quantum-workload-architecture/workloads/manifests/imported/real_grid_shape6_amplitude.yaml,wkl_75d3c6900c0116f4,plan_041a3f138f3e3a23,run_98631ca130281fe2,1,success,deep,1,2,False,True,cuquantum_tensornet_gpu,off,0.042637688,0.279,0.044109878,0.044109878,1.350612,20.435777,1.350612,,,,False,False
camp_0e9e80e16faae716,repeat_roi_v1,cell_64869e1211f9892a,/home/ubuntu/quantum-workload-architecture/workloads/manifests/imported/real_grid_shape6_amplitude.yaml,wkl_75d3c6900c0116f4,plan_041a3f138f3e3a23,run_6c48ad578a70fd92,2,success,deep,1,2,False,True,cuquantum_tensornet_gpu,off,0.04020217,0.280567,0.041702375,0.041702375,1.350612,20.435777,1.350612,,,,False,False
camp_0e9e80e16faae716,repeat_roi_v1,cell_64bc0affdba5b7a3,/home/ubuntu/quantum-workload-architecture/workloads/manifests/imported/real_ghz3_amplitude.yaml,wkl_e5f6794fb08543dd,plan_c4006b9515b9bf2e,run_6d05a0113d4d0503,0,success,quick,4,2,True,False,cuquantum_tensornet_gpu,off,0.014134519,0.152611,0.015069257,0.015069257,0.629314,13.989494,0.671282,,,,False,False
camp_0e9e80e16faae716,repeat_roi_v1,cell_64bc0affdba5b7a3,/home/ubuntu/quantum-workload-architecture/workloads/manifests/imported/real_ghz3_amplitude.yaml,wkl_e5f6794fb08543dd,plan_c4006b9515b9bf2e,run_1f1a2916de54a084,1,success,quick,4,2,True,False,cuquantum_tensornet_gpu,off,0.014142826,0.137884,0.015045524,0.015045524,0.629314,13.989494,0.671282,,,,False,False
camp_0e9e80e16faae716,repeat_roi_v1,cell_64bc0affdba5b7a3,/home/ubuntu/quantum-workload-architecture/workloads/manifests/imported/real_ghz3_amplitude.yaml,wkl_e5f6794fb08543dd,plan_c4006b9515b9bf2e,run_b2d8a65cfdfff05f,2,success,quick,4,2,True,False,cuquantum_tensornet_gpu,off,0.014255858,0.148536,0.015215359,0.015215359,0.629314,13.989494,0.671282,,,,False,False
camp_0e9e80e16faae716,repeat_roi_v1,cell_64ffd587ca29fb7b,/home/ubuntu/quantum-workload-architecture/workloads/manifests/imported/real_dense_ring6_amplitude.yaml,wkl_163dac6a7fcd636d,plan_5637ad6f6336b00f,run_21ebc9f47dcf9573,0,success,quick,32,2,False,True,cuquantum_tensornet_gpu,off,0.038736188,0.288416,0.040269968,0.040269968,0.599219,22.506348,1.296916,,,,False,False
camp_0e9e80e16faae716,repeat_roi_v1,cell_64ffd587ca29fb7b,/home/ubuntu/quantum-workload-architecture/workloads/manifests/imported/real_dense_ring6_amplitude.yaml,wkl_163dac6a7fcd636d,plan_5637ad6f6336b00f,run_3375ce2cccf82dbd,1,success,quick,32,2,False,True,cuquantum_tensornet_gpu,off,0.039002471,0.272258,0.040468086,0.040468086,0.599219,22.506348,1.296916,,,,False,False
camp_0e9e80e16faae716,repeat_roi_v1,cell_64ffd587ca29fb7b,/home/ubuntu/quantum-workload-architecture/workloads/manifests/imported/real_dense_ring6_amplitude.yaml,wkl_163dac6a7fcd636d,plan_5637ad6f6336b00f,run_0fb2c413f80c2ee3,2,success,quick,32,2,False,True,cuquantum_tensornet_gpu,off,0.037864682,0.275528,0.039335865,0.039335865,0.599219,22.506348,1.296916,,,,False,False
camp_0e9e80e16faae716,repeat_roi_v1,cell_65beada8524dd058,/home/ubuntu/quantum-workload-architecture/workloads/manifests/imported/real_dense_ring6_batched.yaml,wkl_31ef8810e7d2c00b,plan_0596bb4b65944646,run_e9e14d62d5cc4f88,0,success,quick,1,2,True,True,cuquantum_tensornet_gpu,off,0.042075094,0.274154,0.043512861,0.043512861,0.671107,17.87282,0.671107,,,,False,False
camp_0e9e80e16faae716,repeat_roi_v1,cell_65beada8524dd058,/home/ubuntu/quantum-workload-architecture/workloads/manifests/imported/real_dense_ring6_batched.yaml,wkl_31ef8810e7d2c00b,plan_0596bb4b65944646,run_8abb3ff5a8817804,1,success,quick,1,2,True,True,cuquantum_tensornet_gpu,off,0.0424384,0.258533,0.043936167,0.043936167,0.671107,17.87282,0.671107,,,,False,False
camp_0e9e80e16faae716,repeat_roi_v1,cell_65beada8524dd058,/home/ubuntu/quantum-workload-architecture/workloads/manifests/imported/real_dense_ring6_batched.yaml,wkl_31ef8810e7d2c00b,plan_0596bb4b65944646,run_1f3855e36b49997c,2,success,quick,1,2,True,True,cuquantum_tensornet_gpu,off,0.042404973,0.259941,0.04382311,0.04382311,0.671107,17.87282,0.671107,,,,False,False
camp_0e9e80e16faae716,repeat_roi_v1,cell_6674881ad4ab31da,/home/ubuntu/quantum-workload-architecture/workloads/manifests/imported/real_ghz3_amplitude.yaml,wkl_d79599df853f9a2e,plan_daa2814b1d8a683a,run_ea3e58613b91c36a,0,success,deep,16,2,False,True,cuquantum_tensornet_gpu,off,0.012671761,0.145873,0.013611401,0.013611401,1.224494,9.463893,1.366452,,,,False,False
camp_0e9e80e16faae716,repeat_roi_v1,cell_6674881ad4ab31da,/home/ubuntu/quantum-workload-architecture/workloads/manifests/imported/real_ghz3_amplitude.yaml,wkl_d79599df853f9a2e,plan_daa2814b1d8a683a,run_0a4dd4cfa40e2c06,1,success,deep,16,2,False,True,cuquantum_tensornet_gpu,off,0.012557006,0.154585,0.013510439,0.013510439,1.224494,9.463893,1.366452,,,,False,False
camp_0e9e80e16faae716,repeat_roi_v1,cell_6674881ad4ab31da,/home/ubuntu/quantum-workload-architecture/workloads/manifests/imported/real_ghz3_amplitude.yaml,wkl_d79599df853f9a2e,plan_daa2814b1d8a683a,run_4a9d853a245742e9,2,success,deep,16,2,False,True,cuquantum_tensornet_gpu,off,0.012704527,0.148614,0.013632346,0.013632346,1.224494,9.463893,1.366452,,,,False,False
camp_0e9e80e16faae716,repeat_roi_v1,cell_686ad067b5f78161,/home/ubuntu/quantum-workload-architecture/workloads/manifests/imported/real_grid_shape6_amplitude.yaml,wkl_b825ad9e4287ddce,plan_f25ef7ba5aff5ec8,run_457e678ac53534ac,0,success,quick,2,2,False,False,cuquantum_tensornet_gpu,off,0.040305258,0.281876,0.04176482,0.04176482,0.715588,22.293575,0.737882,,,,False,False
camp_0e9e80e16faae716,repeat_roi_v1,cell_686ad067b5f78161,/home/ubuntu/quantum-workload-architecture/workloads/manifests/imported/real_grid_shape6_amplitude.yaml,wkl_b825ad9e4287ddce,plan_f25ef7ba5aff5ec8,run_f1f9f76522377086,1,success,quick,2,2,False,False,cuquantum_tensornet_gpu,off,0.039866476,0.281104,0.041354122,0.041354122,0.715588,22.293575,0.737882,,,,False,False
camp_0e9e80e16faae716,repeat_roi_v1,cell_686ad067b5f78161,/home/ubuntu/quantum-workload-architecture/workloads/manifests/imported/real_grid_shape6_amplitude.yaml,wkl_b825ad9e4287ddce,plan_f25ef7ba5aff5ec8,run_652a50c8d9477852,2,success,quick,2,2,False,False,cuquantum_tensornet_gpu,off,0.040304209,0.272879,0.041782797,0.041782797,0.715588,22.293575,0.737882,,,,False,False
camp_0e9e80e16faae716,repeat_roi_v1,cell_693263079d76a47b,/home/ubuntu/quantum-workload-architecture/workloads/manifests/imported/real_dense_ring6_amplitude.yaml,wkl_163dac6a7fcd636d,plan_30ff85f990cf0aa9,run_4f4c7b45b7896032,0,success,deep,32,2,True,False,cuquantum_tensornet_gpu,off,0.044579346,0.282287,0.046072251,0.046072251,1.507163,14.616523,1.960275,,,,False,False
camp_0e9e80e16faae716,repeat_roi_v1,cell_693263079d76a47b,/home/ubuntu/quantum-workload-architecture/workloads/manifests/imported/real_dense_ring6_amplitude.yaml,wkl_163dac6a7fcd636d,plan_30ff85f990cf0aa9,run_4f9fa25b9412b427,1,success,deep,32,2,True,False,cuquantum_tensornet_gpu,off,0.043648971,0.27851,0.045125145,0.045125145,1.507163,14.616523,1.960275,,,,False,False
camp_0e9e80e16faae716,repeat_roi_v1,cell_693263079d76a47b,/home/ubuntu/quantum-workload-architecture/workloads/manifests/imported/real_dense_ring6_amplitude.yaml,wkl_163dac6a7fcd636d,plan_30ff85f990cf0aa9,run_caeb5cc0145b4966,2,success,deep,32,2,True,False,cuquantum_tensornet_gpu,off,0.044783155,0.279908,0.046307793,0.046307793,1.507163,14.616523,1.960275,,,,False,False
camp_0e9e80e16faae716,repeat_roi_v1,cell_69d790324d3e68d1,/home/ubuntu/quantum-workload-architecture/workloads/manifests/imported/real_dense_ring6_batched.yaml,wkl_20f4602946fe6acd,plan_ab4e88bcec558f17,run_47a7195166adf330,0,success,deep,4,2,True,True,cuquantum_tensornet_gpu,off,0.042516068,0.258188,0.043884382,0.043884382,1.21032,16.383418,1.25947,,,,False,False
camp_0e9e80e16faae716,repeat_roi_v1,cell_69d790324d3e68d1,/home/ubuntu/quantum-workload-architecture/workloads/manifests/imported/real_dense_ring6_batched.yaml,wkl_20f4602946fe6acd,plan_ab4e88bcec558f17,run_76ab28e3fbf29fa7,1,success,deep,4,2,True,True,cuquantum_tensornet_gpu,off,0.042474736,0.266227,0.043933007,0.043933007,1.21032,16.383418,1.25947,,,,False,False
camp_0e9e80e16faae716,repeat_roi_v1,cell_69d790324d3e68d1,/home/ubuntu/quantum-workload-architecture/workloads/manifests/imported/real_dense_ring6_batched.yaml,wkl_20f4602946fe6acd,plan_ab4e88bcec558f17,run_d4766f469c2543e8,2,success,deep,4,2,True,True,cuquantum_tensornet_gpu,off,0.042045383,0.265685,0.043498435,0.043498435,1.21032,16.383418,1.25947,,,,False,False
camp_0e9e80e16faae716,repeat_roi_v1,cell_6baa64934b2cc696,/home/ubuntu/quantum-workload-architecture/workloads/manifests/imported/real_grid_shape6_amplitude.yaml,wkl_d98e6053c916739a,plan_6d772dafec21bf08,run_bc270d8bc0d3eb1d,0,success,deep,32,2,False,False,cuquantum_tensornet_gpu,off,0.039962826,0.27783,0.041392948,0.041392948,1.53861,15.081604,2.00614,,,,False,False
camp_0e9e80e16faae716,repeat_roi_v1,cell_6baa64934b2cc696,/home/ubuntu/quantum-workload-architecture/workloads/manifests/imported/real_grid_shape6_amplitude.yaml,wkl_d98e6053c916739a,plan_6d772dafec21bf08,run_da80d513726ee29e,1,success,deep,32,2,False,False,cuquantum_tensornet_gpu,off,0.040158246,0.275054,0.041620658,0.041620658,1.53861,15.081604,2.00614,,,,False,False
camp_0e9e80e16faae716,repeat_roi_v1,cell_6baa64934b2cc696,/home/ubuntu/quantum-workload-architecture/workloads/manifests/imported/real_grid_shape6_amplitude.yaml,wkl_d98e6053c916739a,plan_6d772dafec21bf08,run_308742edac02d72e,2,success,deep,32,2,False,False,cuquantum_tensornet_gpu,off,0.039933634,0.27162,0.04135995,0.04135995,1.53861,15.081604,2.00614,,,,False,False
camp_0e9e80e16faae716,repeat_roi_v1,cell_6c968ce297b197db,/home/ubuntu/quantum-workload-architecture/workloads/manifests/imported/real_grid_shape6_amplitude.yaml,wkl_b825ad9e4287ddce,plan_43467eab62feee3e,run_a1775bc84177d946,0,success,deep,2,2,True,False,cuquantum_tensornet_gpu,off,0.045243416,0.298525,0.046752711,0.046752711,1.350612,20.435777,1.371048,,,,False,False
camp_0e9e80e16faae716,repeat_roi_v1,cell_6c968ce297b197db,/home/ubuntu/quantum-workload-architecture/workloads/manifests/imported/real_grid_shape6_amplitude.yaml,wkl_b825ad9e4287ddce,plan_43467eab62feee3e,run_854f446a5b832cf6,1,success,deep,2,2,True,False,cuquantum_tensornet_gpu,off,0.046944827,0.282742,0.04840299,0.04840299,1.350612,20.435777,1.371048,,,,False,False
camp_0e9e80e16faae716,repeat_roi_v1,cell_6c968ce297b197db,/home/ubuntu/quantum-workload-architecture/workloads/manifests/imported/real_grid_shape6_amplitude.yaml,wkl_b825ad9e4287ddce,plan_43467eab62feee3e,run_ea146e303cb7bd1b,2,success,deep,2,2,True,False,cuquantum_tensornet_gpu,off,0.051917671,0.285714,0.053469227,0.053469227,1.350612,20.435777,1.371048,,,,False,False
camp_0e9e80e16faae716,repeat_roi_v1,cell_6d0792bb5a39ffff,/home/ubuntu/quantum-workload-architecture/workloads/manifests/imported/real_qaoa_ring4_batched.yaml,wkl_19ca61869000401d,plan_f27e06717bb513a4,run_26dd2df12ff79c1e,0,success,deep,4,2,False,True,cuquantum_tensornet_gpu,off,0.03883136,0.262172,0.040210179,0.040210179,1.238985,17.08159,1.29023,,,,False,False
camp_0e9e80e16faae716,repeat_roi_v1,cell_6d0792bb5a39ffff,/home/ubuntu/quantum-workload-architecture/workloads/manifests/imported/real_qaoa_ring4_batched.yaml,wkl_19ca61869000401d,plan_f27e06717bb513a4,run_46a63ff913a9876a,1,success,deep,4,2,False,True,cuquantum_tensornet_gpu,off,0.039282408,0.248775,0.040650095,0.040650095,1.238985,17.08159,1.29023,,,,False,False
camp_0e9e80e16faae716,repeat_roi_v1,cell_6d0792bb5a39ffff,/home/ubuntu/quantum-workload-architecture/workloads/manifests/imported/real_qaoa_ring4_batched.yaml,wkl_19ca61869000401d,plan_f27e06717bb513a4,run_525865f6f59ba6ed,2,success,deep,4,2,False,True,cuquantum_tensornet_gpu,off,0.038959943,0.260248,0.040343252,0.040343252,1.238985,17.08159,1.29023,,,,False,False
camp_0e9e80e16faae716,repeat_roi_v1,cell_6d80f01232b5b69e,/home/ubuntu/quantum-workload-architecture/workloads/manifests/imported/real_dense_ring6_batched.yaml,wkl_20f4602946fe6acd,plan_7151c3d3b0090521,run_ecc2a0fa8639b2cf,0,success,balanced,4,2,False,True,cuquantum_tensornet_gpu,off,0.035946663,0.255968,0.037176323,0.037176323,0.671107,17.87282,0.724725,,,,False,False
camp_0e9e80e16faae716,repeat_roi_v1,cell_6d80f01232b5b69e,/home/ubuntu/quantum-workload-architecture/workloads/manifests/imported/real_dense_ring6_batched.yaml,wkl_20f4602946fe6acd,plan_7151c3d3b0090521,run_60dd48a01faa5de8,1,success,balanced,4,2,False,True,cuquantum_tensornet_gpu,off,0.03631359,0.269012,0.037691832,0.037691832,0.671107,17.87282,0.724725,,,,False,False
camp_0e9e80e16faae716,repeat_roi_v1,cell_6d80f01232b5b69e,/home/ubuntu/quantum-workload-architecture/workloads/manifests/imported/real_dense_ring6_batched.yaml,wkl_20f4602946fe6acd,plan_7151c3d3b0090521,run_344cc471e0f70778,2,success,balanced,4,2,False,True,cuquantum_tensornet_gpu,off,0.037467624,0.255493,0.038842809,0.038842809,0.671107,17.87282,0.724725,,,,False,False
camp_0e9e80e16faae716,repeat_roi_v1,cell_6dd3c573a3b30108,/home/ubuntu/quantum-workload-architecture/workloads/manifests/imported/real_dense_ring6_batched.yaml,wkl_84140faee381a579,plan_8e8b1bc687493e7a,run_e199ebc903a8b70b,0,success,balanced,2,2,True,True,cuquantum_tensornet_gpu,off,0.042197946,0.272338,0.043603268,0.043603268,0.671107,17.87282,0.68898,,,,False,False
camp_0e9e80e16faae716,repeat_roi_v1,cell_6dd3c573a3b30108,/home/ubuntu/quantum-workload-architecture/workloads/manifests/imported/real_dense_ring6_batched.yaml,wkl_84140faee381a579,plan_8e8b1bc687493e7a,run_edce1a2ff8e58871,1,success,balanced,2,2,True,True,cuquantum_tensornet_gpu,off,0.042012059,0.257629,0.043387243,0.043387243,0.671107,17.87282,0.68898,,,,False,False
camp_0e9e80e16faae716,repeat_roi_v1,cell_6dd3c573a3b30108,/home/ubuntu/quantum-workload-architecture/workloads/manifests/imported/real_dense_ring6_batched.yaml,wkl_84140faee381a579,plan_8e8b1bc687493e7a,run_1d057c608e3f2d2e,2,success,balanced,2,2,True,True,cuquantum_tensornet_gpu,off,0.042054497,0.270659,0.043497216,0.043497216,0.671107,17.87282,0.68898,,,,False,False
camp_0e9e80e16faae716,repeat_roi_v1,cell_6ed4410123b975c1,/home/ubuntu/quantum-workload-architecture/workloads/manifests/imported/real_qaoa_ring4_batched.yaml,wkl_52d115b5fe51fc4f,plan_a245e84ac706da44,run_60a4bee7372f70b9,0,success,balanced,2,2,False,True,cuquantum_tensornet_gpu,off,0.038867866,0.24496,0.040223859,0.040223859,0.68286,18.634462,0.701494,,,,False,False
camp_0e9e80e16faae716,repeat_roi_v1,cell_6ed4410123b975c1,/home/ubuntu/quantum-workload-architecture/workloads/manifests/imported/real_qaoa_ring4_batched.yaml,wkl_52d115b5fe51fc4f,plan_a245e84ac706da44,run_113e21365bcd1c65,1,success,balanced,2,2,False,True,cuquantum_tensornet_gpu,off,0.03915097,0.264412,0.040574838,0.040574838,0.68286,18.634462,0.701494,,,,False,False
camp_0e9e80e16faae716,repeat_roi_v1,cell_6ed4410123b975c1,/home/ubuntu/quantum-workload-architecture/workloads/manifests/imported/real_qaoa_ring4_batched.yaml,wkl_52d115b5fe51fc4f,plan_a245e84ac706da44,run_72f34da31df33158,2,success,balanced,2,2,False,True,cuquantum_tensornet_gpu,off,0.038630582,0.248058,0.039994992,0.039994992,0.68286,18.634462,0.701494,,,,False,False
camp_0e9e80e16faae716,repeat_roi_v1,cell_6f89a021249c9af0,/home/ubuntu/quantum-workload-architecture/workloads/manifests/imported/real_dense_ring6_batched.yaml,wkl_e0163cd5ac336021,plan_efb2aab3a15828e3,run_095bb2337e249655,0,success,deep,16,2,True,False,cuquantum_tensornet_gpu,off,0.041861237,0.2589,0.043267899,0.043267899,1.376296,12.090963,1.55766,,,,False,False
camp_0e9e80e16faae716,repeat_roi_v1,cell_6f89a021249c9af0,/home/ubuntu/quantum-workload-architecture/workloads/manifests/imported/real_dense_ring6_batched.yaml,wkl_e0163cd5ac336021,plan_efb2aab3a15828e3,run_84fde56a32bb90a1,1,success,deep,16,2,True,False,cuquantum_tensornet_gpu,off,0.041720194,0.256615,0.04306148,0.04306148,1.376296,12.090963,1.55766,,,,False,False
camp_0e9e80e16faae716,repeat_roi_v1,cell_6f89a021249c9af0,/home/ubuntu/quantum-workload-architecture/workloads/manifests/imported/real_dense_ring6_batched.yaml,wkl_e0163cd5ac336021,plan_efb2aab3a15828e3,run_1818ffc29690c94a,2,success,deep,16,2,True,False,cuquantum_tensornet_gpu,off,0.041940717,0.258443,0.043307033,0.043307033,1.376296,12.090963,1.55766,,,,False,False
camp_0e9e80e16faae716,repeat_roi_v1,cell_70ec15a2afa21303,/home/ubuntu/quantum-workload-architecture/workloads/manifests/imported/real_dense_ring6_batched.yaml,wkl_31ef8810e7d2c00b,plan_a6e9666945a37e6f,run_f43201fc9a320178,0,success,balanced,1,2,True,False,cuquantum_tensornet_gpu,off,0.04161599,0.24735,0.042906532,0.042906532,0.671107,17.87282,0.671107,,,,False,False
camp_0e9e80e16faae716,repeat_roi_v1,cell_70ec15a2afa21303,/home/ubuntu/quantum-workload-architecture/workloads/manifests/imported/real_dense_ring6_batched.yaml,wkl_31ef8810e7d2c00b,plan_a6e9666945a37e6f,run_cf23ea5c91d529cb,1,success,balanced,1,2,True,False,cuquantum_tensornet_gpu,off,0.042090724,0.265379,0.043562332,0.043562332,0.671107,17.87282,0.671107,,,,False,False
camp_0e9e80e16faae716,repeat_roi_v1,cell_70ec15a2afa21303,/home/ubuntu/quantum-workload-architecture/workloads/manifests/imported/real_dense_ring6_batched.yaml,wkl_31ef8810e7d2c00b,plan_a6e9666945a37e6f,run_9a30104bda0863e6,2,success,balanced,1,2,True,False,cuquantum_tensornet_gpu,off,0.041563267,0.259003,0.042942262,0.042942262,0.671107,17.87282,0.671107,,,,False,False
camp_0e9e80e16faae716,repeat_roi_v1,cell_71d4bf46b8c6eeb6,/home/ubuntu/quantum-workload-architecture/workloads/manifests/imported/real_ghz3_amplitude.yaml,wkl_34730574a768505b,plan_c319828f7b54f9cc,run_de13d336be7c24f4,0,success,quick,8,2,True,False,cuquantum_tensornet_gpu,off,0.014540437,0.145888,0.015484521,0.015484521,0.554734,14.57239,0.656741,,,,False,False
camp_0e9e80e16faae716,repeat_roi_v1,cell_71d4bf46b8c6eeb6,/home/ubuntu/quantum-workload-architecture/workloads/manifests/imported/real_ghz3_amplitude.yaml,wkl_34730574a768505b,plan_c319828f7b54f9cc,run_556caeb9e8a08c3c,1,success,quick,8,2,True,False,cuquantum_tensornet_gpu,off,0.014403496,0.142091,0.015306477,0.015306477,0.554734,14.57239,0.656741,,,,False,False
camp_0e9e80e16faae716,repeat_roi_v1,cell_71d4bf46b8c6eeb6,/home/ubuntu/quantum-workload-architecture/workloads/manifests/imported/real_ghz3_amplitude.yaml,wkl_34730574a768505b,plan_c319828f7b54f9cc,run_62f330721abc41ee,2,success,quick,8,2,True,False,cuquantum_tensornet_gpu,off,0.014415067,0.143205,0.015402079,0.015402079,0.554734,14.57239,0.656741,,,,False,False
camp_0e9e80e16faae716,repeat_roi_v1,cell_72593aaad52c6000,/home/ubuntu/quantum-workload-architecture/workloads/manifests/imported/real_qaoa_ring4_batched.yaml,wkl_52d115b5fe51fc4f,plan_7e62b2f601e9fba6,run_1abafcd7acac196b,0,success,deep,2,2,True,False,cuquantum_tensornet_gpu,off,0.0440063,0.27478,0.045422358,0.045422358,1.238985,17.08159,1.256067,,,,False,False
camp_0e9e80e16faae716,repeat_roi_v1,cell_72593aaad52c6000,/home/ubuntu/quantum-workload-architecture/workloads/manifests/imported/real_qaoa_ring4_batched.yaml,wkl_52d115b5fe51fc4f,plan_7e62b2f601e9fba6,run_a221bb87bb4ef623,1,success,deep,2,2,True,False,cuquantum_tensornet_gpu,off,0.04527204,0.254791,0.046703526,0.046703526,1.238985,17.08159,1.256067,,,,False,False
camp_0e9e80e16faae716,repeat_roi_v1,cell_72593aaad52c6000,/home/ubuntu/quantum-workload-architecture/workloads/manifests/imported/real_qaoa_ring4_batched.yaml,wkl_52d115b5fe51fc4f,plan_7e62b2f601e9fba6,run_3e1ab6dd9f7fdb3f,2,success,deep,2,2,True,False,cuquantum_tensornet_gpu,off,0.043361392,0.245769,0.044698408,0.044698408,1.238985,17.08159,1.256067,,,,False,False
camp_0e9e80e16faae716,repeat_roi_v1,cell_7270b89fcfa1ae62,/home/ubuntu/quantum-workload-architecture/workloads/manifests/imported/real_qaoa_ring4_batched.yaml,wkl_ba3875dd3ccf7480,plan_c1790b36152a6083,run_f57efe26872e7b7a,0,success,deep,32,2,False,False,cuquantum_tensornet_gpu,off,0.039029909,0.251504,0.04040878,0.04040878,1.408852,12.606214,1.799645,,,,False,False
camp_0e9e80e16faae716,repeat_roi_v1,cell_7270b89fcfa1ae62,/home/ubuntu/quantum-workload-architecture/workloads/manifests/imported/real_qaoa_ring4_batched.yaml,wkl_ba3875dd3ccf7480,plan_c1790b36152a6083,run_7716b27487f436df,1,success,deep,32,2,False,False,cuquantum_tensornet_gpu,off,0.039076266,0.257348,0.040446561,0.040446561,1.408852,12.606214,1.799645,,,,False,False
camp_0e9e80e16faae716,repeat_roi_v1,cell_7270b89fcfa1ae62,/home/ubuntu/quantum-workload-architecture/workloads/manifests/imported/real_qaoa_ring4_batched.yaml,wkl_ba3875dd3ccf7480,plan_c1790b36152a6083,run_0660304267b024ca,2,success,deep,32,2,False,False,cuquantum_tensornet_gpu,off,0.038909389,0.249922,0.040253468,0.040253468,1.408852,12.606214,1.799645,,,,False,False
camp_0e9e80e16faae716,repeat_roi_v1,cell_72e576b79b7ea07d,/home/ubuntu/quantum-workload-architecture/workloads/manifests/imported/real_ghz3_amplitude.yaml,wkl_5361a0b920fc4e05,plan_981764663cd41f0d,run_6f604a48f8638ed3,0,success,deep,1,2,True,False,cuquantum_tensornet_gpu,off,0.014115245,0.138428,0.014996182,0.014996182,1.07912,12.823703,1.07912,,,,False,False
camp_0e9e80e16faae716,repeat_roi_v1,cell_72e576b79b7ea07d,/home/ubuntu/quantum-workload-architecture/workloads/manifests/imported/real_ghz3_amplitude.yaml,wkl_5361a0b920fc4e05,plan_981764663cd41f0d,run_d20843e1ecd31172,1,success,deep,1,2,True,False,cuquantum_tensornet_gpu,off,0.014315119,0.148334,0.015249061,0.015249061,1.07912,12.823703,1.07912,,,,False,False
camp_0e9e80e16faae716,repeat_roi_v1,cell_72e576b79b7ea07d,/home/ubuntu/quantum-workload-architecture/workloads/manifests/imported/real_ghz3_amplitude.yaml,wkl_5361a0b920fc4e05,plan_981764663cd41f0d,run_9bc2ee6d44b52e87,2,success,deep,1,2,True,False,cuquantum_tensornet_gpu,off,0.014134627,0.171939,0.015105549,0.015105549,1.07912,12.823703,1.07912,,,,False,False
camp_0e9e80e16faae716,repeat_roi_v1,cell_733247392ca04ddf,/home/ubuntu/quantum-workload-architecture/workloads/manifests/imported/real_grid_shape6_amplitude.yaml,wkl_d4fa6cd925641ea0,plan_1fde3ed02ce5ed32,run_3f44f48607804976,0,success,quick,16,2,False,True,cuquantum_tensornet_gpu,off,0.039965094,0.27598,0.041438084,0.041438084,0.61037,23.222474,0.958707,,,,False,False
camp_0e9e80e16faae716,repeat_roi_v1,cell_733247392ca04ddf,/home/ubuntu/quantum-workload-architecture/workloads/manifests/imported/real_grid_shape6_amplitude.yaml,wkl_d4fa6cd925641ea0,plan_1fde3ed02ce5ed32,run_a135858ec788d6a3,1,success,quick,16,2,False,True,cuquantum_tensornet_gpu,off,0.03992196,0.278999,0.041357735,0.041357735,0.61037,23.222474,0.958707,,,,False,False
camp_0e9e80e16faae716,repeat_roi_v1,cell_733247392ca04ddf,/home/ubuntu/quantum-workload-architecture/workloads/manifests/imported/real_grid_shape6_amplitude.yaml,wkl_d4fa6cd925641ea0,plan_1fde3ed02ce5ed32,run_438b57b8966e398c,2,success,quick,16,2,False,True,cuquantum_tensornet_gpu,off,0.040544848,0.282187,0.04203379,0.04203379,0.61037,23.222474,0.958707,,,,False,False
camp_0e9e80e16faae716,repeat_roi_v1,cell_744ad6e48c8b4040,/home/ubuntu/quantum-workload-architecture/workloads/manifests/imported/real_grid_shape6_amplitude.yaml,wkl_158088f87b588e6a,plan_6585645ad3f28246,run_0f00e4fc5f7e2453,0,success,balanced,4,2,True,True,cuquantum_tensornet_gpu,off,0.046300182,0.279795,0.047762558,0.047762558,0.715588,22.293575,0.782469,,,,False,False
camp_0e9e80e16faae716,repeat_roi_v1,cell_744ad6e48c8b4040,/home/ubuntu/quantum-workload-architecture/workloads/manifests/imported/real_grid_shape6_amplitude.yaml,wkl_158088f87b588e6a,plan_6585645ad3f28246,run_183077f0eae63e98,1,success,balanced,4,2,True,True,cuquantum_tensornet_gpu,off,0.047492518,0.308677,0.049110598,0.049110598,0.715588,22.293575,0.782469,,,,False,False
camp_0e9e80e16faae716,repeat_roi_v1,cell_744ad6e48c8b4040,/home/ubuntu/quantum-workload-architecture/workloads/manifests/imported/real_grid_shape6_amplitude.yaml,wkl_158088f87b588e6a,plan_6585645ad3f28246,run_204564c1b2a0d82a,2,success,balanced,4,2,True,True,cuquantum_tensornet_gpu,off,0.047260716,0.296649,0.048811962,0.048811962,0.715588,22.293575,0.782469,,,,False,False
camp_0e9e80e16faae716,repeat_roi_v1,cell_7478f3ef12cecb02,/home/ubuntu/quantum-workload-architecture/workloads/manifests/imported/real_dense_ring6_amplitude.yaml,wkl_95071f3280d5f7eb,plan_b052c1d0ed6e8b0a,run_c869e4204d90c909,0,success,quick,1,2,True,True,cuquantum_tensornet_gpu,off,0.043720751,0.279181,0.045203418,0.045203418,0.702031,21.606094,0.702031,,,,False,False
camp_0e9e80e16faae716,repeat_roi_v1,cell_7478f3ef12cecb02,/home/ubuntu/quantum-workload-architecture/workloads/manifests/imported/real_dense_ring6_amplitude.yaml,wkl_95071f3280d5f7eb,plan_b052c1d0ed6e8b0a,run_c889660c75a6980a,1,success,quick,1,2,True,True,cuquantum_tensornet_gpu,off,0.043829075,0.278792,0.045317121,0.045317121,0.702031,21.606094,0.702031,,,,False,False
camp_0e9e80e16faae716,repeat_roi_v1,cell_7478f3ef12cecb02,/home/ubuntu/quantum-workload-architecture/workloads/manifests/imported/real_dense_ring6_amplitude.yaml,wkl_95071f3280d5f7eb,plan_b052c1d0ed6e8b0a,run_480423e66444385c,2,success,quick,1,2,True,True,cuquantum_tensornet_gpu,off,0.043692347,0.289847,0.045207178,0.045207178,0.702031,21.606094,0.702031,,,,False,False
camp_0e9e80e16faae716,repeat_roi_v1,cell_751ec9362ebd0c41,/home/ubuntu/quantum-workload-architecture/workloads/manifests/imported/real_dense_ring6_amplitude.yaml,wkl_97d47d38f2d87b66,plan_d40cc4b21c495d36,run_5d3ed798807fbc23,0,success,deep,16,2,True,True,cuquantum_tensornet_gpu,off,0.043783045,0.272975,0.045209039,0.045209039,1.507163,14.616523,1.726411,,,,False,False
camp_0e9e80e16faae716,repeat_roi_v1,cell_751ec9362ebd0c41,/home/ubuntu/quantum-workload-architecture/workloads/manifests/imported/real_dense_ring6_amplitude.yaml,wkl_97d47d38f2d87b66,plan_d40cc4b21c495d36,run_582922c324cb0761,1,success,deep,16,2,True,True,cuquantum_tensornet_gpu,off,0.043343144,0.276536,0.044746241,0.044746241,1.507163,14.616523,1.726411,,,,False,False
camp_0e9e80e16faae716,repeat_roi_v1,cell_751ec9362ebd0c41,/home/ubuntu/quantum-workload-architecture/workloads/manifests/imported/real_dense_ring6_amplitude.yaml,wkl_97d47d38f2d87b66,plan_d40cc4b21c495d36,run_7db10e222d6731b7,2,success,deep,16,2,True,True,cuquantum_tensornet_gpu,off,0.043483307,0.279806,0.04497024,0.04497024,1.507163,14.616523,1.726411,,,,False,False
camp_0e9e80e16faae716,repeat_roi_v1,cell_75b15c065f2924e2,/home/ubuntu/quantum-workload-architecture/workloads/manifests/imported/real_grid_shape6_amplitude.yaml,wkl_b825ad9e4287ddce,plan_064bbbe31a7f92ab,run_93a4480eb4c0f2e6,0,success,balanced,2,2,False,True,cuquantum_tensornet_gpu,off,0.040233742,0.282868,0.041720245,0.041720245,0.715588,22.293575,0.737882,,,,False,False
camp_0e9e80e16faae716,repeat_roi_v1,cell_75b15c065f2924e2,/home/ubuntu/quantum-workload-architecture/workloads/manifests/imported/real_grid_shape6_amplitude.yaml,wkl_b825ad9e4287ddce,plan_064bbbe31a7f92ab,run_fca0d909e1888d67,1,success,balanced,2,2,False,True,cuquantum_tensornet_gpu,off,0.040037794,0.274722,0.041475318,0.041475318,0.715588,22.293575,0.737882,,,,False,False
camp_0e9e80e16faae716,repeat_roi_v1,cell_75b15c065f2924e2,/home/ubuntu/quantum-workload-architecture/workloads/manifests/imported/real_grid_shape6_amplitude.yaml,wkl_b825ad9e4287ddce,plan_064bbbe31a7f92ab,run_9d304829ae473671,2,success,balanced,2,2,False,True,cuquantum_tensornet_gpu,off,0.03997085,0.269749,0.04136315,0.04136315,0.715588,22.293575,0.737882,,,,False,False
camp_0e9e80e16faae716,repeat_roi_v1,cell_7604592b7074be9b,/home/ubuntu/quantum-workload-architecture/workloads/manifests/imported/real_qaoa_ring4_batched.yaml,wkl_52d115b5fe51fc4f,plan_ae73c772a8d285c5,run_9d4519048b818d45,0,success,quick,2,2,False,True,cuquantum_tensornet_gpu,off,0.04727373,0.272446,0.048769508,0.048769508,0.68286,18.634462,0.701494,,,,False,False
camp_0e9e80e16faae716,repeat_roi_v1,cell_7604592b7074be9b,/home/ubuntu/quantum-workload-architecture/workloads/manifests/imported/real_qaoa_ring4_batched.yaml,wkl_52d115b5fe51fc4f,plan_ae73c772a8d285c5,run_371d14c1f9bfcdf8,1,success,quick,2,2,False,True,cuquantum_tensornet_gpu,off,0.0470334,0.268273,0.048508967,0.048508967,0.68286,18.634462,0.701494,,,,False,False
camp_0e9e80e16faae716,repeat_roi_v1,cell_7604592b7074be9b,/home/ubuntu/quantum-workload-architecture/workloads/manifests/imported/real_qaoa_ring4_batched.yaml,wkl_52d115b5fe51fc4f,plan_ae73c772a8d285c5,run_4b618560d5817d78,2,success,quick,2,2,False,True,cuquantum_tensornet_gpu,off,0.047364185,0.261808,0.048814976,0.048814976,0.68286,18.634462,0.701494,,,,False,False
camp_0e9e80e16faae716,repeat_roi_v1,cell_7671a91deeec4b5a,/home/ubuntu/quantum-workload-architecture/workloads/manifests/imported/real_dense_ring6_batched.yaml,wkl_20f4602946fe6acd,plan_75f0e2fde24c34d7,run_780809a1b590c18b,0,success,quick,4,2,True,False,cuquantum_tensornet_gpu,off,0.041810448,0.268595,0.043222826,0.043222826,0.671107,17.87282,0.724725,,,,False,False
camp_0e9e80e16faae716,repeat_roi_v1,cell_7671a91deeec4b5a,/home/ubuntu/quantum-workload-architecture/workloads/manifests/imported/real_dense_ring6_batched.yaml,wkl_20f4602946fe6acd,plan_75f0e2fde24c34d7,run_ca4a846e06c41468,1,success,quick,4,2,True,False,cuquantum_tensornet_gpu,off,0.04201117,0.262614,0.043391497,0.043391497,0.671107,17.87282,0.724725,,,,False,False
camp_0e9e80e16faae716,repeat_roi_v1,cell_7671a91deeec4b5a,/home/ubuntu/quantum-workload-architecture/workloads/manifests/imported/real_dense_ring6_batched.yaml,wkl_20f4602946fe6acd,plan_75f0e2fde24c34d7,run_ae8bc45f30a664e0,2,success,quick,4,2,True,False,cuquantum_tensornet_gpu,off,0.042187871,0.256512,0.043533617,0.043533617,0.671107,17.87282,0.724725,,,,False,False
camp_0e9e80e16faae716,repeat_roi_v1,cell_771e0956dc935bd0,/home/ubuntu/quantum-workload-architecture/workloads/manifests/imported/real_qaoa_ring4_batched.yaml,wkl_e27a5a050294e2ef,plan_7cb3c7bc1508a1c3,run_b23c980694440fe8,0,success,balanced,8,2,False,True,cuquantum_tensornet_gpu,off,0.04045762,0.254599,0.041813589,0.041813589,0.590691,19.410898,0.726567,,,,False,False
camp_0e9e80e16faae716,repeat_roi_v1,cell_771e0956dc935bd0,/home/ubuntu/quantum-workload-architecture/workloads/manifests/imported/real_qaoa_ring4_batched.yaml,wkl_e27a5a050294e2ef,plan_7cb3c7bc1508a1c3,run_7923a3069297e96b,1,success,balanced,8,2,False,True,cuquantum_tensornet_gpu,off,0.039103826,0.255136,0.040494037,0.040494037,0.590691,19.410898,0.726567,,,,False,False
camp_0e9e80e16faae716,repeat_roi_v1,cell_771e0956dc935bd0,/home/ubuntu/quantum-workload-architecture/workloads/manifests/imported/real_qaoa_ring4_batched.yaml,wkl_e27a5a050294e2ef,plan_7cb3c7bc1508a1c3,run_3f649247f9b44757,2,success,balanced,8,2,False,True,cuquantum_tensornet_gpu,off,0.039226525,0.248493,0.040579706,0.040579706,0.590691,19.410898,0.726567,,,,False,False
camp_0e9e80e16faae716,repeat_roi_v1,cell_7960fd65f4c3a83c,/home/ubuntu/quantum-workload-architecture/workloads/manifests/imported/real_ghz3_amplitude.yaml,wkl_d79599df853f9a2e,plan_af30f4e903e6356f,run_d453d4705ab279d6,0,success,deep,16,2,False,False,cuquantum_tensornet_gpu,off,0.012929481,0.152133,0.013878723,0.013878723,1.224494,9.463893,1.366452,,,,False,False
camp_0e9e80e16faae716,repeat_roi_v1,cell_7960fd65f4c3a83c,/home/ubuntu/quantum-workload-architecture/workloads/manifests/imported/real_ghz3_amplitude.yaml,wkl_d79599df853f9a2e,plan_af30f4e903e6356f,run_0aaf0e7880a90dc0,1,success,deep,16,2,False,False,cuquantum_tensornet_gpu,off,0.012426659,0.137248,0.013326469,0.013326469,1.224494,9.463893,1.366452,,,,False,False
camp_0e9e80e16faae716,repeat_roi_v1,cell_7960fd65f4c3a83c,/home/ubuntu/quantum-workload-architecture/workloads/manifests/imported/real_ghz3_amplitude.yaml,wkl_d79599df853f9a2e,plan_af30f4e903e6356f,run_9d968093aeb1d3d9,2,success,deep,16,2,False,False,cuquantum_tensornet_gpu,off,0.012771632,0.149222,0.013728428,0.013728428,1.224494,9.463893,1.366452,,,,False,False
camp_0e9e80e16faae716,repeat_roi_v1,cell_7a113c2741c87d29,/home/ubuntu/quantum-workload-architecture/workloads/manifests/imported/real_grid_shape6_amplitude.yaml,wkl_d98e6053c916739a,plan_0cbfebc4cb98a066,run_24552e2ef810e8c6,0,success,quick,32,2,False,True,cuquantum_tensornet_gpu,off,0.041705888,0.284817,0.043218769,0.043218769,0.61037,23.222474,1.330267,,,,False,False
camp_0e9e80e16faae716,repeat_roi_v1,cell_7a113c2741c87d29,/home/ubuntu/quantum-workload-architecture/workloads/manifests/imported/real_grid_shape6_amplitude.yaml,wkl_d98e6053c916739a,plan_0cbfebc4cb98a066,run_223cd74c5ddea72f,1,success,quick,32,2,False,True,cuquantum_tensornet_gpu,off,0.040250811,0.282215,0.041739146,0.041739146,0.61037,23.222474,1.330267,,,,False,False
camp_0e9e80e16faae716,repeat_roi_v1,cell_7a113c2741c87d29,/home/ubuntu/quantum-workload-architecture/workloads/manifests/imported/real_grid_shape6_amplitude.yaml,wkl_d98e6053c916739a,plan_0cbfebc4cb98a066,run_8181d550d8decc6f,2,success,quick,32,2,False,True,cuquantum_tensornet_gpu,off,0.040112605,0.276425,0.041587964,0.041587964,0.61037,23.222474,1.330267,,,,False,False
camp_0e9e80e16faae716,repeat_roi_v1,cell_7a56e6be873cd943,/home/ubuntu/quantum-workload-architecture/workloads/manifests/imported/real_dense_ring6_batched.yaml,wkl_50dd86db6abd0bfa,plan_d8a49405112c6dcf,run_e64dd830292d633e,0,success,deep,8,2,False,False,cuquantum_tensornet_gpu,off,0.038667216,0.258891,0.040118256,0.040118256,1.376296,12.090963,1.460933,,,,False,False
camp_0e9e80e16faae716,repeat_roi_v1,cell_7a56e6be873cd943,/home/ubuntu/quantum-workload-architecture/workloads/manifests/imported/real_dense_ring6_batched.yaml,wkl_50dd86db6abd0bfa,plan_d8a49405112c6dcf,run_af3348457476b938,1,success,deep,8,2,False,False,cuquantum_tensornet_gpu,off,0.037858422,0.27732,0.039342078,0.039342078,1.376296,12.090963,1.460933,,,,False,False
camp_0e9e80e16faae716,repeat_roi_v1,cell_7a56e6be873cd943,/home/ubuntu/quantum-workload-architecture/workloads/manifests/imported/real_dense_ring6_batched.yaml,wkl_50dd86db6abd0bfa,plan_d8a49405112c6dcf,run_e5c4b68b581e58b4,2,success,deep,8,2,False,False,cuquantum_tensornet_gpu,off,0.037944265,0.251034,0.039284925,0.039284925,1.376296,12.090963,1.460933,,,,False,False
camp_0e9e80e16faae716,repeat_roi_v1,cell_7a6bf8328d244569,/home/ubuntu/quantum-workload-architecture/workloads/manifests/imported/real_dense_ring6_amplitude.yaml,wkl_9e01192b062045b6,plan_65222be6efdcdabc,run_7a797540d6f5fff4,0,success,balanced,4,2,False,False,cuquantum_tensornet_gpu,off,0.039147843,0.278426,0.040647356,0.040647356,0.702031,21.606094,0.766849,,,,False,False
camp_0e9e80e16faae716,repeat_roi_v1,cell_7a6bf8328d244569,/home/ubuntu/quantum-workload-architecture/workloads/manifests/imported/real_dense_ring6_amplitude.yaml,wkl_9e01192b062045b6,plan_65222be6efdcdabc,run_7e32585add235b5d,1,success,balanced,4,2,False,False,cuquantum_tensornet_gpu,off,0.039185282,0.273673,0.040706869,0.040706869,0.702031,21.606094,0.766849,,,,False,False
camp_0e9e80e16faae716,repeat_roi_v1,cell_7a6bf8328d244569,/home/ubuntu/quantum-workload-architecture/workloads/manifests/imported/real_dense_ring6_amplitude.yaml,wkl_9e01192b062045b6,plan_65222be6efdcdabc,run_ac23cc53ae8fa2ed,2,success,balanced,4,2,False,False,cuquantum_tensornet_gpu,off,0.038545438,0.268551,0.039974921,0.039974921,0.702031,21.606094,0.766849,,,,False,False
camp_0e9e80e16faae716,repeat_roi_v1,cell_7b297827bc492daa,/home/ubuntu/quantum-workload-architecture/workloads/manifests/imported/real_dense_ring6_batched.yaml,wkl_50dd86db6abd0bfa,plan_30f04bfa54f8a640,run_bab7f49b849302df,0,success,balanced,8,2,True,False,cuquantum_tensornet_gpu,off,0.041794821,0.277014,0.043242197,0.043242197,0.581735,18.617521,0.712058,,,,False,False
camp_0e9e80e16faae716,repeat_roi_v1,cell_7b297827bc492daa,/home/ubuntu/quantum-workload-architecture/workloads/manifests/imported/real_dense_ring6_batched.yaml,wkl_50dd86db6abd0bfa,plan_30f04bfa54f8a640,run_03ae17ba81d7c795,1,success,balanced,8,2,True,False,cuquantum_tensornet_gpu,off,0.041895474,0.248818,0.043209642,0.043209642,0.581735,18.617521,0.712058,,,,False,False
camp_0e9e80e16faae716,repeat_roi_v1,cell_7b297827bc492daa,/home/ubuntu/quantum-workload-architecture/workloads/manifests/imported/real_dense_ring6_batched.yaml,wkl_50dd86db6abd0bfa,plan_30f04bfa54f8a640,run_5afd580e45b2b09b,2,success,balanced,8,2,True,False,cuquantum_tensornet_gpu,off,0.041630409,0.255376,0.042969377,0.042969377,0.581735,18.617521,0.712058,,,,False,False
camp_0e9e80e16faae716,repeat_roi_v1,cell_7bbee89247008c2f,/home/ubuntu/quantum-workload-architecture/workloads/manifests/imported/real_dense_ring6_amplitude.yaml,wkl_95071f3280d5f7eb,plan_57abe2dba8cce162,run_8fd3a68d18577bca,0,success,balanced,1,2,True,True,cuquantum_tensornet_gpu,off,0.051653315,0.287741,0.053159604,0.053159604,0.702031,21.606094,0.702031,,,,False,False
camp_0e9e80e16faae716,repeat_roi_v1,cell_7bbee89247008c2f,/home/ubuntu/quantum-workload-architecture/workloads/manifests/imported/real_dense_ring6_amplitude.yaml,wkl_95071f3280d5f7eb,plan_57abe2dba8cce162,run_56c65dadb8e0d04c,1,success,balanced,1,2,True,True,cuquantum_tensornet_gpu,off,0.043906116,0.286663,0.04537333,0.04537333,0.702031,21.606094,0.702031,,,,False,False
camp_0e9e80e16faae716,repeat_roi_v1,cell_7bbee89247008c2f,/home/ubuntu/quantum-workload-architecture/workloads/manifests/imported/real_dense_ring6_amplitude.yaml,wkl_95071f3280d5f7eb,plan_57abe2dba8cce162,run_caf399a7073df241,2,success,balanced,1,2,True,True,cuquantum_tensornet_gpu,off,0.043870943,0.288428,0.045364532,0.045364532,0.702031,21.606094,0.702031,,,,False,False
camp_0e9e80e16faae716,repeat_roi_v1,cell_7c1126cabd2172f0,/home/ubuntu/quantum-workload-architecture/workloads/manifests/imported/real_qaoa_ring4_batched.yaml,wkl_19ca61869000401d,plan_3a0b83fd96019722,run_ecf154b66a609939,0,success,quick,4,2,True,True,cuquantum_tensornet_gpu,off,0.043534812,0.253442,0.044877057,0.044877057,0.68286,18.634462,0.738763,,,,False,False
camp_0e9e80e16faae716,repeat_roi_v1,cell_7c1126cabd2172f0,/home/ubuntu/quantum-workload-architecture/workloads/manifests/imported/real_qaoa_ring4_batched.yaml,wkl_19ca61869000401d,plan_3a0b83fd96019722,run_60af4416100b5ca3,1,success,quick,4,2,True,True,cuquantum_tensornet_gpu,off,0.04333796,0.266433,0.044762206,0.044762206,0.68286,18.634462,0.738763,,,,False,False
camp_0e9e80e16faae716,repeat_roi_v1,cell_7c1126cabd2172f0,/home/ubuntu/quantum-workload-architecture/workloads/manifests/imported/real_qaoa_ring4_batched.yaml,wkl_19ca61869000401d,plan_3a0b83fd96019722,run_24133ac87a202bdc,2,success,quick,4,2,True,True,cuquantum_tensornet_gpu,off,0.04334922,0.253227,0.044682992,0.044682992,0.68286,18.634462,0.738763,,,,False,False
camp_0e9e80e16faae716,repeat_roi_v1,cell_7dd6b7d1fb102786,/home/ubuntu/quantum-workload-architecture/workloads/manifests/imported/real_ghz3_amplitude.yaml,wkl_aba637ae8beeb019,plan_59141043b54e0f58,run_5e2990e53612a083,0,success,balanced,32,2,False,False,cuquantum_tensornet_gpu,off,0.012323385,0.145334,0.013235016,0.013235016,0.554734,14.57239,1.006478,,,,False,False
camp_0e9e80e16faae716,repeat_roi_v1,cell_7dd6b7d1fb102786,/home/ubuntu/quantum-workload-architecture/workloads/manifests/imported/real_ghz3_amplitude.yaml,wkl_aba637ae8beeb019,plan_59141043b54e0f58,run_a54e10b043d60080,1,success,balanced,32,2,False,False,cuquantum_tensornet_gpu,off,0.012299154,0.140092,0.013228204,0.013228204,0.554734,14.57239,1.006478,,,,False,False
camp_0e9e80e16faae716,repeat_roi_v1,cell_7dd6b7d1fb102786,/home/ubuntu/quantum-workload-architecture/workloads/manifests/imported/real_ghz3_amplitude.yaml,wkl_aba637ae8beeb019,plan_59141043b54e0f58,run_f26dc8d4a58a5931,2,success,balanced,32,2,False,False,cuquantum_tensornet_gpu,off,0.012691664,0.134461,0.013577498,0.013577498,0.554734,14.57239,1.006478,,,,False,False
camp_0e9e80e16faae716,repeat_roi_v1,cell_7e133830c573aca7,/home/ubuntu/quantum-workload-architecture/workloads/manifests/imported/real_ghz3_amplitude.yaml,wkl_bb51d1ce54ae0af7,plan_deed9027fdfaa164,run_64e1f9f3df6751b1,0,success,deep,2,2,False,False,cuquantum_tensornet_gpu,off,0.012547975,0.156738,0.013518215,0.013518215,1.07912,12.823703,1.091944,,,,False,False
camp_0e9e80e16faae716,repeat_roi_v1,cell_7e133830c573aca7,/home/ubuntu/quantum-workload-architecture/workloads/manifests/imported/real_ghz3_amplitude.yaml,wkl_bb51d1ce54ae0af7,plan_deed9027fdfaa164,run_17118aa40928a1a3,1,success,deep,2,2,False,False,cuquantum_tensornet_gpu,off,0.012573142,0.150977,0.013497575,0.013497575,1.07912,12.823703,1.091944,,,,False,False
camp_0e9e80e16faae716,repeat_roi_v1,cell_7e133830c573aca7,/home/ubuntu/quantum-workload-architecture/workloads/manifests/imported/real_ghz3_amplitude.yaml,wkl_bb51d1ce54ae0af7,plan_deed9027fdfaa164,run_2e9456cace066bdc,2,success,deep,2,2,False,False,cuquantum_tensornet_gpu,off,0.012294443,0.139111,0.013195537,0.013195537,1.07912,12.823703,1.091944,,,,False,False
camp_0e9e80e16faae716,repeat_roi_v1,cell_7e2b20e28d5b0c4b,/home/ubuntu/quantum-workload-architecture/workloads/manifests/imported/real_ghz3_amplitude.yaml,wkl_5361a0b920fc4e05,plan_4cee33f08110492d,run_3c2926882580c3ad,0,success,balanced,1,2,False,False,cuquantum_tensornet_gpu,off,0.01477623,0.166393,0.015892863,0.015892863,0.629314,13.989494,0.629314,,,,False,False
camp_0e9e80e16faae716,repeat_roi_v1,cell_7e2b20e28d5b0c4b,/home/ubuntu/quantum-workload-architecture/workloads/manifests/imported/real_ghz3_amplitude.yaml,wkl_5361a0b920fc4e05,plan_4cee33f08110492d,run_390ddd3d1d24a067,1,success,balanced,1,2,False,False,cuquantum_tensornet_gpu,off,0.014588055,0.161733,0.015609122,0.015609122,0.629314,13.989494,0.629314,,,,False,False
camp_0e9e80e16faae716,repeat_roi_v1,cell_7e2b20e28d5b0c4b,/home/ubuntu/quantum-workload-architecture/workloads/manifests/imported/real_ghz3_amplitude.yaml,wkl_5361a0b920fc4e05,plan_4cee33f08110492d,run_7ef70f102dc94250,2,success,balanced,1,2,False,False,cuquantum_tensornet_gpu,off,0.014561943,0.169924,0.015682273,0.015682273,0.629314,13.989494,0.629314,,,,False,False
camp_0e9e80e16faae716,repeat_roi_v1,cell_7fb5ce8ca73504de,/home/ubuntu/quantum-workload-architecture/workloads/manifests/imported/real_ghz3_amplitude.yaml,wkl_aba637ae8beeb019,plan_894f14b40101b23e,run_906b6cfbdecc14f5,0,success,balanced,32,2,True,False,cuquantum_tensornet_gpu,off,0.014072869,0.137287,0.014959904,0.014959904,0.554734,14.57239,1.006478,,,,False,False
camp_0e9e80e16faae716,repeat_roi_v1,cell_7fb5ce8ca73504de,/home/ubuntu/quantum-workload-architecture/workloads/manifests/imported/real_ghz3_amplitude.yaml,wkl_aba637ae8beeb019,plan_894f14b40101b23e,run_94b317a9bcb9ccad,1,success,balanced,32,2,True,False,cuquantum_tensornet_gpu,off,0.014429485,0.141626,0.015328101,0.015328101,0.554734,14.57239,1.006478,,,,False,False
camp_0e9e80e16faae716,repeat_roi_v1,cell_7fb5ce8ca73504de,/home/ubuntu/quantum-workload-architecture/workloads/manifests/imported/real_ghz3_amplitude.yaml,wkl_aba637ae8beeb019,plan_894f14b40101b23e,run_b07951dbc521d37f,2,success,balanced,32,2,True,False,cuquantum_tensornet_gpu,off,0.014075222,0.137671,0.014941198,0.014941198,0.554734,14.57239,1.006478,,,,False,False
camp_0e9e80e16faae716,repeat_roi_v1,cell_808f1cee30324ea9,/home/ubuntu/quantum-workload-architecture/workloads/manifests/imported/real_dense_ring6_amplitude.yaml,wkl_163dac6a7fcd636d,plan_042bbfc1c37a996c,run_dae883e6bc1b04ff,0,success,balanced,32,2,True,True,cuquantum_tensornet_gpu,off,0.044132449,0.27544,0.045593261,0.045593261,0.599219,22.506348,1.296916,,,,False,False
camp_0e9e80e16faae716,repeat_roi_v1,cell_808f1cee30324ea9,/home/ubuntu/quantum-workload-architecture/workloads/manifests/imported/real_dense_ring6_amplitude.yaml,wkl_163dac6a7fcd636d,plan_042bbfc1c37a996c,run_ca8ad5ed85300804,1,success,balanced,32,2,True,True,cuquantum_tensornet_gpu,off,0.044014585,0.282347,0.045546365,0.045546365,0.599219,22.506348,1.296916,,,,False,False
camp_0e9e80e16faae716,repeat_roi_v1,cell_808f1cee30324ea9,/home/ubuntu/quantum-workload-architecture/workloads/manifests/imported/real_dense_ring6_amplitude.yaml,wkl_163dac6a7fcd636d,plan_042bbfc1c37a996c,run_11eac559ea9334e9,2,success,balanced,32,2,True,True,cuquantum_tensornet_gpu,off,0.043495372,0.276841,0.044961186,0.044961186,0.599219,22.506348,1.296916,,,,False,False
camp_0e9e80e16faae716,repeat_roi_v1,cell_815df583994516af,/home/ubuntu/quantum-workload-architecture/workloads/manifests/imported/real_dense_ring6_amplitude.yaml,wkl_888bce118ad39b04,plan_b0314fdf13940c38,run_7c566bd85cb05265,0,success,quick,2,2,False,False,cuquantum_tensornet_gpu,off,0.03802746,0.276249,0.039511803,0.039511803,0.702031,21.606094,0.723637,,,,False,False
camp_0e9e80e16faae716,repeat_roi_v1,cell_815df583994516af,/home/ubuntu/quantum-workload-architecture/workloads/manifests/imported/real_dense_ring6_amplitude.yaml,wkl_888bce118ad39b04,plan_b0314fdf13940c38,run_1b167558df293f93,1,success,quick,2,2,False,False,cuquantum_tensornet_gpu,off,0.038069726,0.276693,0.03954239,0.03954239,0.702031,21.606094,0.723637,,,,False,False
camp_0e9e80e16faae716,repeat_roi_v1,cell_815df583994516af,/home/ubuntu/quantum-workload-architecture/workloads/manifests/imported/real_dense_ring6_amplitude.yaml,wkl_888bce118ad39b04,plan_b0314fdf13940c38,run_4b1c71a50f13a66d,2,success,quick,2,2,False,False,cuquantum_tensornet_gpu,off,0.038314338,0.272234,0.039749759,0.039749759,0.702031,21.606094,0.723637,,,,False,False
camp_0e9e80e16faae716,repeat_roi_v1,cell_83578023c7cd70c1,/home/ubuntu/quantum-workload-architecture/workloads/manifests/imported/real_ghz3_amplitude.yaml,wkl_34730574a768505b,plan_b402a3991f805fd0,run_226e33f31c71d61b,0,success,deep,8,2,False,True,cuquantum_tensornet_gpu,off,0.012674074,0.146452,0.013666329,0.013666329,1.224494,9.463893,1.290741,,,,False,False
camp_0e9e80e16faae716,repeat_roi_v1,cell_83578023c7cd70c1,/home/ubuntu/quantum-workload-architecture/workloads/manifests/imported/real_ghz3_amplitude.yaml,wkl_34730574a768505b,plan_b402a3991f805fd0,run_9cc4d6332a66da42,1,success,deep,8,2,False,True,cuquantum_tensornet_gpu,off,0.012644651,0.140186,0.013566179,0.013566179,1.224494,9.463893,1.290741,,,,False,False
camp_0e9e80e16faae716,repeat_roi_v1,cell_83578023c7cd70c1,/home/ubuntu/quantum-workload-architecture/workloads/manifests/imported/real_ghz3_amplitude.yaml,wkl_34730574a768505b,plan_b402a3991f805fd0,run_45e5323f02ad5738,2,success,deep,8,2,False,True,cuquantum_tensornet_gpu,off,0.012474612,0.136962,0.013381116,0.013381116,1.224494,9.463893,1.290741,,,,False,False
camp_0e9e80e16faae716,repeat_roi_v1,cell_839619d88dcd3321,/home/ubuntu/quantum-workload-architecture/workloads/manifests/imported/real_dense_ring6_amplitude.yaml,wkl_95071f3280d5f7eb,plan_16fab1b159a23240,run_0f29a013cd7cd125,0,success,balanced,1,2,True,False,cuquantum_tensornet_gpu,off,0.052052295,0.298256,0.0536777,0.0536777,0.702031,21.606094,0.702031,,,,False,False
camp_0e9e80e16faae716,repeat_roi_v1,cell_839619d88dcd3321,/home/ubuntu/quantum-workload-architecture/workloads/manifests/imported/real_dense_ring6_amplitude.yaml,wkl_95071f3280d5f7eb,plan_16fab1b159a23240,run_4a51f465f9521fa1,1,success,balanced,1,2,True,False,cuquantum_tensornet_gpu,off,0.051987759,0.300495,0.053639282,0.053639282,0.702031,21.606094,0.702031,,,,False,False
camp_0e9e80e16faae716,repeat_roi_v1,cell_839619d88dcd3321,/home/ubuntu/quantum-workload-architecture/workloads/manifests/imported/real_dense_ring6_amplitude.yaml,wkl_95071f3280d5f7eb,plan_16fab1b159a23240,run_6a4bfd9c80ae2b12,2,success,balanced,1,2,True,False,cuquantum_tensornet_gpu,off,0.052703308,0.30616,0.054365214,0.054365214,0.702031,21.606094,0.702031,,,,False,False
camp_0e9e80e16faae716,repeat_roi_v1,cell_847d4e61d2a806a5,/home/ubuntu/quantum-workload-architecture/workloads/manifests/imported/real_dense_ring6_batched.yaml,wkl_31ef8810e7d2c00b,plan_6d92b8a16c1f5623,run_87cbeca90fcbc726,0,success,balanced,1,2,False,False,cuquantum_tensornet_gpu,off,0.037571386,0.260263,0.038932752,0.038932752,0.671107,17.87282,0.671107,,,,False,False
camp_0e9e80e16faae716,repeat_roi_v1,cell_847d4e61d2a806a5,/home/ubuntu/quantum-workload-architecture/workloads/manifests/imported/real_dense_ring6_batched.yaml,wkl_31ef8810e7d2c00b,plan_6d92b8a16c1f5623,run_28a8bcfee5caacbf,1,success,balanced,1,2,False,False,cuquantum_tensornet_gpu,off,0.037343916,0.255235,0.038730572,0.038730572,0.671107,17.87282,0.671107,,,,False,False
camp_0e9e80e16faae716,repeat_roi_v1,cell_847d4e61d2a806a5,/home/ubuntu/quantum-workload-architecture/workloads/manifests/imported/real_dense_ring6_batched.yaml,wkl_31ef8810e7d2c00b,plan_6d92b8a16c1f5623,run_cdbdde84ebd61b56,2,success,balanced,1,2,False,False,cuquantum_tensornet_gpu,off,0.037812661,0.265677,0.039265641,0.039265641,0.671107,17.87282,0.671107,,,,False,False
camp_0e9e80e16faae716,repeat_roi_v1,cell_8590c143691190f5,/home/ubuntu/quantum-workload-architecture/workloads/manifests/imported/real_ghz3_amplitude.yaml,wkl_d79599df853f9a2e,plan_a389067edb28e4cc,run_7c69fed97cf41a99,0,success,quick,16,2,False,True,cuquantum_tensornet_gpu,off,0.015368053,0.183249,0.016506142,0.016506142,0.554734,14.57239,0.77332,,,,False,False
camp_0e9e80e16faae716,repeat_roi_v1,cell_8590c143691190f5,/home/ubuntu/quantum-workload-architecture/workloads/manifests/imported/real_ghz3_amplitude.yaml,wkl_d79599df853f9a2e,plan_a389067edb28e4cc,run_ca94d51750435ec9,1,success,quick,16,2,False,True,cuquantum_tensornet_gpu,off,0.014991291,0.165029,0.016076459,0.016076459,0.554734,14.57239,0.77332,,,,False,False
camp_0e9e80e16faae716,repeat_roi_v1,cell_8590c143691190f5,/home/ubuntu/quantum-workload-architecture/workloads/manifests/imported/real_ghz3_amplitude.yaml,wkl_d79599df853f9a2e,plan_a389067edb28e4cc,run_391c94826f4f2a72,2,success,quick,16,2,False,True,cuquantum_tensornet_gpu,off,0.015302712,0.170302,0.016454646,0.016454646,0.554734,14.57239,0.77332,,,,False,False
camp_0e9e80e16faae716,repeat_roi_v1,cell_86461a70c2a33d2b,/home/ubuntu/quantum-workload-architecture/workloads/manifests/imported/real_qaoa_ring4_batched.yaml,wkl_b169adc6c553a708,plan_b03b309a7e616611,run_b8337470b745dca0,0,success,deep,1,2,False,True,cuquantum_tensornet_gpu,off,0.039186013,0.251511,0.040635796,0.040635796,1.238985,17.08159,1.238985,,,,False,False
camp_0e9e80e16faae716,repeat_roi_v1,cell_86461a70c2a33d2b,/home/ubuntu/quantum-workload-architecture/workloads/manifests/imported/real_qaoa_ring4_batched.yaml,wkl_b169adc6c553a708,plan_b03b309a7e616611,run_592b3a81bc6dbaa5,1,success,deep,1,2,False,True,cuquantum_tensornet_gpu,off,0.039825725,0.251098,0.041184364,0.041184364,1.238985,17.08159,1.238985,,,,False,False
camp_0e9e80e16faae716,repeat_roi_v1,cell_86461a70c2a33d2b,/home/ubuntu/quantum-workload-architecture/workloads/manifests/imported/real_qaoa_ring4_batched.yaml,wkl_b169adc6c553a708,plan_b03b309a7e616611,run_6c54d88815adfd5e,2,success,deep,1,2,False,True,cuquantum_tensornet_gpu,off,0.039346679,0.255267,0.040793209,0.040793209,1.238985,17.08159,1.238985,,,,False,False
camp_0e9e80e16faae716,repeat_roi_v1,cell_86524016e2c0df80,/home/ubuntu/quantum-workload-architecture/workloads/manifests/imported/real_ghz3_amplitude.yaml,wkl_34730574a768505b,plan_d0935cb310ed5666,run_1a61e2263c497077,0,success,quick,8,2,False,False,cuquantum_tensornet_gpu,off,0.01482178,0.168058,0.015878542,0.015878542,0.554734,14.57239,0.656741,,,,False,False
camp_0e9e80e16faae716,repeat_roi_v1,cell_86524016e2c0df80,/home/ubuntu/quantum-workload-architecture/workloads/manifests/imported/real_ghz3_amplitude.yaml,wkl_34730574a768505b,plan_d0935cb310ed5666,run_7163ed688359bbb6,1,success,quick,8,2,False,False,cuquantum_tensornet_gpu,off,0.015079042,0.162967,0.016146864,0.016146864,0.554734,14.57239,0.656741,,,,False,False
camp_0e9e80e16faae716,repeat_roi_v1,cell_86524016e2c0df80,/home/ubuntu/quantum-workload-architecture/workloads/manifests/imported/real_ghz3_amplitude.yaml,wkl_34730574a768505b,plan_d0935cb310ed5666,run_ca5b62a754053531,2,success,quick,8,2,False,False,cuquantum_tensornet_gpu,off,0.014885766,0.176131,0.015984283,0.015984283,0.554734,14.57239,0.656741,,,,False,False
camp_0e9e80e16faae716,repeat_roi_v1,cell_86fb04357e732949,/home/ubuntu/quantum-workload-architecture/workloads/manifests/imported/real_ghz3_amplitude.yaml,wkl_e5f6794fb08543dd,plan_5dfd1d37713d50cf,run_f977261a5cb69be9,0,success,deep,4,2,True,False,cuquantum_tensornet_gpu,off,0.013955334,0.139836,0.01485245,0.01485245,1.07912,12.823703,1.117591,,,,False,False
camp_0e9e80e16faae716,repeat_roi_v1,cell_86fb04357e732949,/home/ubuntu/quantum-workload-architecture/workloads/manifests/imported/real_ghz3_amplitude.yaml,wkl_e5f6794fb08543dd,plan_5dfd1d37713d50cf,run_aada17ab733544fd,1,success,deep,4,2,True,False,cuquantum_tensornet_gpu,off,0.014443929,0.155239,0.015367425,0.015367425,1.07912,12.823703,1.117591,,,,False,False
camp_0e9e80e16faae716,repeat_roi_v1,cell_86fb04357e732949,/home/ubuntu/quantum-workload-architecture/workloads/manifests/imported/real_ghz3_amplitude.yaml,wkl_e5f6794fb08543dd,plan_5dfd1d37713d50cf,run_5f32584f16261227,2,success,deep,4,2,True,False,cuquantum_tensornet_gpu,off,0.014356254,0.143317,0.015288713,0.015288713,1.07912,12.823703,1.117591,,,,False,False
camp_0e9e80e16faae716,repeat_roi_v1,cell_874ccbc28802f1c6,/home/ubuntu/quantum-workload-architecture/workloads/manifests/imported/real_grid_shape6_amplitude.yaml,wkl_d4fa6cd925641ea0,plan_10bc5f207fdbf25f,run_4694f88a75c347f7,0,success,deep,16,2,False,False,cuquantum_tensornet_gpu,off,0.040281575,0.270265,0.041738341,0.041738341,1.53861,15.081604,1.764834,,,,False,False
camp_0e9e80e16faae716,repeat_roi_v1,cell_874ccbc28802f1c6,/home/ubuntu/quantum-workload-architecture/workloads/manifests/imported/real_grid_shape6_amplitude.yaml,wkl_d4fa6cd925641ea0,plan_10bc5f207fdbf25f,run_b7890f18d5daca3a,1,success,deep,16,2,False,False,cuquantum_tensornet_gpu,off,0.040208512,0.273153,0.041650811,0.041650811,1.53861,15.081604,1.764834,,,,False,False
camp_0e9e80e16faae716,repeat_roi_v1,cell_874ccbc28802f1c6,/home/ubuntu/quantum-workload-architecture/workloads/manifests/imported/real_grid_shape6_amplitude.yaml,wkl_d4fa6cd925641ea0,plan_10bc5f207fdbf25f,run_dae0a85ad3628206,2,success,deep,16,2,False,False,cuquantum_tensornet_gpu,off,0.040373028,0.278039,0.041844919,0.041844919,1.53861,15.081604,1.764834,,,,False,False
camp_0e9e80e16faae716,repeat_roi_v1,cell_874f68d0d8d5f1ce,/home/ubuntu/quantum-workload-architecture/workloads/manifests/imported/real_ghz3_amplitude.yaml,wkl_e5f6794fb08543dd,plan_4c53b47f0734f821,run_d0cf5e363f9c6264,0,success,balanced,4,2,True,True,cuquantum_tensornet_gpu,off,0.014242788,0.152134,0.015185887,0.015185887,0.629314,13.989494,0.671282,,,,False,False
camp_0e9e80e16faae716,repeat_roi_v1,cell_874f68d0d8d5f1ce,/home/ubuntu/quantum-workload-architecture/workloads/manifests/imported/real_ghz3_amplitude.yaml,wkl_e5f6794fb08543dd,plan_4c53b47f0734f821,run_7f72a5c446488960,1,success,balanced,4,2,True,True,cuquantum_tensornet_gpu,off,0.014046655,0.132931,0.014892463,0.014892463,0.629314,13.989494,0.671282,,,,False,False
camp_0e9e80e16faae716,repeat_roi_v1,cell_874f68d0d8d5f1ce,/home/ubuntu/quantum-workload-architecture/workloads/manifests/imported/real_ghz3_amplitude.yaml,wkl_e5f6794fb08543dd,plan_4c53b47f0734f821,run_876286e4c9ecead2,2,success,balanced,4,2,True,True,cuquantum_tensornet_gpu,off,0.014381113,0.144369,0.015341256,0.015341256,0.629314,13.989494,0.671282,,,,False,False
camp_0e9e80e16faae716,repeat_roi_v1,cell_8784268de2303891,/home/ubuntu/quantum-workload-architecture/workloads/manifests/imported/real_ghz3_amplitude.yaml,wkl_aba637ae8beeb019,plan_3bd908ca3f9cf966,run_5be37ae3c4d0898d,0,success,deep,32,2,True,True,cuquantum_tensornet_gpu,off,0.014163008,0.138584,0.015063048,0.015063048,1.224494,9.463893,1.517875,,,,False,False
camp_0e9e80e16faae716,repeat_roi_v1,cell_8784268de2303891,/home/ubuntu/quantum-workload-architecture/workloads/manifests/imported/real_ghz3_amplitude.yaml,wkl_aba637ae8beeb019,plan_3bd908ca3f9cf966,run_83269a22dac5c96a,1,success,deep,32,2,True,True,cuquantum_tensornet_gpu,off,0.014271724,0.153676,0.015205766,0.015205766,1.224494,9.463893,1.517875,,,,False,False
camp_0e9e80e16faae716,repeat_roi_v1,cell_8784268de2303891,/home/ubuntu/quantum-workload-architecture/workloads/manifests/imported/real_ghz3_amplitude.yaml,wkl_aba637ae8beeb019,plan_3bd908ca3f9cf966,run_afebf9e6d995a055,2,success,deep,32,2,True,True,cuquantum_tensornet_gpu,off,0.014048622,0.137677,0.014911966,0.014911966,1.224494,9.463893,1.517875,,,,False,False
camp_0e9e80e16faae716,repeat_roi_v1,cell_8829d2e05a37be91,/home/ubuntu/quantum-workload-architecture/workloads/manifests/imported/real_dense_ring6_amplitude.yaml,wkl_fecefeb4ecb3e7d2,plan_9e57321cda2eb048,run_436e776854bd5771,0,success,balanced,8,2,True,False,cuquantum_tensornet_gpu,off,0.043670208,0.301539,0.045356979,0.045356979,0.599219,22.506348,0.756763,,,,False,False
camp_0e9e80e16faae716,repeat_roi_v1,cell_8829d2e05a37be91,/home/ubuntu/quantum-workload-architecture/workloads/manifests/imported/real_dense_ring6_amplitude.yaml,wkl_fecefeb4ecb3e7d2,plan_9e57321cda2eb048,run_bbc9e4f5b33d7bc7,1,success,balanced,8,2,True,False,cuquantum_tensornet_gpu,off,0.043649295,0.278521,0.045110838,0.045110838,0.599219,22.506348,0.756763,,,,False,False
camp_0e9e80e16faae716,repeat_roi_v1,cell_8829d2e05a37be91,/home/ubuntu/quantum-workload-architecture/workloads/manifests/imported/real_dense_ring6_amplitude.yaml,wkl_fecefeb4ecb3e7d2,plan_9e57321cda2eb048,run_2ddf7bd337f2c343,2,success,balanced,8,2,True,False,cuquantum_tensornet_gpu,off,0.043603896,0.281054,0.045062238,0.045062238,0.599219,22.506348,0.756763,,,,False,False
camp_0e9e80e16faae716,repeat_roi_v1,cell_88b0229dc3c53d36,/home/ubuntu/quantum-workload-architecture/workloads/manifests/imported/real_qaoa_ring4_batched.yaml,wkl_19ca61869000401d,plan_1bdefa2017ccc3dd,run_a7489c946e4206a5,0,success,balanced,4,2,True,False,cuquantum_tensornet_gpu,off,0.043775181,0.26264,0.045159941,0.045159941,0.68286,18.634462,0.738763,,,,False,False
camp_0e9e80e16faae716,repeat_roi_v1,cell_88b0229dc3c53d36,/home/ubuntu/quantum-workload-architecture/workloads/manifests/imported/real_qaoa_ring4_batched.yaml,wkl_19ca61869000401d,plan_1bdefa2017ccc3dd,run_468643fa0e6f006f,1,success,balanced,4,2,True,False,cuquantum_tensornet_gpu,off,0.043720293,0.264658,0.045197873,0.045197873,0.68286,18.634462,0.738763,,,,False,False
camp_0e9e80e16faae716,repeat_roi_v1,cell_88b0229dc3c53d36,/home/ubuntu/quantum-workload-architecture/workloads/manifests/imported/real_qaoa_ring4_batched.yaml,wkl_19ca61869000401d,plan_1bdefa2017ccc3dd,run_b4c54d2e171b1ee5,2,success,balanced,4,2,True,False,cuquantum_tensornet_gpu,off,0.043109671,0.261865,0.044517882,0.044517882,0.68286,18.634462,0.738763,,,,False,False
camp_0e9e80e16faae716,repeat_roi_v1,cell_8960008515cf401c,/home/ubuntu/quantum-workload-architecture/workloads/manifests/imported/real_dense_ring6_amplitude.yaml,wkl_888bce118ad39b04,plan_5d72310edc74833f,run_7ade48ba6fee3c56,0,success,deep,2,2,False,True,cuquantum_tensornet_gpu,off,0.038179121,0.277768,0.039647898,0.039647898,1.322506,19.805586,1.342312,,,,False,False
camp_0e9e80e16faae716,repeat_roi_v1,cell_8960008515cf401c,/home/ubuntu/quantum-workload-architecture/workloads/manifests/imported/real_dense_ring6_amplitude.yaml,wkl_888bce118ad39b04,plan_5d72310edc74833f,run_8b28232b405d9ce3,1,success,deep,2,2,False,True,cuquantum_tensornet_gpu,off,0.038581183,0.276767,0.04008093,0.04008093,1.322506,19.805586,1.342312,,,,False,False
camp_0e9e80e16faae716,repeat_roi_v1,cell_8960008515cf401c,/home/ubuntu/quantum-workload-architecture/workloads/manifests/imported/real_dense_ring6_amplitude.yaml,wkl_888bce118ad39b04,plan_5d72310edc74833f,run_7d6877422144f94e,2,success,deep,2,2,False,True,cuquantum_tensornet_gpu,off,0.038234293,0.282235,0.039732025,0.039732025,1.322506,19.805586,1.342312,,,,False,False
camp_0e9e80e16faae716,repeat_roi_v1,cell_89672692e725041d,/home/ubuntu/quantum-workload-architecture/workloads/manifests/imported/real_dense_ring6_amplitude.yaml,wkl_9e01192b062045b6,plan_84a3c7feabdadc2d,run_414f79f846f7acba,0,success,deep,4,2,False,True,cuquantum_tensornet_gpu,off,0.048767081,0.306341,0.05048006,0.05048006,1.322506,19.805586,1.381923,,,,False,False
camp_0e9e80e16faae716,repeat_roi_v1,cell_89672692e725041d,/home/ubuntu/quantum-workload-architecture/workloads/manifests/imported/real_dense_ring6_amplitude.yaml,wkl_9e01192b062045b6,plan_84a3c7feabdadc2d,run_736d594c14eb8b1c,1,success,deep,4,2,False,True,cuquantum_tensornet_gpu,off,0.044742559,0.339593,0.04674988,0.04674988,1.322506,19.805586,1.381923,,,,False,False
camp_0e9e80e16faae716,repeat_roi_v1,cell_89672692e725041d,/home/ubuntu/quantum-workload-architecture/workloads/manifests/imported/real_dense_ring6_amplitude.yaml,wkl_9e01192b062045b6,plan_84a3c7feabdadc2d,run_51cd5883768191bd,2,success,deep,4,2,False,True,cuquantum_tensornet_gpu,off,0.047421441,0.333553,0.049243042,0.049243042,1.322506,19.805586,1.381923,,,,False,False
camp_0e9e80e16faae716,repeat_roi_v1,cell_89f9e7b12a3a7185,/home/ubuntu/quantum-workload-architecture/workloads/manifests/imported/real_qaoa_ring4_batched.yaml,wkl_ba3875dd3ccf7480,plan_68c30814b2215849,run_8dea7af110d575ec,0,success,balanced,32,2,True,False,cuquantum_tensornet_gpu,off,0.043439771,0.275018,0.044846513,0.044846513,0.590691,19.410898,1.192429,,,,False,False
camp_0e9e80e16faae716,repeat_roi_v1,cell_89f9e7b12a3a7185,/home/ubuntu/quantum-workload-architecture/workloads/manifests/imported/real_qaoa_ring4_batched.yaml,wkl_ba3875dd3ccf7480,plan_68c30814b2215849,run_4936fd73f8b663d0,1,success,balanced,32,2,True,False,cuquantum_tensornet_gpu,off,0.043568637,0.254418,0.044936674,0.044936674,0.590691,19.410898,1.192429,,,,False,False
camp_0e9e80e16faae716,repeat_roi_v1,cell_89f9e7b12a3a7185,/home/ubuntu/quantum-workload-architecture/workloads/manifests/imported/real_qaoa_ring4_batched.yaml,wkl_ba3875dd3ccf7480,plan_68c30814b2215849,run_a3ae1ee6c59bea76,2,success,balanced,32,2,True,False,cuquantum_tensornet_gpu,off,0.043689306,0.260204,0.045046185,0.045046185,0.590691,19.410898,1.192429,,,,False,False
camp_0e9e80e16faae716,repeat_roi_v1,cell_8a0bbb1057cf2124,/home/ubuntu/quantum-workload-architecture/workloads/manifests/imported/real_grid_shape6_amplitude.yaml,wkl_75d3c6900c0116f4,plan_6c0674a9e04f1d9d,run_8bee912c9fc30724,0,success,balanced,1,2,True,True,cuquantum_tensornet_gpu,off,0.044917344,0.295832,0.046395328,0.046395328,0.715588,22.293575,0.715588,,,,False,False
camp_0e9e80e16faae716,repeat_roi_v1,cell_8a0bbb1057cf2124,/home/ubuntu/quantum-workload-architecture/workloads/manifests/imported/real_grid_shape6_amplitude.yaml,wkl_75d3c6900c0116f4,plan_6c0674a9e04f1d9d,run_4329fab5d4ac1a9a,1,success,balanced,1,2,True,True,cuquantum_tensornet_gpu,off,0.04559331,0.286062,0.047114798,0.047114798,0.715588,22.293575,0.715588,,,,False,False
camp_0e9e80e16faae716,repeat_roi_v1,cell_8a0bbb1057cf2124,/home/ubuntu/quantum-workload-architecture/workloads/manifests/imported/real_grid_shape6_amplitude.yaml,wkl_75d3c6900c0116f4,plan_6c0674a9e04f1d9d,run_c6cfde9bd28a5cfc,2,success,balanced,1,2,True,True,cuquantum_tensornet_gpu,off,0.045232723,0.275946,0.046647196,0.046647196,0.715588,22.293575,0.715588,,,,False,False
camp_0e9e80e16faae716,repeat_roi_v1,cell_8a35d08f58064ae1,/home/ubuntu/quantum-workload-architecture/workloads/manifests/imported/real_grid_shape6_amplitude.yaml,wkl_75d3c6900c0116f4,plan_8efef1ae7dd92f20,run_d58e46a6fcc90b58,0,success,deep,1,2,True,False,cuquantum_tensornet_gpu,off,0.04542305,0.291907,0.046924338,0.046924338,1.350612,20.435777,1.350612,,,,False,False
camp_0e9e80e16faae716,repeat_roi_v1,cell_8a35d08f58064ae1,/home/ubuntu/quantum-workload-architecture/workloads/manifests/imported/real_grid_shape6_amplitude.yaml,wkl_75d3c6900c0116f4,plan_8efef1ae7dd92f20,run_96f8131aa9196402,1,success,deep,1,2,True,False,cuquantum_tensornet_gpu,off,0.046090464,0.28532,0.047607069,0.047607069,1.350612,20.435777,1.350612,,,,False,False
camp_0e9e80e16faae716,repeat_roi_v1,cell_8a35d08f58064ae1,/home/ubuntu/quantum-workload-architecture/workloads/manifests/imported/real_grid_shape6_amplitude.yaml,wkl_75d3c6900c0116f4,plan_8efef1ae7dd92f20,run_4a696fc3c627111d,2,success,deep,1,2,True,False,cuquantum_tensornet_gpu,off,0.045365142,0.271304,0.04678695,0.04678695,1.350612,20.435777,1.350612,,,,False,False
camp_0e9e80e16faae716,repeat_roi_v1,cell_8aa55b17e392198c,/home/ubuntu/quantum-workload-architecture/workloads/manifests/imported/real_dense_ring6_batched.yaml,wkl_977f16a92f06596a,plan_c3f54d3609e3d00a,run_f45c213ed232a1b3,0,success,balanced,32,2,False,True,cuquantum_tensornet_gpu,off,0.038223297,0.25259,0.039640204,0.039640204,0.581735,18.617521,1.158878,,,,False,False
camp_0e9e80e16faae716,repeat_roi_v1,cell_8aa55b17e392198c,/home/ubuntu/quantum-workload-architecture/workloads/manifests/imported/real_dense_ring6_batched.yaml,wkl_977f16a92f06596a,plan_c3f54d3609e3d00a,run_2420c04871a51d7d,1,success,balanced,32,2,False,True,cuquantum_tensornet_gpu,off,0.037594932,0.255541,0.038997113,0.038997113,0.581735,18.617521,1.158878,,,,False,False
camp_0e9e80e16faae716,repeat_roi_v1,cell_8aa55b17e392198c,/home/ubuntu/quantum-workload-architecture/workloads/manifests/imported/real_dense_ring6_batched.yaml,wkl_977f16a92f06596a,plan_c3f54d3609e3d00a,run_1f7d7e1c58b3671e,2,success,balanced,32,2,False,True,cuquantum_tensornet_gpu,off,0.03736295,0.253827,0.038705893,0.038705893,0.581735,18.617521,1.158878,,,,False,False
camp_0e9e80e16faae716,repeat_roi_v1,cell_8aa7f4d9a3c8c3ca,/home/ubuntu/quantum-workload-architecture/workloads/manifests/imported/real_qaoa_ring4_batched.yaml,wkl_864119d61a67efe5,plan_885a517857e7fd21,run_6d2273943227a4cb,0,success,deep,16,2,False,True,cuquantum_tensornet_gpu,off,0.040613394,0.257995,0.041995241,0.041995241,1.408852,12.606214,1.597945,,,,False,False
camp_0e9e80e16faae716,repeat_roi_v1,cell_8aa7f4d9a3c8c3ca,/home/ubuntu/quantum-workload-architecture/workloads/manifests/imported/real_qaoa_ring4_batched.yaml,wkl_864119d61a67efe5,plan_885a517857e7fd21,run_18734d59da1b3b49,1,success,deep,16,2,False,True,cuquantum_tensornet_gpu,off,0.039212071,0.253864,0.040609188,0.040609188,1.408852,12.606214,1.597945,,,,False,False
camp_0e9e80e16faae716,repeat_roi_v1,cell_8aa7f4d9a3c8c3ca,/home/ubuntu/quantum-workload-architecture/workloads/manifests/imported/real_qaoa_ring4_batched.yaml,wkl_864119d61a67efe5,plan_885a517857e7fd21,run_16d003f5bf0e42bd,2,success,deep,16,2,False,True,cuquantum_tensornet_gpu,off,0.039424275,0.252402,0.040793141,0.040793141,1.408852,12.606214,1.597945,,,,False,False
camp_0e9e80e16faae716,repeat_roi_v1,cell_8ac1a555cab762f4,/home/ubuntu/quantum-workload-architecture/workloads/manifests/imported/real_ghz3_amplitude.yaml,wkl_5361a0b920fc4e05,plan_4b5aff88d57af325,run_5ad0a98655c1278c,0,success,balanced,1,2,False,True,cuquantum_tensornet_gpu,off,0.014749183,0.1676,0.015789858,0.015789858,0.629314,13.989494,0.629314,,,,False,False
camp_0e9e80e16faae716,repeat_roi_v1,cell_8ac1a555cab762f4,/home/ubuntu/quantum-workload-architecture/workloads/manifests/imported/real_ghz3_amplitude.yaml,wkl_5361a0b920fc4e05,plan_4b5aff88d57af325,run_594e4d8cc06f8e68,1,success,balanced,1,2,False,True,cuquantum_tensornet_gpu,off,0.014771417,0.159349,0.015829057,0.015829057,0.629314,13.989494,0.629314,,,,False,False
camp_0e9e80e16faae716,repeat_roi_v1,cell_8ac1a555cab762f4,/home/ubuntu/quantum-workload-architecture/workloads/manifests/imported/real_ghz3_amplitude.yaml,wkl_5361a0b920fc4e05,plan_4b5aff88d57af325,run_7af164a301c99a06,2,success,balanced,1,2,False,True,cuquantum_tensornet_gpu,off,0.01461844,0.147817,0.015602961,0.015602961,0.629314,13.989494,0.629314,,,,False,False
camp_0e9e80e16faae716,repeat_roi_v1,cell_8b324077ff0ab083,/home/ubuntu/quantum-workload-architecture/workloads/manifests/imported/real_grid_shape6_amplitude.yaml,wkl_75d3c6900c0116f4,plan_a9fa40b3138d7cae,run_5ed5bb92ca642c6f,0,success,balanced,1,2,False,False,cuquantum_tensornet_gpu,off,0.04076649,0.274787,0.042237482,0.042237482,0.715588,22.293575,0.715588,,,,False,False
camp_0e9e80e16faae716,repeat_roi_v1,cell_8b324077ff0ab083,/home/ubuntu/quantum-workload-architecture/workloads/manifests/imported/real_grid_shape6_amplitude.yaml,wkl_75d3c6900c0116f4,plan_a9fa40b3138d7cae,run_deb81971866750fd,1,success,balanced,1,2,False,False,cuquantum_tensornet_gpu,off,0.039936759,0.273826,0.041445184,0.041445184,0.715588,22.293575,0.715588,,,,False,False
camp_0e9e80e16faae716,repeat_roi_v1,cell_8b324077ff0ab083,/home/ubuntu/quantum-workload-architecture/workloads/manifests/imported/real_grid_shape6_amplitude.yaml,wkl_75d3c6900c0116f4,plan_a9fa40b3138d7cae,run_8945bbb68c24cb60,2,success,balanced,1,2,False,False,cuquantum_tensornet_gpu,off,0.039977916,0.276634,0.041429513,0.041429513,0.715588,22.293575,0.715588,,,,False,False
camp_0e9e80e16faae716,repeat_roi_v1,cell_8bf3560d4c43e606,/home/ubuntu/quantum-workload-architecture/workloads/manifests/imported/real_ghz3_amplitude.yaml,wkl_bb51d1ce54ae0af7,plan_19070b0e3d834a1f,run_d7b74ca9b56cf7f8,0,success,quick,2,2,False,True,cuquantum_tensornet_gpu,off,0.014845278,0.163126,0.015951364,0.015951364,0.629314,13.989494,0.643303,,,,False,False
camp_0e9e80e16faae716,repeat_roi_v1,cell_8bf3560d4c43e606,/home/ubuntu/quantum-workload-architecture/workloads/manifests/imported/real_ghz3_amplitude.yaml,wkl_bb51d1ce54ae0af7,plan_19070b0e3d834a1f,run_9d3238f1d26eb452,1,success,quick,2,2,False,True,cuquantum_tensornet_gpu,off,0.014637224,0.169595,0.015669953,0.015669953,0.629314,13.989494,0.643303,,,,False,False
camp_0e9e80e16faae716,repeat_roi_v1,cell_8bf3560d4c43e606,/home/ubuntu/quantum-workload-architecture/workloads/manifests/imported/real_ghz3_amplitude.yaml,wkl_bb51d1ce54ae0af7,plan_19070b0e3d834a1f,run_7af0c26bf8d63b58,2,success,quick,2,2,False,True,cuquantum_tensornet_gpu,off,0.014962518,0.164307,0.016033183,0.016033183,0.629314,13.989494,0.643303,,,,False,False
camp_0e9e80e16faae716,repeat_roi_v1,cell_8c4caf5bf115a25d,/home/ubuntu/quantum-workload-architecture/workloads/manifests/imported/real_grid_shape6_amplitude.yaml,wkl_fc0e5b8c90c09068,plan_3afa638e9ef7a2b9,run_a4ec69c1649a30f9,0,success,balanced,8,2,False,False,cuquantum_tensornet_gpu,off,0.040897914,0.277093,0.042384466,0.042384466,0.61037,23.222474,0.772927,,,,False,False
camp_0e9e80e16faae716,repeat_roi_v1,cell_8c4caf5bf115a25d,/home/ubuntu/quantum-workload-architecture/workloads/manifests/imported/real_grid_shape6_amplitude.yaml,wkl_fc0e5b8c90c09068,plan_3afa638e9ef7a2b9,run_4e49deb6b9a87509,1,success,balanced,8,2,False,False,cuquantum_tensornet_gpu,off,0.040292168,0.311635,0.041867005,0.041867005,0.61037,23.222474,0.772927,,,,False,False
camp_0e9e80e16faae716,repeat_roi_v1,cell_8c4caf5bf115a25d,/home/ubuntu/quantum-workload-architecture/workloads/manifests/imported/real_grid_shape6_amplitude.yaml,wkl_fc0e5b8c90c09068,plan_3afa638e9ef7a2b9,run_70fe47c0371e7d21,2,success,balanced,8,2,False,False,cuquantum_tensornet_gpu,off,0.040335202,0.271331,0.041794295,0.041794295,0.61037,23.222474,0.772927,,,,False,False
camp_0e9e80e16faae716,repeat_roi_v1,cell_8dffce01dff34829,/home/ubuntu/quantum-workload-architecture/workloads/manifests/imported/real_ghz3_amplitude.yaml,wkl_5361a0b920fc4e05,plan_eeca2e03081f8014,run_d8d0a592f1334906,0,success,deep,1,2,True,True,cuquantum_tensornet_gpu,off,0.014668856,0.141541,0.015580029,0.015580029,1.07912,12.823703,1.07912,,,,False,False
camp_0e9e80e16faae716,repeat_roi_v1,cell_8dffce01dff34829,/home/ubuntu/quantum-workload-architecture/workloads/manifests/imported/real_ghz3_amplitude.yaml,wkl_5361a0b920fc4e05,plan_eeca2e03081f8014,run_d279234f876eb285,1,success,deep,1,2,True,True,cuquantum_tensornet_gpu,off,0.01403317,0.14229,0.01490218,0.01490218,1.07912,12.823703,1.07912,,,,False,False
camp_0e9e80e16faae716,repeat_roi_v1,cell_8dffce01dff34829,/home/ubuntu/quantum-workload-architecture/workloads/manifests/imported/real_ghz3_amplitude.yaml,wkl_5361a0b920fc4e05,plan_eeca2e03081f8014,run_813b10e1d5d48221,2,success,deep,1,2,True,True,cuquantum_tensornet_gpu,off,0.014282155,0.149482,0.015192282,0.015192282,1.07912,12.823703,1.07912,,,,False,False
camp_0e9e80e16faae716,repeat_roi_v1,cell_8e0f8afb181bbec8,/home/ubuntu/quantum-workload-architecture/workloads/manifests/imported/real_qaoa_ring4_batched.yaml,wkl_52d115b5fe51fc4f,plan_94573b49be7c7940,run_48aebe31ee43f121,0,success,quick,2,2,False,False,cuquantum_tensornet_gpu,off,0.038973612,0.256418,0.040353036,0.040353036,0.68286,18.634462,0.701494,,,,False,False
camp_0e9e80e16faae716,repeat_roi_v1,cell_8e0f8afb181bbec8,/home/ubuntu/quantum-workload-architecture/workloads/manifests/imported/real_qaoa_ring4_batched.yaml,wkl_52d115b5fe51fc4f,plan_94573b49be7c7940,run_c06a1a04c8441128,1,success,quick,2,2,False,False,cuquantum_tensornet_gpu,off,0.038351719,0.251491,0.039741285,0.039741285,0.68286,18.634462,0.701494,,,,False,False
camp_0e9e80e16faae716,repeat_roi_v1,cell_8e0f8afb181bbec8,/home/ubuntu/quantum-workload-architecture/workloads/manifests/imported/real_qaoa_ring4_batched.yaml,wkl_52d115b5fe51fc4f,plan_94573b49be7c7940,run_784283b4aff22645,2,success,quick,2,2,False,False,cuquantum_tensornet_gpu,off,0.049880499,0.274905,0.051419948,0.051419948,0.68286,18.634462,0.701494,,,,False,False
camp_0e9e80e16faae716,repeat_roi_v1,cell_8fa65c1c749b6948,/home/ubuntu/quantum-workload-architecture/workloads/manifests/imported/real_dense_ring6_amplitude.yaml,wkl_888bce118ad39b04,plan_e5efea8eb9ffe0d0,run_2e56646e37ccae07,0,success,quick,2,2,False,True,cuquantum_tensornet_gpu,off,0.0391254,0.276138,0.040640379,0.040640379,0.702031,21.606094,0.723637,,,,False,False
camp_0e9e80e16faae716,repeat_roi_v1,cell_8fa65c1c749b6948,/home/ubuntu/quantum-workload-architecture/workloads/manifests/imported/real_dense_ring6_amplitude.yaml,wkl_888bce118ad39b04,plan_e5efea8eb9ffe0d0,run_7766a288bb7532f0,1,success,quick,2,2,False,True,cuquantum_tensornet_gpu,off,0.038548053,0.278002,0.040032374,0.040032374,0.702031,21.606094,0.723637,,,,False,False
camp_0e9e80e16faae716,repeat_roi_v1,cell_8fa65c1c749b6948,/home/ubuntu/quantum-workload-architecture/workloads/manifests/imported/real_dense_ring6_amplitude.yaml,wkl_888bce118ad39b04,plan_e5efea8eb9ffe0d0,run_4f87c16c08b137a6,2,success,quick,2,2,False,True,cuquantum_tensornet_gpu,off,0.038143722,0.273557,0.039653977,0.039653977,0.702031,21.606094,0.723637,,,,False,False
camp_0e9e80e16faae716,repeat_roi_v1,cell_8fbd2d26f1068cce,/home/ubuntu/quantum-workload-architecture/workloads/manifests/imported/real_dense_ring6_amplitude.yaml,wkl_888bce118ad39b04,plan_7fb8f0b7bd3da18a,run_05a3b08c45453af1,0,success,balanced,2,2,False,True,cuquantum_tensornet_gpu,off,0.038704063,0.282633,0.040175265,0.040175265,0.702031,21.606094,0.723637,,,,False,False
camp_0e9e80e16faae716,repeat_roi_v1,cell_8fbd2d26f1068cce,/home/ubuntu/quantum-workload-architecture/workloads/manifests/imported/real_dense_ring6_amplitude.yaml,wkl_888bce118ad39b04,plan_7fb8f0b7bd3da18a,run_33c059f994eb52ef,1,success,balanced,2,2,False,True,cuquantum_tensornet_gpu,off,0.038873313,0.285938,0.040386816,0.040386816,0.702031,21.606094,0.723637,,,,False,False
camp_0e9e80e16faae716,repeat_roi_v1,cell_8fbd2d26f1068cce,/home/ubuntu/quantum-workload-architecture/workloads/manifests/imported/real_dense_ring6_amplitude.yaml,wkl_888bce118ad39b04,plan_7fb8f0b7bd3da18a,run_7b596048e6560b51,2,success,balanced,2,2,False,True,cuquantum_tensornet_gpu,off,0.038415723,0.27828,0.039909036,0.039909036,0.702031,21.606094,0.723637,,,,False,False
camp_0e9e80e16faae716,repeat_roi_v1,cell_8fe3fb0523d949ff,/home/ubuntu/quantum-workload-architecture/workloads/manifests/imported/real_grid_shape6_amplitude.yaml,wkl_b825ad9e4287ddce,plan_da488776862a9ffc,run_000f4efefaeab4df,0,success,deep,2,2,False,True,cuquantum_tensornet_gpu,off,0.040103146,0.276678,0.041566273,0.041566273,1.350612,20.435777,1.371048,,,,False,False
camp_0e9e80e16faae716,repeat_roi_v1,cell_8fe3fb0523d949ff,/home/ubuntu/quantum-workload-architecture/workloads/manifests/imported/real_grid_shape6_amplitude.yaml,wkl_b825ad9e4287ddce,plan_da488776862a9ffc,run_740b781ecaaa063a,1,success,deep,2,2,False,True,cuquantum_tensornet_gpu,off,0.040039226,0.2789,0.04153365,0.04153365,1.350612,20.435777,1.371048,,,,False,False
camp_0e9e80e16faae716,repeat_roi_v1,cell_8fe3fb0523d949ff,/home/ubuntu/quantum-workload-architecture/workloads/manifests/imported/real_grid_shape6_amplitude.yaml,wkl_b825ad9e4287ddce,plan_da488776862a9ffc,run_b4fe19ed7b2a569e,2,success,deep,2,2,False,True,cuquantum_tensornet_gpu,off,0.039844829,0.273841,0.041269167,0.041269167,1.350612,20.435777,1.371048,,,,False,False
camp_0e9e80e16faae716,repeat_roi_v1,cell_9047dda37cd3f17d,/home/ubuntu/quantum-workload-architecture/workloads/manifests/imported/real_ghz3_amplitude.yaml,wkl_34730574a768505b,plan_a13f4a0704b2c90f,run_66fed5346ec5a6e5,0,success,balanced,8,2,False,True,cuquantum_tensornet_gpu,off,0.012797797,0.143996,0.013716929,0.013716929,0.554734,14.57239,0.656741,,,,False,False
camp_0e9e80e16faae716,repeat_roi_v1,cell_9047dda37cd3f17d,/home/ubuntu/quantum-workload-architecture/workloads/manifests/imported/real_ghz3_amplitude.yaml,wkl_34730574a768505b,plan_a13f4a0704b2c90f,run_97b08fd243866c11,1,success,balanced,8,2,False,True,cuquantum_tensornet_gpu,off,0.012484478,0.149556,0.013374896,0.013374896,0.554734,14.57239,0.656741,,,,False,False
camp_0e9e80e16faae716,repeat_roi_v1,cell_9047dda37cd3f17d,/home/ubuntu/quantum-workload-architecture/workloads/manifests/imported/real_ghz3_amplitude.yaml,wkl_34730574a768505b,plan_a13f4a0704b2c90f,run_fb0efc12961910d3,2,success,balanced,8,2,False,True,cuquantum_tensornet_gpu,off,0.012754167,0.153209,0.013703849,0.013703849,0.554734,14.57239,0.656741,,,,False,False
camp_0e9e80e16faae716,repeat_roi_v1,cell_9176dc95af2245b0,/home/ubuntu/quantum-workload-architecture/workloads/manifests/imported/real_dense_ring6_batched.yaml,wkl_e0163cd5ac336021,plan_706476e983188d86,run_19d4ca2cd3dce5c2,0,success,balanced,16,2,False,True,cuquantum_tensornet_gpu,off,0.03761934,0.262825,0.039025354,0.039025354,0.581735,18.617521,0.860998,,,,False,False
camp_0e9e80e16faae716,repeat_roi_v1,cell_9176dc95af2245b0,/home/ubuntu/quantum-workload-architecture/workloads/manifests/imported/real_dense_ring6_batched.yaml,wkl_e0163cd5ac336021,plan_706476e983188d86,run_1a8d023b93ff6495,1,success,balanced,16,2,False,True,cuquantum_tensornet_gpu,off,0.037406368,0.252275,0.038757264,0.038757264,0.581735,18.617521,0.860998,,,,False,False
camp_0e9e80e16faae716,repeat_roi_v1,cell_9176dc95af2245b0,/home/ubuntu/quantum-workload-architecture/workloads/manifests/imported/real_dense_ring6_batched.yaml,wkl_e0163cd5ac336021,plan_706476e983188d86,run_340892b398aa9b53,2,success,balanced,16,2,False,True,cuquantum_tensornet_gpu,off,0.037398052,0.258375,0.038791177,0.038791177,0.581735,18.617521,0.860998,,,,False,False
camp_0e9e80e16faae716,repeat_roi_v1,cell_921bb514c4e7dda1,/home/ubuntu/quantum-workload-architecture/workloads/manifests/imported/real_grid_shape6_amplitude.yaml,wkl_d4fa6cd925641ea0,plan_b687a8c3ebe79cf6,run_6fb6f508e68bfc5b,0,success,balanced,16,2,True,False,cuquantum_tensornet_gpu,off,0.045345039,0.294762,0.046779641,0.046779641,0.61037,23.222474,0.958707,,,,False,False
camp_0e9e80e16faae716,repeat_roi_v1,cell_921bb514c4e7dda1,/home/ubuntu/quantum-workload-architecture/workloads/manifests/imported/real_grid_shape6_amplitude.yaml,wkl_d4fa6cd925641ea0,plan_b687a8c3ebe79cf6,run_20cf7926a37a5b18,1,success,balanced,16,2,True,False,cuquantum_tensornet_gpu,off,0.045276042,0.301059,0.046838818,0.046838818,0.61037,23.222474,0.958707,,,,False,False
camp_0e9e80e16faae716,repeat_roi_v1,cell_921bb514c4e7dda1,/home/ubuntu/quantum-workload-architecture/workloads/manifests/imported/real_grid_shape6_amplitude.yaml,wkl_d4fa6cd925641ea0,plan_b687a8c3ebe79cf6,run_e60cdc5077049171,2,success,balanced,16,2,True,False,cuquantum_tensornet_gpu,off,0.046309749,0.283784,0.047763041,0.047763041,0.61037,23.222474,0.958707,,,,False,False
camp_0e9e80e16faae716,repeat_roi_v1,cell_92341eee82c541fb,/home/ubuntu/quantum-workload-architecture/workloads/manifests/imported/real_ghz3_amplitude.yaml,wkl_5361a0b920fc4e05,plan_3cee4aa813fec699,run_c7bb12a1c1060ad1,0,success,deep,1,2,False,True,cuquantum_tensornet_gpu,off,0.012612647,0.14041,0.013524779,0.013524779,1.07912,12.823703,1.07912,,,,False,False
camp_0e9e80e16faae716,repeat_roi_v1,cell_92341eee82c541fb,/home/ubuntu/quantum-workload-architecture/workloads/manifests/imported/real_ghz3_amplitude.yaml,wkl_5361a0b920fc4e05,plan_3cee4aa813fec699,run_649f2585ed84efa7,1,success,deep,1,2,False,True,cuquantum_tensornet_gpu,off,0.01260817,0.153867,0.013601638,0.013601638,1.07912,12.823703,1.07912,,,,False,False
camp_0e9e80e16faae716,repeat_roi_v1,cell_92341eee82c541fb,/home/ubuntu/quantum-workload-architecture/workloads/manifests/imported/real_ghz3_amplitude.yaml,wkl_5361a0b920fc4e05,plan_3cee4aa813fec699,run_a6293cca1932f738,2,success,deep,1,2,False,True,cuquantum_tensornet_gpu,off,0.012477543,0.149472,0.013410738,0.013410738,1.07912,12.823703,1.07912,,,,False,False
camp_0e9e80e16faae716,repeat_roi_v1,cell_9341235a46fc1553,/home/ubuntu/quantum-workload-architecture/workloads/manifests/imported/real_dense_ring6_batched.yaml,wkl_50dd86db6abd0bfa,plan_93e7e65ce01402f6,run_7679b55148598152,0,success,quick,8,2,True,True,cuquantum_tensornet_gpu,off,0.042778521,0.271514,0.044244773,0.044244773,0.581735,18.617521,0.712058,,,,False,False
camp_0e9e80e16faae716,repeat_roi_v1,cell_9341235a46fc1553,/home/ubuntu/quantum-workload-architecture/workloads/manifests/imported/real_dense_ring6_batched.yaml,wkl_50dd86db6abd0bfa,plan_93e7e65ce01402f6,run_4e5df6d30abfa242,1,success,quick,8,2,True,True,cuquantum_tensornet_gpu,off,0.041917944,0.255632,0.043242725,0.043242725,0.581735,18.617521,0.712058,,,,False,False
camp_0e9e80e16faae716,repeat_roi_v1,cell_9341235a46fc1553,/home/ubuntu/quantum-workload-architecture/workloads/manifests/imported/real_dense_ring6_batched.yaml,wkl_50dd86db6abd0bfa,plan_93e7e65ce01402f6,run_4875620740501cca,2,success,quick,8,2,True,True,cuquantum_tensornet_gpu,off,0.041286202,0.253472,0.042642743,0.042642743,0.581735,18.617521,0.712058,,,,False,False
camp_0e9e80e16faae716,repeat_roi_v1,cell_9402892abd188758,/home/ubuntu/quantum-workload-architecture/workloads/manifests/imported/real_qaoa_ring4_batched.yaml,wkl_52d115b5fe51fc4f,plan_cf0a762951cd9a81,run_863cb63861d57604,0,success,deep,2,2,True,True,cuquantum_tensornet_gpu,off,0.043427275,0.250912,0.044793642,0.044793642,1.238985,17.08159,1.256067,,,,False,False
camp_0e9e80e16faae716,repeat_roi_v1,cell_9402892abd188758,/home/ubuntu/quantum-workload-architecture/workloads/manifests/imported/real_qaoa_ring4_batched.yaml,wkl_52d115b5fe51fc4f,plan_cf0a762951cd9a81,run_dad8a6e08d93de80,1,success,deep,2,2,True,True,cuquantum_tensornet_gpu,off,0.043741514,0.259188,0.045101542,0.045101542,1.238985,17.08159,1.256067,,,,False,False
camp_0e9e80e16faae716,repeat_roi_v1,cell_9402892abd188758,/home/ubuntu/quantum-workload-architecture/workloads/manifests/imported/real_qaoa_ring4_batched.yaml,wkl_52d115b5fe51fc4f,plan_cf0a762951cd9a81,run_41a8ffb2d70b45ac,2,success,deep,2,2,True,True,cuquantum_tensornet_gpu,off,0.043352442,0.251189,0.044742205,0.044742205,1.238985,17.08159,1.256067,,,,False,False
camp_0e9e80e16faae716,repeat_roi_v1,cell_948d41b176f2ad08,/home/ubuntu/quantum-workload-architecture/workloads/manifests/imported/real_grid_shape6_amplitude.yaml,wkl_d98e6053c916739a,plan_c1e3cd1b6bde0308,run_f88fe156df7a9dda,0,success,balanced,32,2,True,True,cuquantum_tensornet_gpu,off,0.050397648,0.307793,0.052160163,0.052160163,0.61037,23.222474,1.330267,,,,False,False
camp_0e9e80e16faae716,repeat_roi_v1,cell_948d41b176f2ad08,/home/ubuntu/quantum-workload-architecture/workloads/manifests/imported/real_grid_shape6_amplitude.yaml,wkl_d98e6053c916739a,plan_c1e3cd1b6bde0308,run_546f0a1a831d3fa4,1,success,balanced,32,2,True,True,cuquantum_tensornet_gpu,off,0.047029154,0.279399,0.048475259,0.048475259,0.61037,23.222474,1.330267,,,,False,False
camp_0e9e80e16faae716,repeat_roi_v1,cell_948d41b176f2ad08,/home/ubuntu/quantum-workload-architecture/workloads/manifests/imported/real_grid_shape6_amplitude.yaml,wkl_d98e6053c916739a,plan_c1e3cd1b6bde0308,run_3e51949244526acc,2,success,balanced,32,2,True,True,cuquantum_tensornet_gpu,off,0.046318681,0.281872,0.047759355,0.047759355,0.61037,23.222474,1.330267,,,,False,False
camp_0e9e80e16faae716,repeat_roi_v1,cell_94deb568248c760c,/home/ubuntu/quantum-workload-architecture/workloads/manifests/imported/real_dense_ring6_batched.yaml,wkl_20f4602946fe6acd,plan_6fdb0e817ac60037,run_437027a3b3bb4908,0,success,balanced,4,2,True,True,cuquantum_tensornet_gpu,off,0.04215873,0.255969,0.043562231,0.043562231,0.671107,17.87282,0.724725,,,,False,False
camp_0e9e80e16faae716,repeat_roi_v1,cell_94deb568248c760c,/home/ubuntu/quantum-workload-architecture/workloads/manifests/imported/real_dense_ring6_batched.yaml,wkl_20f4602946fe6acd,plan_6fdb0e817ac60037,run_f6d6f6cebeabc3ae,1,success,balanced,4,2,True,True,cuquantum_tensornet_gpu,off,0.04193393,0.260503,0.043355275,0.043355275,0.671107,17.87282,0.724725,,,,False,False
camp_0e9e80e16faae716,repeat_roi_v1,cell_94deb568248c760c,/home/ubuntu/quantum-workload-architecture/workloads/manifests/imported/real_dense_ring6_batched.yaml,wkl_20f4602946fe6acd,plan_6fdb0e817ac60037,run_4f4874a8525305d2,2,success,balanced,4,2,True,True,cuquantum_tensornet_gpu,off,0.042171148,0.26188,0.04354396,0.04354396,0.671107,17.87282,0.724725,,,,False,False
camp_0e9e80e16faae716,repeat_roi_v1,cell_94f664e306e065b0,/home/ubuntu/quantum-workload-architecture/workloads/manifests/imported/real_dense_ring6_batched.yaml,wkl_977f16a92f06596a,plan_07d9fd11b4c62432,run_eb2cf5a03a7cfc6a,0,success,deep,32,2,False,False,cuquantum_tensornet_gpu,off,0.037887391,0.25197,0.039253631,0.039253631,1.376296,12.090963,1.751116,,,,False,False
camp_0e9e80e16faae716,repeat_roi_v1,cell_94f664e306e065b0,/home/ubuntu/quantum-workload-architecture/workloads/manifests/imported/real_dense_ring6_batched.yaml,wkl_977f16a92f06596a,plan_07d9fd11b4c62432,run_19a348517178ae2d,1,success,deep,32,2,False,False,cuquantum_tensornet_gpu,off,0.03735293,0.252729,0.038725393,0.038725393,1.376296,12.090963,1.751116,,,,False,False
camp_0e9e80e16faae716,repeat_roi_v1,cell_94f664e306e065b0,/home/ubuntu/quantum-workload-architecture/workloads/manifests/imported/real_dense_ring6_batched.yaml,wkl_977f16a92f06596a,plan_07d9fd11b4c62432,run_f31f232a5d3ba74a,2,success,deep,32,2,False,False,cuquantum_tensornet_gpu,off,0.037563286,0.254767,0.038940946,0.038940946,1.376296,12.090963,1.751116,,,,False,False
camp_0e9e80e16faae716,repeat_roi_v1,cell_954d1de375af7f61,/home/ubuntu/quantum-workload-architecture/workloads/manifests/imported/real_grid_shape6_amplitude.yaml,wkl_d98e6053c916739a,plan_4899c66514517d5f,run_1b61563f16fcaef9,0,success,deep,32,2,False,True,cuquantum_tensornet_gpu,off,0.039997162,0.288639,0.041469947,0.041469947,1.53861,15.081604,2.00614,,,,False,False
camp_0e9e80e16faae716,repeat_roi_v1,cell_954d1de375af7f61,/home/ubuntu/quantum-workload-architecture/workloads/manifests/imported/real_grid_shape6_amplitude.yaml,wkl_d98e6053c916739a,plan_4899c66514517d5f,run_2376f9e3e5686fcd,1,success,deep,32,2,False,True,cuquantum_tensornet_gpu,off,0.039939313,0.273258,0.041410608,0.041410608,1.53861,15.081604,2.00614,,,,False,False
camp_0e9e80e16faae716,repeat_roi_v1,cell_954d1de375af7f61,/home/ubuntu/quantum-workload-architecture/workloads/manifests/imported/real_grid_shape6_amplitude.yaml,wkl_d98e6053c916739a,plan_4899c66514517d5f,run_a186253e6b73e516,2,success,deep,32,2,False,True,cuquantum_tensornet_gpu,off,0.039902909,0.273584,0.041318592,0.041318592,1.53861,15.081604,2.00614,,,,False,False
camp_0e9e80e16faae716,repeat_roi_v1,cell_9585923545566889,/home/ubuntu/quantum-workload-architecture/workloads/manifests/imported/real_dense_ring6_amplitude.yaml,wkl_163dac6a7fcd636d,plan_0fec0ca1f38cf6ad,run_eb2682855ce8cd72,0,success,deep,32,2,True,True,cuquantum_tensornet_gpu,off,0.044178556,0.287006,0.045739159,0.045739159,1.507163,14.616523,1.960275,,,,False,False
camp_0e9e80e16faae716,repeat_roi_v1,cell_9585923545566889,/home/ubuntu/quantum-workload-architecture/workloads/manifests/imported/real_dense_ring6_amplitude.yaml,wkl_163dac6a7fcd636d,plan_0fec0ca1f38cf6ad,run_a1d5945b8c0f9d54,1,success,deep,32,2,True,True,cuquantum_tensornet_gpu,off,0.044283798,0.315582,0.045925847,0.045925847,1.507163,14.616523,1.960275,,,,False,False
camp_0e9e80e16faae716,repeat_roi_v1,cell_9585923545566889,/home/ubuntu/quantum-workload-architecture/workloads/manifests/imported/real_dense_ring6_amplitude.yaml,wkl_163dac6a7fcd636d,plan_0fec0ca1f38cf6ad,run_f68844dc8ede0b51,2,success,deep,32,2,True,True,cuquantum_tensornet_gpu,off,0.044444123,0.283302,0.045963057,0.045963057,1.507163,14.616523,1.960275,,,,False,False
camp_0e9e80e16faae716,repeat_roi_v1,cell_95929d7717957e3d,/home/ubuntu/quantum-workload-architecture/workloads/manifests/imported/real_qaoa_ring4_batched.yaml,wkl_864119d61a67efe5,plan_9e2c6e56795787fb,run_cf69f36a195fe996,0,success,deep,16,2,False,False,cuquantum_tensornet_gpu,off,0.039114866,0.252711,0.040522033,0.040522033,1.408852,12.606214,1.597945,,,,False,False
camp_0e9e80e16faae716,repeat_roi_v1,cell_95929d7717957e3d,/home/ubuntu/quantum-workload-architecture/workloads/manifests/imported/real_qaoa_ring4_batched.yaml,wkl_864119d61a67efe5,plan_9e2c6e56795787fb,run_f281ca0e7acbda90,1,success,deep,16,2,False,False,cuquantum_tensornet_gpu,off,0.038914389,0.263111,0.040270835,0.040270835,1.408852,12.606214,1.597945,,,,False,False
camp_0e9e80e16faae716,repeat_roi_v1,cell_95929d7717957e3d,/home/ubuntu/quantum-workload-architecture/workloads/manifests/imported/real_qaoa_ring4_batched.yaml,wkl_864119d61a67efe5,plan_9e2c6e56795787fb,run_51bdf89394704700,2,success,deep,16,2,False,False,cuquantum_tensornet_gpu,off,0.039350233,0.248353,0.04071244,0.04071244,1.408852,12.606214,1.597945,,,,False,False
camp_0e9e80e16faae716,repeat_roi_v1,cell_95ad05e3c2bbf17a,/home/ubuntu/quantum-workload-architecture/workloads/manifests/imported/real_grid_shape6_amplitude.yaml,wkl_d4fa6cd925641ea0,plan_b0aa87e43224f4a9,run_2b29bdae4331ee66,0,success,deep,16,2,True,True,cuquantum_tensornet_gpu,off,0.045407386,0.308029,0.04693499,0.04693499,1.53861,15.081604,1.764834,,,,False,False
camp_0e9e80e16faae716,repeat_roi_v1,cell_95ad05e3c2bbf17a,/home/ubuntu/quantum-workload-architecture/workloads/manifests/imported/real_grid_shape6_amplitude.yaml,wkl_d4fa6cd925641ea0,plan_b0aa87e43224f4a9,run_85c0b4d9ad3e492e,1,success,deep,16,2,True,True,cuquantum_tensornet_gpu,off,0.046681712,0.299434,0.049598986,0.049598986,1.53861,15.081604,1.764834,,,,False,False
camp_0e9e80e16faae716,repeat_roi_v1,cell_95ad05e3c2bbf17a,/home/ubuntu/quantum-workload-architecture/workloads/manifests/imported/real_grid_shape6_amplitude.yaml,wkl_d4fa6cd925641ea0,plan_b0aa87e43224f4a9,run_090c2db0d4b77a05,2,success,deep,16,2,True,True,cuquantum_tensornet_gpu,off,0.047568957,0.292609,0.04909184,0.04909184,1.53861,15.081604,1.764834,,,,False,False
camp_0e9e80e16faae716,repeat_roi_v1,cell_98c96d79e069a2f4,/home/ubuntu/quantum-workload-architecture/workloads/manifests/imported/real_dense_ring6_batched.yaml,wkl_977f16a92f06596a,plan_55175345a16616a4,run_8620c62a6e269996,0,success,quick,32,2,True,True,cuquantum_tensornet_gpu,off,0.04210049,0.261595,0.043461706,0.043461706,0.581735,18.617521,1.158878,,,,False,False
camp_0e9e80e16faae716,repeat_roi_v1,cell_98c96d79e069a2f4,/home/ubuntu/quantum-workload-architecture/workloads/manifests/imported/real_dense_ring6_batched.yaml,wkl_977f16a92f06596a,plan_55175345a16616a4,run_2b594e158d631d96,1,success,quick,32,2,True,True,cuquantum_tensornet_gpu,off,0.042162136,0.280286,0.043626961,0.043626961,0.581735,18.617521,1.158878,,,,False,False
camp_0e9e80e16faae716,repeat_roi_v1,cell_98c96d79e069a2f4,/home/ubuntu/quantum-workload-architecture/workloads/manifests/imported/real_dense_ring6_batched.yaml,wkl_977f16a92f06596a,plan_55175345a16616a4,run_e95ed7ab0bca16bf,2,success,quick,32,2,True,True,cuquantum_tensornet_gpu,off,0.042077763,0.264922,0.043468625,0.043468625,0.581735,18.617521,1.158878,,,,False,False
camp_0e9e80e16faae716,repeat_roi_v1,cell_98fd182e1c5e16db,/home/ubuntu/quantum-workload-architecture/workloads/manifests/imported/real_dense_ring6_batched.yaml,wkl_e0163cd5ac336021,plan_513c3211109d6778,run_c2436b9949d57631,0,success,deep,16,2,False,True,cuquantum_tensornet_gpu,off,0.037629804,0.24834,0.03896382,0.03896382,1.376296,12.090963,1.55766,,,,False,False
camp_0e9e80e16faae716,repeat_roi_v1,cell_98fd182e1c5e16db,/home/ubuntu/quantum-workload-architecture/workloads/manifests/imported/real_dense_ring6_batched.yaml,wkl_e0163cd5ac336021,plan_513c3211109d6778,run_7934e47e2612515b,1,success,deep,16,2,False,True,cuquantum_tensornet_gpu,off,0.037849772,0.253719,0.039225772,0.039225772,1.376296,12.090963,1.55766,,,,False,False
camp_0e9e80e16faae716,repeat_roi_v1,cell_98fd182e1c5e16db,/home/ubuntu/quantum-workload-architecture/workloads/manifests/imported/real_dense_ring6_batched.yaml,wkl_e0163cd5ac336021,plan_513c3211109d6778,run_130bd62ab350713c,2,success,deep,16,2,False,True,cuquantum_tensornet_gpu,off,0.038652526,0.268773,0.040123462,0.040123462,1.376296,12.090963,1.55766,,,,False,False
camp_0e9e80e16faae716,repeat_roi_v1,cell_99e768c915d65f85,/home/ubuntu/quantum-workload-architecture/workloads/manifests/imported/real_dense_ring6_amplitude.yaml,wkl_163dac6a7fcd636d,plan_aa26652cbd12bba6,run_39ac640697bf3227,0,success,quick,32,2,False,False,cuquantum_tensornet_gpu,off,0.038697295,0.275083,0.040177465,0.040177465,0.599219,22.506348,1.296916,,,,False,False
camp_0e9e80e16faae716,repeat_roi_v1,cell_99e768c915d65f85,/home/ubuntu/quantum-workload-architecture/workloads/manifests/imported/real_dense_ring6_amplitude.yaml,wkl_163dac6a7fcd636d,plan_aa26652cbd12bba6,run_49f54e2c75f0e2e4,1,success,quick,32,2,False,False,cuquantum_tensornet_gpu,off,0.038115139,0.279039,0.039585778,0.039585778,0.599219,22.506348,1.296916,,,,False,False
camp_0e9e80e16faae716,repeat_roi_v1,cell_99e768c915d65f85,/home/ubuntu/quantum-workload-architecture/workloads/manifests/imported/real_dense_ring6_amplitude.yaml,wkl_163dac6a7fcd636d,plan_aa26652cbd12bba6,run_63c06a3787a6243f,2,success,quick,32,2,False,False,cuquantum_tensornet_gpu,off,0.038146093,0.270401,0.039614137,0.039614137,0.599219,22.506348,1.296916,,,,False,False
camp_0e9e80e16faae716,repeat_roi_v1,cell_9af4666038adfc23,/home/ubuntu/quantum-workload-architecture/workloads/manifests/imported/real_grid_shape6_amplitude.yaml,wkl_b825ad9e4287ddce,plan_77d32a64bc07dd21,run_03d8cf05b26469f7,0,success,deep,2,2,True,True,cuquantum_tensornet_gpu,off,0.046249082,0.274448,0.04764916,0.04764916,1.350612,20.435777,1.371048,,,,False,False
camp_0e9e80e16faae716,repeat_roi_v1,cell_9af4666038adfc23,/home/ubuntu/quantum-workload-architecture/workloads/manifests/imported/real_grid_shape6_amplitude.yaml,wkl_b825ad9e4287ddce,plan_77d32a64bc07dd21,run_50c8f9cf71419756,1,success,deep,2,2,True,True,cuquantum_tensornet_gpu,off,0.046972488,0.283307,0.048492295,0.048492295,1.350612,20.435777,1.371048,,,,False,False
camp_0e9e80e16faae716,repeat_roi_v1,cell_9af4666038adfc23,/home/ubuntu/quantum-workload-architecture/workloads/manifests/imported/real_grid_shape6_amplitude.yaml,wkl_b825ad9e4287ddce,plan_77d32a64bc07dd21,run_5589c4b9c435a59e,2,success,deep,2,2,True,True,cuquantum_tensornet_gpu,off,0.053103522,0.286972,0.054571814,0.054571814,1.350612,20.435777,1.371048,,,,False,False
camp_0e9e80e16faae716,repeat_roi_v1,cell_9b32c963118dd2dc,/home/ubuntu/quantum-workload-architecture/workloads/manifests/imported/real_qaoa_ring4_batched.yaml,wkl_52d115b5fe51fc4f,plan_b252e7d3abfb8d55,run_07c91b3e016e9848,0,success,deep,2,2,False,True,cuquantum_tensornet_gpu,off,0.038929204,0.252723,0.040316131,0.040316131,1.238985,17.08159,1.256067,,,,False,False
camp_0e9e80e16faae716,repeat_roi_v1,cell_9b32c963118dd2dc,/home/ubuntu/quantum-workload-architecture/workloads/manifests/imported/real_qaoa_ring4_batched.yaml,wkl_52d115b5fe51fc4f,plan_b252e7d3abfb8d55,run_ce580ff8a0c66d92,1,success,deep,2,2,False,True,cuquantum_tensornet_gpu,off,0.039205756,0.246646,0.040554579,0.040554579,1.238985,17.08159,1.256067,,,,False,False
camp_0e9e80e16faae716,repeat_roi_v1,cell_9b32c963118dd2dc,/home/ubuntu/quantum-workload-architecture/workloads/manifests/imported/real_qaoa_ring4_batched.yaml,wkl_52d115b5fe51fc4f,plan_b252e7d3abfb8d55,run_052a333354556eef,2,success,deep,2,2,False,True,cuquantum_tensornet_gpu,off,0.039136751,0.256899,0.040527116,0.040527116,1.238985,17.08159,1.256067,,,,False,False
camp_0e9e80e16faae716,repeat_roi_v1,cell_9b8792f1446d2e3f,/home/ubuntu/quantum-workload-architecture/workloads/manifests/imported/real_grid_shape6_amplitude.yaml,wkl_158088f87b588e6a,plan_b237320675068049,run_51504016cb76f6cc,0,success,balanced,4,2,True,False,cuquantum_tensornet_gpu,off,0.04557478,0.281789,0.047046247,0.047046247,0.715588,22.293575,0.782469,,,,False,False
camp_0e9e80e16faae716,repeat_roi_v1,cell_9b8792f1446d2e3f,/home/ubuntu/quantum-workload-architecture/workloads/manifests/imported/real_grid_shape6_amplitude.yaml,wkl_158088f87b588e6a,plan_b237320675068049,run_4dd764b4ae8c2db6,1,success,balanced,4,2,True,False,cuquantum_tensornet_gpu,off,0.044988687,0.281581,0.04643992,0.04643992,0.715588,22.293575,0.782469,,,,False,False
camp_0e9e80e16faae716,repeat_roi_v1,cell_9b8792f1446d2e3f,/home/ubuntu/quantum-workload-architecture/workloads/manifests/imported/real_grid_shape6_amplitude.yaml,wkl_158088f87b588e6a,plan_b237320675068049,run_32b43e4921fe0564,2,success,balanced,4,2,True,False,cuquantum_tensornet_gpu,off,0.045795446,0.283367,0.047343131,0.047343131,0.715588,22.293575,0.782469,,,,False,False
camp_0e9e80e16faae716,repeat_roi_v1,cell_9bc8b3681ecb6b19,/home/ubuntu/quantum-workload-architecture/workloads/manifests/imported/real_ghz3_amplitude.yaml,wkl_5361a0b920fc4e05,plan_64c42fad1c9dafa0,run_db051089c6b5f9a4,0,success,quick,1,2,True,False,cuquantum_tensornet_gpu,off,0.014454687,0.137194,0.015363631,0.015363631,0.629314,13.989494,0.629314,,,,False,False
camp_0e9e80e16faae716,repeat_roi_v1,cell_9bc8b3681ecb6b19,/home/ubuntu/quantum-workload-architecture/workloads/manifests/imported/real_ghz3_amplitude.yaml,wkl_5361a0b920fc4e05,plan_64c42fad1c9dafa0,run_75fb97523098bd2c,1,success,quick,1,2,True,False,cuquantum_tensornet_gpu,off,0.014325961,0.150089,0.015224228,0.015224228,0.629314,13.989494,0.629314,,,,False,False
camp_0e9e80e16faae716,repeat_roi_v1,cell_9bc8b3681ecb6b19,/home/ubuntu/quantum-workload-architecture/workloads/manifests/imported/real_ghz3_amplitude.yaml,wkl_5361a0b920fc4e05,plan_64c42fad1c9dafa0,run_968498367672e8e8,2,success,quick,1,2,True,False,cuquantum_tensornet_gpu,off,0.014159145,0.142481,0.015059941,0.015059941,0.629314,13.989494,0.629314,,,,False,False
camp_0e9e80e16faae716,repeat_roi_v1,cell_a17132d36acb33e1,/home/ubuntu/quantum-workload-architecture/workloads/manifests/imported/real_grid_shape6_amplitude.yaml,wkl_75d3c6900c0116f4,plan_d0b9c48dfdf56634,run_9b60e398426a8a5c,0,success,balanced,1,2,False,True,cuquantum_tensornet_gpu,off,0.040379013,0.300596,0.041898237,0.041898237,0.715588,22.293575,0.715588,,,,False,False
camp_0e9e80e16faae716,repeat_roi_v1,cell_a17132d36acb33e1,/home/ubuntu/quantum-workload-architecture/workloads/manifests/imported/real_grid_shape6_amplitude.yaml,wkl_75d3c6900c0116f4,plan_d0b9c48dfdf56634,run_0ad3c63dea5dfc74,1,success,balanced,1,2,False,True,cuquantum_tensornet_gpu,off,0.039690732,0.282497,0.041182694,0.041182694,0.715588,22.293575,0.715588,,,,False,False
camp_0e9e80e16faae716,repeat_roi_v1,cell_a17132d36acb33e1,/home/ubuntu/quantum-workload-architecture/workloads/manifests/imported/real_grid_shape6_amplitude.yaml,wkl_75d3c6900c0116f4,plan_d0b9c48dfdf56634,run_654b5f7561c1a2b3,2,success,balanced,1,2,False,True,cuquantum_tensornet_gpu,off,0.040112528,0.283257,0.041611581,0.041611581,0.715588,22.293575,0.715588,,,,False,False
camp_0e9e80e16faae716,repeat_roi_v1,cell_a1e22916d3534fa0,/home/ubuntu/quantum-workload-architecture/workloads/manifests/imported/real_qaoa_ring4_batched.yaml,wkl_e27a5a050294e2ef,plan_609a5c7b1315de1e,run_50529d53c68798b8,0,success,balanced,8,2,True,True,cuquantum_tensornet_gpu,off,0.044273987,0.251688,0.045630325,0.045630325,0.590691,19.410898,0.726567,,,,False,False
camp_0e9e80e16faae716,repeat_roi_v1,cell_a1e22916d3534fa0,/home/ubuntu/quantum-workload-architecture/workloads/manifests/imported/real_qaoa_ring4_batched.yaml,wkl_e27a5a050294e2ef,plan_609a5c7b1315de1e,run_f0a7b730be6e4869,1,success,balanced,8,2,True,True,cuquantum_tensornet_gpu,off,0.043733016,0.26093,0.045195275,0.045195275,0.590691,19.410898,0.726567,,,,False,False
camp_0e9e80e16faae716,repeat_roi_v1,cell_a1e22916d3534fa0,/home/ubuntu/quantum-workload-architecture/workloads/manifests/imported/real_qaoa_ring4_batched.yaml,wkl_e27a5a050294e2ef,plan_609a5c7b1315de1e,run_f24e40a95a706a00,2,success,balanced,8,2,True,True,cuquantum_tensornet_gpu,off,0.043559219,0.253427,0.044913882,0.044913882,0.590691,19.410898,0.726567,,,,False,False
camp_0e9e80e16faae716,repeat_roi_v1,cell_a2dec9a1572403db,/home/ubuntu/quantum-workload-architecture/workloads/manifests/imported/real_qaoa_ring4_batched.yaml,wkl_52d115b5fe51fc4f,plan_2e9c2b6ad05ad2dd,run_36d21c8591b74c35,0,success,deep,2,2,False,False,cuquantum_tensornet_gpu,off,0.040175071,0.249273,0.041527457,0.041527457,1.238985,17.08159,1.256067,,,,False,False
camp_0e9e80e16faae716,repeat_roi_v1,cell_a2dec9a1572403db,/home/ubuntu/quantum-workload-architecture/workloads/manifests/imported/real_qaoa_ring4_batched.yaml,wkl_52d115b5fe51fc4f,plan_2e9c2b6ad05ad2dd,run_740877e72faae205,1,success,deep,2,2,False,False,cuquantum_tensornet_gpu,off,0.03920861,0.2698,0.040619451,0.040619451,1.238985,17.08159,1.256067,,,,False,False
camp_0e9e80e16faae716,repeat_roi_v1,cell_a2dec9a1572403db,/home/ubuntu/quantum-workload-architecture/workloads/manifests/imported/real_qaoa_ring4_batched.yaml,wkl_52d115b5fe51fc4f,plan_2e9c2b6ad05ad2dd,run_7e0fc9eb804847ad,2,success,deep,2,2,False,False,cuquantum_tensornet_gpu,off,0.039156246,0.273184,0.040619728,0.040619728,1.238985,17.08159,1.256067,,,,False,False
camp_0e9e80e16faae716,repeat_roi_v1,cell_a3759db25a7346c9,/home/ubuntu/quantum-workload-architecture/workloads/manifests/imported/real_grid_shape6_amplitude.yaml,wkl_d98e6053c916739a,plan_841c5d858d1c315f,run_654c9e1698cf99c4,0,success,quick,32,2,True,False,cuquantum_tensornet_gpu,off,0.046863981,0.280242,0.048377887,0.048377887,0.61037,23.222474,1.330267,,,,False,False
camp_0e9e80e16faae716,repeat_roi_v1,cell_a3759db25a7346c9,/home/ubuntu/quantum-workload-architecture/workloads/manifests/imported/real_grid_shape6_amplitude.yaml,wkl_d98e6053c916739a,plan_841c5d858d1c315f,run_677e9e5513ddcd65,1,success,quick,32,2,True,False,cuquantum_tensornet_gpu,off,0.045562691,0.277981,0.047040049,0.047040049,0.61037,23.222474,1.330267,,,,False,False
camp_0e9e80e16faae716,repeat_roi_v1,cell_a3759db25a7346c9,/home/ubuntu/quantum-workload-architecture/workloads/manifests/imported/real_grid_shape6_amplitude.yaml,wkl_d98e6053c916739a,plan_841c5d858d1c315f,run_685277e1cdd75082,2,success,quick,32,2,True,False,cuquantum_tensornet_gpu,off,0.045469543,0.282141,0.046955582,0.046955582,0.61037,23.222474,1.330267,,,,False,False
camp_0e9e80e16faae716,repeat_roi_v1,cell_a3927c23c5b6ee72,/home/ubuntu/quantum-workload-architecture/workloads/manifests/imported/real_ghz3_amplitude.yaml,wkl_e5f6794fb08543dd,plan_5758db2001a0e78d,run_f2302ed54dcbb6c3,0,success,deep,4,2,False,True,cuquantum_tensornet_gpu,off,0.012856149,0.152784,0.013879008,0.013879008,1.07912,12.823703,1.117591,,,,False,False
camp_0e9e80e16faae716,repeat_roi_v1,cell_a3927c23c5b6ee72,/home/ubuntu/quantum-workload-architecture/workloads/manifests/imported/real_ghz3_amplitude.yaml,wkl_e5f6794fb08543dd,plan_5758db2001a0e78d,run_0eedaff656d0a057,1,success,deep,4,2,False,True,cuquantum_tensornet_gpu,off,0.01280398,0.147217,0.01375513,0.01375513,1.07912,12.823703,1.117591,,,,False,False
camp_0e9e80e16faae716,repeat_roi_v1,cell_a3927c23c5b6ee72,/home/ubuntu/quantum-workload-architecture/workloads/manifests/imported/real_ghz3_amplitude.yaml,wkl_e5f6794fb08543dd,plan_5758db2001a0e78d,run_4cccd47c41140f3c,2,success,deep,4,2,False,True,cuquantum_tensornet_gpu,off,0.012742775,0.142216,0.013712221,0.013712221,1.07912,12.823703,1.117591,,,,False,False
camp_0e9e80e16faae716,repeat_roi_v1,cell_a3991e0d8a04954b,/home/ubuntu/quantum-workload-architecture/workloads/manifests/imported/real_ghz3_amplitude.yaml,wkl_e5f6794fb08543dd,plan_53c5d7c21565f971,run_16114803234a9226,0,success,quick,4,2,False,False,cuquantum_tensornet_gpu,off,0.014785112,0.160083,0.015852342,0.015852342,0.629314,13.989494,0.671282,,,,False,False
camp_0e9e80e16faae716,repeat_roi_v1,cell_a3991e0d8a04954b,/home/ubuntu/quantum-workload-architecture/workloads/manifests/imported/real_ghz3_amplitude.yaml,wkl_e5f6794fb08543dd,plan_53c5d7c21565f971,run_84b16e4e826a0c6f,1,success,quick,4,2,False,False,cuquantum_tensornet_gpu,off,0.0148971,0.172147,0.015974382,0.015974382,0.629314,13.989494,0.671282,,,,False,False
camp_0e9e80e16faae716,repeat_roi_v1,cell_a3991e0d8a04954b,/home/ubuntu/quantum-workload-architecture/workloads/manifests/imported/real_ghz3_amplitude.yaml,wkl_e5f6794fb08543dd,plan_53c5d7c21565f971,run_833dc1b564437512,2,success,quick,4,2,False,False,cuquantum_tensornet_gpu,off,0.014693562,0.165747,0.015749964,0.015749964,0.629314,13.989494,0.671282,,,,False,False
camp_0e9e80e16faae716,repeat_roi_v1,cell_a470125c98a19642,/home/ubuntu/quantum-workload-architecture/workloads/manifests/imported/real_ghz3_amplitude.yaml,wkl_5361a0b920fc4e05,plan_fdd3a693c6346756,run_7686ad1413d983af,0,success,quick,1,2,False,True,cuquantum_tensornet_gpu,off,0.014678044,0.16156,0.015740917,0.015740917,0.629314,13.989494,0.629314,,,,False,False
camp_0e9e80e16faae716,repeat_roi_v1,cell_a470125c98a19642,/home/ubuntu/quantum-workload-architecture/workloads/manifests/imported/real_ghz3_amplitude.yaml,wkl_5361a0b920fc4e05,plan_fdd3a693c6346756,run_93f66bcdecaa5cb0,1,success,quick,1,2,False,True,cuquantum_tensornet_gpu,off,0.014580091,0.154231,0.015588917,0.015588917,0.629314,13.989494,0.629314,,,,False,False
camp_0e9e80e16faae716,repeat_roi_v1,cell_a470125c98a19642,/home/ubuntu/quantum-workload-architecture/workloads/manifests/imported/real_ghz3_amplitude.yaml,wkl_5361a0b920fc4e05,plan_fdd3a693c6346756,run_1e249596e9af2b03,2,success,quick,1,2,False,True,cuquantum_tensornet_gpu,off,0.014765003,0.175584,0.015841429,0.015841429,0.629314,13.989494,0.629314,,,,False,False
camp_0e9e80e16faae716,repeat_roi_v1,cell_a47bd68bb59ce7e2,/home/ubuntu/quantum-workload-architecture/workloads/manifests/imported/real_dense_ring6_batched.yaml,wkl_e0163cd5ac336021,plan_3e30d5cf81725a14,run_8aaaa1733be50cf9,0,success,deep,16,2,False,False,cuquantum_tensornet_gpu,off,0.037858057,0.254768,0.039325303,0.039325303,1.376296,12.090963,1.55766,,,,False,False
camp_0e9e80e16faae716,repeat_roi_v1,cell_a47bd68bb59ce7e2,/home/ubuntu/quantum-workload-architecture/workloads/manifests/imported/real_dense_ring6_batched.yaml,wkl_e0163cd5ac336021,plan_3e30d5cf81725a14,run_bdd8670e6977eec3,1,success,deep,16,2,False,False,cuquantum_tensornet_gpu,off,0.037785131,0.270158,0.039251201,0.039251201,1.376296,12.090963,1.55766,,,,False,False
camp_0e9e80e16faae716,repeat_roi_v1,cell_a47bd68bb59ce7e2,/home/ubuntu/quantum-workload-architecture/workloads/manifests/imported/real_dense_ring6_batched.yaml,wkl_e0163cd5ac336021,plan_3e30d5cf81725a14,run_315bdce94a7b5565,2,success,deep,16,2,False,False,cuquantum_tensornet_gpu,off,0.037285853,0.256771,0.038649338,0.038649338,1.376296,12.090963,1.55766,,,,False,False
camp_0e9e80e16faae716,repeat_roi_v1,cell_a6ae8e7f4ce81ac3,/home/ubuntu/quantum-workload-architecture/workloads/manifests/imported/real_ghz3_amplitude.yaml,wkl_bb51d1ce54ae0af7,plan_1bd24cb7931e2c12,run_cb71d326ce4b60fc,0,success,quick,2,2,False,False,cuquantum_tensornet_gpu,off,0.014648851,0.165803,0.015679505,0.015679505,0.629314,13.989494,0.643303,,,,False,False
camp_0e9e80e16faae716,repeat_roi_v1,cell_a6ae8e7f4ce81ac3,/home/ubuntu/quantum-workload-architecture/workloads/manifests/imported/real_ghz3_amplitude.yaml,wkl_bb51d1ce54ae0af7,plan_1bd24cb7931e2c12,run_c0a9e6892c088187,1,success,quick,2,2,False,False,cuquantum_tensornet_gpu,off,0.014826607,0.160126,0.01589044,0.01589044,0.629314,13.989494,0.643303,,,,False,False
camp_0e9e80e16faae716,repeat_roi_v1,cell_a6ae8e7f4ce81ac3,/home/ubuntu/quantum-workload-architecture/workloads/manifests/imported/real_ghz3_amplitude.yaml,wkl_bb51d1ce54ae0af7,plan_1bd24cb7931e2c12,run_ff6b8e2380589039,2,success,quick,2,2,False,False,cuquantum_tensornet_gpu,off,0.014781041,0.155685,0.015792825,0.015792825,0.629314,13.989494,0.643303,,,,False,False
camp_0e9e80e16faae716,repeat_roi_v1,cell_a7272dc93fd407e7,/home/ubuntu/quantum-workload-architecture/workloads/manifests/imported/real_grid_shape6_amplitude.yaml,wkl_fc0e5b8c90c09068,plan_ad54349e318b9257,run_737e567a9f4a8f13,0,success,deep,8,2,False,False,cuquantum_tensornet_gpu,off,0.040220662,0.279004,0.041689373,0.041689373,1.53861,15.081604,1.644181,,,,False,False
camp_0e9e80e16faae716,repeat_roi_v1,cell_a7272dc93fd407e7,/home/ubuntu/quantum-workload-architecture/workloads/manifests/imported/real_grid_shape6_amplitude.yaml,wkl_fc0e5b8c90c09068,plan_ad54349e318b9257,run_ee9d37c36a5182ea,1,success,deep,8,2,False,False,cuquantum_tensornet_gpu,off,0.039783989,0.273668,0.041223783,0.041223783,1.53861,15.081604,1.644181,,,,False,False
camp_0e9e80e16faae716,repeat_roi_v1,cell_a7272dc93fd407e7,/home/ubuntu/quantum-workload-architecture/workloads/manifests/imported/real_grid_shape6_amplitude.yaml,wkl_fc0e5b8c90c09068,plan_ad54349e318b9257,run_61bb13e99ed93c7e,2,success,deep,8,2,False,False,cuquantum_tensornet_gpu,off,0.040998285,0.295106,0.042496216,0.042496216,1.53861,15.081604,1.644181,,,,False,False
camp_0e9e80e16faae716,repeat_roi_v1,cell_a7b2fb587cf6ab6c,/home/ubuntu/quantum-workload-architecture/workloads/manifests/imported/real_dense_ring6_batched.yaml,wkl_20f4602946fe6acd,plan_6400ee3acf52ec8c,run_1376cd9542fd0e79,0,success,balanced,4,2,True,False,cuquantum_tensornet_gpu,off,0.042451289,0.26357,0.043810477,0.043810477,0.671107,17.87282,0.724725,,,,False,False
camp_0e9e80e16faae716,repeat_roi_v1,cell_a7b2fb587cf6ab6c,/home/ubuntu/quantum-workload-architecture/workloads/manifests/imported/real_dense_ring6_batched.yaml,wkl_20f4602946fe6acd,plan_6400ee3acf52ec8c,run_4f831422122765e7,1,success,balanced,4,2,True,False,cuquantum_tensornet_gpu,off,0.042228274,0.261475,0.043603824,0.043603824,0.671107,17.87282,0.724725,,,,False,False
camp_0e9e80e16faae716,repeat_roi_v1,cell_a7b2fb587cf6ab6c,/home/ubuntu/quantum-workload-architecture/workloads/manifests/imported/real_dense_ring6_batched.yaml,wkl_20f4602946fe6acd,plan_6400ee3acf52ec8c,run_e67d7c151fe81a9d,2,success,balanced,4,2,True,False,cuquantum_tensornet_gpu,off,0.041841725,0.259494,0.043230931,0.043230931,0.671107,17.87282,0.724725,,,,False,False
camp_0e9e80e16faae716,repeat_roi_v1,cell_a8096980deca8e21,/home/ubuntu/quantum-workload-architecture/workloads/manifests/imported/real_dense_ring6_amplitude.yaml,wkl_95071f3280d5f7eb,plan_19e43c2c4fdeb95c,run_99ad80ff056d4dd6,0,success,deep,1,2,False,False,cuquantum_tensornet_gpu,off,0.038152211,0.275315,0.03959057,0.03959057,1.322506,19.805586,1.322506,,,,False,False
camp_0e9e80e16faae716,repeat_roi_v1,cell_a8096980deca8e21,/home/ubuntu/quantum-workload-architecture/workloads/manifests/imported/real_dense_ring6_amplitude.yaml,wkl_95071f3280d5f7eb,plan_19e43c2c4fdeb95c,run_23b8447402b0f5d1,1,success,deep,1,2,False,False,cuquantum_tensornet_gpu,off,0.03930605,0.299673,0.040878409,0.040878409,1.322506,19.805586,1.322506,,,,False,False
camp_0e9e80e16faae716,repeat_roi_v1,cell_a8096980deca8e21,/home/ubuntu/quantum-workload-architecture/workloads/manifests/imported/real_dense_ring6_amplitude.yaml,wkl_95071f3280d5f7eb,plan_19e43c2c4fdeb95c,run_c992cb2ba149bb11,2,success,deep,1,2,False,False,cuquantum_tensornet_gpu,off,0.038857124,0.284334,0.040367817,0.040367817,1.322506,19.805586,1.322506,,,,False,False
camp_0e9e80e16faae716,repeat_roi_v1,cell_a80bb849a45da073,/home/ubuntu/quantum-workload-architecture/workloads/manifests/imported/real_qaoa_ring4_batched.yaml,wkl_e27a5a050294e2ef,plan_ad3f083df9e65282,run_6d066f05edf593a2,0,success,balanced,8,2,True,False,cuquantum_tensornet_gpu,off,0.044030389,0.253298,0.045412061,0.045412061,0.590691,19.410898,0.726567,,,,False,False
camp_0e9e80e16faae716,repeat_roi_v1,cell_a80bb849a45da073,/home/ubuntu/quantum-workload-architecture/workloads/manifests/imported/real_qaoa_ring4_batched.yaml,wkl_e27a5a050294e2ef,plan_ad3f083df9e65282,run_0b5ec29d2d1114df,1,success,balanced,8,2,True,False,cuquantum_tensornet_gpu,off,0.044200993,0.287708,0.045656336,0.045656336,0.590691,19.410898,0.726567,,,,False,False
camp_0e9e80e16faae716,repeat_roi_v1,cell_a80bb849a45da073,/home/ubuntu/quantum-workload-architecture/workloads/manifests/imported/real_qaoa_ring4_batched.yaml,wkl_e27a5a050294e2ef,plan_ad3f083df9e65282,run_bb89b27fb8c25079,2,success,balanced,8,2,True,False,cuquantum_tensornet_gpu,off,0.043865729,0.253709,0.045254302,0.045254302,0.590691,19.410898,0.726567,,,,False,False
camp_0e9e80e16faae716,repeat_roi_v1,cell_a97e9c4290768b73,/home/ubuntu/quantum-workload-architecture/workloads/manifests/imported/real_dense_ring6_batched.yaml,wkl_e0163cd5ac336021,plan_8551af1687890ef5,run_3aace1c76419f148,0,success,deep,16,2,True,True,cuquantum_tensornet_gpu,off,0.042247732,0.263719,0.04366685,0.04366685,1.376296,12.090963,1.55766,,,,False,False
camp_0e9e80e16faae716,repeat_roi_v1,cell_a97e9c4290768b73,/home/ubuntu/quantum-workload-architecture/workloads/manifests/imported/real_dense_ring6_batched.yaml,wkl_e0163cd5ac336021,plan_8551af1687890ef5,run_e7610c50584a062d,1,success,deep,16,2,True,True,cuquantum_tensornet_gpu,off,0.041956389,0.274272,0.043349068,0.043349068,1.376296,12.090963,1.55766,,,,False,False
camp_0e9e80e16faae716,repeat_roi_v1,cell_a97e9c4290768b73,/home/ubuntu/quantum-workload-architecture/workloads/manifests/imported/real_dense_ring6_batched.yaml,wkl_e0163cd5ac336021,plan_8551af1687890ef5,run_608e9b491cbb5194,2,success,deep,16,2,True,True,cuquantum_tensornet_gpu,off,0.041914929,0.258458,0.04326656,0.04326656,1.376296,12.090963,1.55766,,,,False,False
camp_0e9e80e16faae716,repeat_roi_v1,cell_a9b462c07d5bee5f,/home/ubuntu/quantum-workload-architecture/workloads/manifests/imported/real_ghz3_amplitude.yaml,wkl_5361a0b920fc4e05,plan_f275acfda7c98d32,run_9b83daff449c0dd1,0,success,quick,1,2,False,False,cuquantum_tensornet_gpu,off,0.043888296,0.300114,0.045770456,0.045770456,0.629314,13.989494,0.629314,,,,False,False
camp_0e9e80e16faae716,repeat_roi_v1,cell_a9b462c07d5bee5f,/home/ubuntu/quantum-workload-architecture/workloads/manifests/imported/real_ghz3_amplitude.yaml,wkl_5361a0b920fc4e05,plan_f275acfda7c98d32,run_1f403f50db586003,1,success,quick,1,2,False,False,cuquantum_tensornet_gpu,off,0.01911231,0.239418,0.020511153,0.020511153,0.629314,13.989494,0.629314,,,,False,False
camp_0e9e80e16faae716,repeat_roi_v1,cell_a9b462c07d5bee5f,/home/ubuntu/quantum-workload-architecture/workloads/manifests/imported/real_ghz3_amplitude.yaml,wkl_5361a0b920fc4e05,plan_f275acfda7c98d32,run_a29d3693823a8311,2,success,quick,1,2,False,False,cuquantum_tensornet_gpu,off,0.015145844,0.161969,0.016148383,0.016148383,0.629314,13.989494,0.629314,,,,False,False
camp_0e9e80e16faae716,repeat_roi_v1,cell_aba056fc35e8913d,/home/ubuntu/quantum-workload-architecture/workloads/manifests/imported/real_qaoa_ring4_batched.yaml,wkl_b169adc6c553a708,plan_078bf3503807c76c,run_5a43e112020a9be0,0,success,quick,1,2,False,False,cuquantum_tensornet_gpu,off,0.038780708,0.277155,0.040231593,0.040231593,0.68286,18.634462,0.68286,,,,False,False
camp_0e9e80e16faae716,repeat_roi_v1,cell_aba056fc35e8913d,/home/ubuntu/quantum-workload-architecture/workloads/manifests/imported/real_qaoa_ring4_batched.yaml,wkl_b169adc6c553a708,plan_078bf3503807c76c,run_90cd681ddb3df85b,1,success,quick,1,2,False,False,cuquantum_tensornet_gpu,off,0.038652402,0.25247,0.040015809,0.040015809,0.68286,18.634462,0.68286,,,,False,False
camp_0e9e80e16faae716,repeat_roi_v1,cell_aba056fc35e8913d,/home/ubuntu/quantum-workload-architecture/workloads/manifests/imported/real_qaoa_ring4_batched.yaml,wkl_b169adc6c553a708,plan_078bf3503807c76c,run_eae43747ee172b8c,2,success,quick,1,2,False,False,cuquantum_tensornet_gpu,off,0.038975331,0.251882,0.040334672,0.040334672,0.68286,18.634462,0.68286,,,,False,False
camp_0e9e80e16faae716,repeat_roi_v1,cell_abbb9f8235a25300,/home/ubuntu/quantum-workload-architecture/workloads/manifests/imported/real_dense_ring6_batched.yaml,wkl_20f4602946fe6acd,plan_0f6beecdf9bb07f3,run_1a665d8da605f98b,0,success,balanced,4,2,False,False,cuquantum_tensornet_gpu,off,0.036273648,0.244271,0.037505165,0.037505165,0.671107,17.87282,0.724725,,,,False,False
camp_0e9e80e16faae716,repeat_roi_v1,cell_abbb9f8235a25300,/home/ubuntu/quantum-workload-architecture/workloads/manifests/imported/real_dense_ring6_batched.yaml,wkl_20f4602946fe6acd,plan_0f6beecdf9bb07f3,run_2c0a196bd9316869,1,success,balanced,4,2,False,False,cuquantum_tensornet_gpu,off,0.035766519,0.250085,0.037016213,0.037016213,0.671107,17.87282,0.724725,,,,False,False
camp_0e9e80e16faae716,repeat_roi_v1,cell_abbb9f8235a25300,/home/ubuntu/quantum-workload-architecture/workloads/manifests/imported/real_dense_ring6_batched.yaml,wkl_20f4602946fe6acd,plan_0f6beecdf9bb07f3,run_01a9a3c29797c6d3,2,success,balanced,4,2,False,False,cuquantum_tensornet_gpu,off,0.035878056,0.246594,0.037103012,0.037103012,0.671107,17.87282,0.724725,,,,False,False
camp_0e9e80e16faae716,repeat_roi_v1,cell_ac832d8b7317d884,/home/ubuntu/quantum-workload-architecture/workloads/manifests/imported/real_qaoa_ring4_batched.yaml,wkl_b169adc6c553a708,plan_1d7b4f347fd39b27,run_dba067cdd4d9e552,0,success,deep,1,2,False,False,cuquantum_tensornet_gpu,off,0.038821363,0.255601,0.040181451,0.040181451,1.238985,17.08159,1.238985,,,,False,False
camp_0e9e80e16faae716,repeat_roi_v1,cell_ac832d8b7317d884,/home/ubuntu/quantum-workload-architecture/workloads/manifests/imported/real_qaoa_ring4_batched.yaml,wkl_b169adc6c553a708,plan_1d7b4f347fd39b27,run_7fa0d7c5233b0cd7,1,success,deep,1,2,False,False,cuquantum_tensornet_gpu,off,0.038885818,0.260756,0.040327084,0.040327084,1.238985,17.08159,1.238985,,,,False,False
camp_0e9e80e16faae716,repeat_roi_v1,cell_ac832d8b7317d884,/home/ubuntu/quantum-workload-architecture/workloads/manifests/imported/real_qaoa_ring4_batched.yaml,wkl_b169adc6c553a708,plan_1d7b4f347fd39b27,run_591d4c3073837edc,2,success,deep,1,2,False,False,cuquantum_tensornet_gpu,off,0.038841937,0.254416,0.040242307,0.040242307,1.238985,17.08159,1.238985,,,,False,False
camp_0e9e80e16faae716,repeat_roi_v1,cell_acb7302bd359425e,/home/ubuntu/quantum-workload-architecture/workloads/manifests/imported/real_grid_shape6_amplitude.yaml,wkl_fc0e5b8c90c09068,plan_364f04fea822dbb5,run_ec6815327f7123db,0,success,balanced,8,2,True,True,cuquantum_tensornet_gpu,off,0.04912736,0.281629,0.050694704,0.050694704,0.61037,23.222474,0.772927,,,,False,False
camp_0e9e80e16faae716,repeat_roi_v1,cell_acb7302bd359425e,/home/ubuntu/quantum-workload-architecture/workloads/manifests/imported/real_grid_shape6_amplitude.yaml,wkl_fc0e5b8c90c09068,plan_364f04fea822dbb5,run_6ed4c6e3b7a90590,1,success,balanced,8,2,True,True,cuquantum_tensornet_gpu,off,0.046143682,0.285321,0.047831916,0.047831916,0.61037,23.222474,0.772927,,,,False,False
camp_0e9e80e16faae716,repeat_roi_v1,cell_acb7302bd359425e,/home/ubuntu/quantum-workload-architecture/workloads/manifests/imported/real_grid_shape6_amplitude.yaml,wkl_fc0e5b8c90c09068,plan_364f04fea822dbb5,run_0a59748fa062b8ae,2,success,balanced,8,2,True,True,cuquantum_tensornet_gpu,off,0.045119859,0.282517,0.046540845,0.046540845,0.61037,23.222474,0.772927,,,,False,False
camp_0e9e80e16faae716,repeat_roi_v1,cell_ae3de0b004c19f46,/home/ubuntu/quantum-workload-architecture/workloads/manifests/imported/real_dense_ring6_amplitude.yaml,wkl_888bce118ad39b04,plan_c5f06d518a4020c0,run_0889dcb76dfac3e4,0,success,deep,2,2,True,True,cuquantum_tensornet_gpu,off,0.043763133,0.28286,0.045247381,0.045247381,1.322506,19.805586,1.342312,,,,False,False
camp_0e9e80e16faae716,repeat_roi_v1,cell_ae3de0b004c19f46,/home/ubuntu/quantum-workload-architecture/workloads/manifests/imported/real_dense_ring6_amplitude.yaml,wkl_888bce118ad39b04,plan_c5f06d518a4020c0,run_b742d0ce33dcef12,1,success,deep,2,2,True,True,cuquantum_tensornet_gpu,off,0.043745736,0.273716,0.045179561,0.045179561,1.322506,19.805586,1.342312,,,,False,False
camp_0e9e80e16faae716,repeat_roi_v1,cell_ae3de0b004c19f46,/home/ubuntu/quantum-workload-architecture/workloads/manifests/imported/real_dense_ring6_amplitude.yaml,wkl_888bce118ad39b04,plan_c5f06d518a4020c0,run_86120e8a322896d5,2,success,deep,2,2,True,True,cuquantum_tensornet_gpu,off,0.043469324,0.285647,0.044943522,0.044943522,1.322506,19.805586,1.342312,,,,False,False
camp_0e9e80e16faae716,repeat_roi_v1,cell_ae4f0aae5b91b23e,/home/ubuntu/quantum-workload-architecture/workloads/manifests/imported/real_grid_shape6_amplitude.yaml,wkl_158088f87b588e6a,plan_d70638c0a74c35d5,run_cf5a14c8d07b11cf,0,success,balanced,4,2,False,True,cuquantum_tensornet_gpu,off,0.039803445,0.276248,0.041273787,0.041273787,0.715588,22.293575,0.782469,,,,False,False
camp_0e9e80e16faae716,repeat_roi_v1,cell_ae4f0aae5b91b23e,/home/ubuntu/quantum-workload-architecture/workloads/manifests/imported/real_grid_shape6_amplitude.yaml,wkl_158088f87b588e6a,plan_d70638c0a74c35d5,run_cfae0c4d980fcbce,1,success,balanced,4,2,False,True,cuquantum_tensornet_gpu,off,0.040293642,0.281836,0.041756137,0.041756137,0.715588,22.293575,0.782469,,,,False,False
camp_0e9e80e16faae716,repeat_roi_v1,cell_ae4f0aae5b91b23e,/home/ubuntu/quantum-workload-architecture/workloads/manifests/imported/real_grid_shape6_amplitude.yaml,wkl_158088f87b588e6a,plan_d70638c0a74c35d5,run_62bdb98a137b8480,2,success,balanced,4,2,False,True,cuquantum_tensornet_gpu,off,0.041132243,0.296608,0.042661043,0.042661043,0.715588,22.293575,0.782469,,,,False,False
camp_0e9e80e16faae716,repeat_roi_v1,cell_ae91b86ffdfb8f39,/home/ubuntu/quantum-workload-architecture/workloads/manifests/imported/real_dense_ring6_batched.yaml,wkl_50dd86db6abd0bfa,plan_a81a26081da8fe27,run_93570e33ba4778a8,0,success,deep,8,2,False,True,cuquantum_tensornet_gpu,off,0.039547441,0.255248,0.040997029,0.040997029,1.376296,12.090963,1.460933,,,,False,False
camp_0e9e80e16faae716,repeat_roi_v1,cell_ae91b86ffdfb8f39,/home/ubuntu/quantum-workload-architecture/workloads/manifests/imported/real_dense_ring6_batched.yaml,wkl_50dd86db6abd0bfa,plan_a81a26081da8fe27,run_01dbc660401290e0,1,success,deep,8,2,False,True,cuquantum_tensornet_gpu,off,0.038664221,0.257101,0.04010333,0.04010333,1.376296,12.090963,1.460933,,,,False,False
camp_0e9e80e16faae716,repeat_roi_v1,cell_ae91b86ffdfb8f39,/home/ubuntu/quantum-workload-architecture/workloads/manifests/imported/real_dense_ring6_batched.yaml,wkl_50dd86db6abd0bfa,plan_a81a26081da8fe27,run_99c70c098c1f9cc6,2,success,deep,8,2,False,True,cuquantum_tensornet_gpu,off,0.038319784,0.252337,0.039733512,0.039733512,1.376296,12.090963,1.460933,,,,False,False
camp_0e9e80e16faae716,repeat_roi_v1,cell_aeb1e03eb1a3c093,/home/ubuntu/quantum-workload-architecture/workloads/manifests/imported/real_dense_ring6_amplitude.yaml,wkl_fecefeb4ecb3e7d2,plan_6897f1d8f4fab902,run_7cf5d31b546ef061,0,success,balanced,8,2,False,True,cuquantum_tensornet_gpu,off,0.038302632,0.27076,0.039776518,0.039776518,0.599219,22.506348,0.756763,,,,False,False
camp_0e9e80e16faae716,repeat_roi_v1,cell_aeb1e03eb1a3c093,/home/ubuntu/quantum-workload-architecture/workloads/manifests/imported/real_dense_ring6_amplitude.yaml,wkl_fecefeb4ecb3e7d2,plan_6897f1d8f4fab902,run_88e659fd43f9ccc8,1,success,balanced,8,2,False,True,cuquantum_tensornet_gpu,off,0.038173071,0.273228,0.039627904,0.039627904,0.599219,22.506348,0.756763,,,,False,False
camp_0e9e80e16faae716,repeat_roi_v1,cell_aeb1e03eb1a3c093,/home/ubuntu/quantum-workload-architecture/workloads/manifests/imported/real_dense_ring6_amplitude.yaml,wkl_fecefeb4ecb3e7d2,plan_6897f1d8f4fab902,run_cdeb3515cbd21115,2,success,balanced,8,2,False,True,cuquantum_tensornet_gpu,off,0.038398323,0.277743,0.039890167,0.039890167,0.599219,22.506348,0.756763,,,,False,False
camp_0e9e80e16faae716,repeat_roi_v1,cell_afb8bc8605ad58a6,/home/ubuntu/quantum-workload-architecture/workloads/manifests/imported/real_dense_ring6_amplitude.yaml,wkl_97d47d38f2d87b66,plan_89cd2ef949574719,run_5b95c23ba273692e,0,success,deep,16,2,False,True,cuquantum_tensornet_gpu,off,0.046838858,0.294027,0.048486826,0.048486826,1.507163,14.616523,1.726411,,,,False,False
camp_0e9e80e16faae716,repeat_roi_v1,cell_afb8bc8605ad58a6,/home/ubuntu/quantum-workload-architecture/workloads/manifests/imported/real_dense_ring6_amplitude.yaml,wkl_97d47d38f2d87b66,plan_89cd2ef949574719,run_931be43fbc84ddc1,1,success,deep,16,2,False,True,cuquantum_tensornet_gpu,off,0.041924491,0.27585,0.04340634,0.04340634,1.507163,14.616523,1.726411,,,,False,False
camp_0e9e80e16faae716,repeat_roi_v1,cell_afb8bc8605ad58a6,/home/ubuntu/quantum-workload-architecture/workloads/manifests/imported/real_dense_ring6_amplitude.yaml,wkl_97d47d38f2d87b66,plan_89cd2ef949574719,run_2d14d56c0dcb3198,2,success,deep,16,2,False,True,cuquantum_tensornet_gpu,off,0.03891775,0.276703,0.04042388,0.04042388,1.507163,14.616523,1.726411,,,,False,False
camp_0e9e80e16faae716,repeat_roi_v1,cell_b262f7dffa375e9b,/home/ubuntu/quantum-workload-architecture/workloads/manifests/imported/real_qaoa_ring4_batched.yaml,wkl_52d115b5fe51fc4f,plan_e9004afa49df597d,run_b84fd0a7064db029,0,success,balanced,2,2,True,False,cuquantum_tensornet_gpu,off,0.043821035,0.261678,0.045230903,0.045230903,0.68286,18.634462,0.701494,,,,False,False
camp_0e9e80e16faae716,repeat_roi_v1,cell_b262f7dffa375e9b,/home/ubuntu/quantum-workload-architecture/workloads/manifests/imported/real_qaoa_ring4_batched.yaml,wkl_52d115b5fe51fc4f,plan_e9004afa49df597d,run_abaf9c6f169022b9,1,success,balanced,2,2,True,False,cuquantum_tensornet_gpu,off,0.043317923,0.24596,0.044652118,0.044652118,0.68286,18.634462,0.701494,,,,False,False
camp_0e9e80e16faae716,repeat_roi_v1,cell_b262f7dffa375e9b,/home/ubuntu/quantum-workload-architecture/workloads/manifests/imported/real_qaoa_ring4_batched.yaml,wkl_52d115b5fe51fc4f,plan_e9004afa49df597d,run_569f9a75a43fef10,2,success,balanced,2,2,True,False,cuquantum_tensornet_gpu,off,0.043604998,0.255796,0.045023659,0.045023659,0.68286,18.634462,0.701494,,,,False,False
camp_0e9e80e16faae716,repeat_roi_v1,cell_b62a515da775c31b,/home/ubuntu/quantum-workload-architecture/workloads/manifests/imported/real_qaoa_ring4_batched.yaml,wkl_b169adc6c553a708,plan_7cd90d588e86645a,run_d4270eb319571083,0,success,balanced,1,2,False,False,cuquantum_tensornet_gpu,off,0.040191612,0.262334,0.041576135,0.041576135,0.68286,18.634462,0.68286,,,,False,False
camp_0e9e80e16faae716,repeat_roi_v1,cell_b62a515da775c31b,/home/ubuntu/quantum-workload-architecture/workloads/manifests/imported/real_qaoa_ring4_batched.yaml,wkl_b169adc6c553a708,plan_7cd90d588e86645a,run_86b0712e14334b70,1,success,balanced,1,2,False,False,cuquantum_tensornet_gpu,off,0.039163504,0.247582,0.040508374,0.040508374,0.68286,18.634462,0.68286,,,,False,False
camp_0e9e80e16faae716,repeat_roi_v1,cell_b62a515da775c31b,/home/ubuntu/quantum-workload-architecture/workloads/manifests/imported/real_qaoa_ring4_batched.yaml,wkl_b169adc6c553a708,plan_7cd90d588e86645a,run_4c3b853589b1f956,2,success,balanced,1,2,False,False,cuquantum_tensornet_gpu,off,0.038715161,0.245675,0.040074911,0.040074911,0.68286,18.634462,0.68286,,,,False,False
camp_0e9e80e16faae716,repeat_roi_v1,cell_b662e9b19595badc,/home/ubuntu/quantum-workload-architecture/workloads/manifests/imported/real_dense_ring6_batched.yaml,wkl_977f16a92f06596a,plan_01f330ea0c985dcd,run_cebcd62516eb1ef0,0,success,balanced,32,2,True,False,cuquantum_tensornet_gpu,off,0.041918943,0.251665,0.043273485,0.043273485,0.581735,18.617521,1.158878,,,,False,False
camp_0e9e80e16faae716,repeat_roi_v1,cell_b662e9b19595badc,/home/ubuntu/quantum-workload-architecture/workloads/manifests/imported/real_dense_ring6_batched.yaml,wkl_977f16a92f06596a,plan_01f330ea0c985dcd,run_86e2dfdbaf41bd7d,1,success,balanced,32,2,True,False,cuquantum_tensornet_gpu,off,0.042030256,0.253943,0.043441615,0.043441615,0.581735,18.617521,1.158878,,,,False,False
camp_0e9e80e16faae716,repeat_roi_v1,cell_b662e9b19595badc,/home/ubuntu/quantum-workload-architecture/workloads/manifests/imported/real_dense_ring6_batched.yaml,wkl_977f16a92f06596a,plan_01f330ea0c985dcd,run_f6ee33ce995f2d5b,2,success,balanced,32,2,True,False,cuquantum_tensornet_gpu,off,0.042284707,0.25934,0.043672876,0.043672876,0.581735,18.617521,1.158878,,,,False,False
camp_0e9e80e16faae716,repeat_roi_v1,cell_b6ed04cdf5137ca6,/home/ubuntu/quantum-workload-architecture/workloads/manifests/imported/real_dense_ring6_amplitude.yaml,wkl_9e01192b062045b6,plan_a900d95fb6a66738,run_17a7f33703ecfc0b,0,success,quick,4,2,False,True,cuquantum_tensornet_gpu,off,0.037682418,0.270297,0.039088226,0.039088226,0.702031,21.606094,0.766849,,,,False,False
camp_0e9e80e16faae716,repeat_roi_v1,cell_b6ed04cdf5137ca6,/home/ubuntu/quantum-workload-architecture/workloads/manifests/imported/real_dense_ring6_amplitude.yaml,wkl_9e01192b062045b6,plan_a900d95fb6a66738,run_fac59d65d0e26a30,1,success,quick,4,2,False,True,cuquantum_tensornet_gpu,off,0.038286495,0.280102,0.039838192,0.039838192,0.702031,21.606094,0.766849,,,,False,False
camp_0e9e80e16faae716,repeat_roi_v1,cell_b6ed04cdf5137ca6,/home/ubuntu/quantum-workload-architecture/workloads/manifests/imported/real_dense_ring6_amplitude.yaml,wkl_9e01192b062045b6,plan_a900d95fb6a66738,run_f5db1bd4dfe32658,2,success,quick,4,2,False,True,cuquantum_tensornet_gpu,off,0.038004162,0.273596,0.039444452,0.039444452,0.702031,21.606094,0.766849,,,,False,False
camp_0e9e80e16faae716,repeat_roi_v1,cell_b883351d50c6b59e,/home/ubuntu/quantum-workload-architecture/workloads/manifests/imported/real_ghz3_amplitude.yaml,wkl_bb51d1ce54ae0af7,plan_80518d8f1f3b6e61,run_92124283cfdc9704,0,success,balanced,2,2,False,False,cuquantum_tensornet_gpu,off,0.014737082,0.154562,0.015773676,0.015773676,0.629314,13.989494,0.643303,,,,False,False
camp_0e9e80e16faae716,repeat_roi_v1,cell_b883351d50c6b59e,/home/ubuntu/quantum-workload-architecture/workloads/manifests/imported/real_ghz3_amplitude.yaml,wkl_bb51d1ce54ae0af7,plan_80518d8f1f3b6e61,run_c513f49e08f589ab,1,success,balanced,2,2,False,False,cuquantum_tensornet_gpu,off,0.014449751,0.150808,0.015426095,0.015426095,0.629314,13.989494,0.643303,,,,False,False
camp_0e9e80e16faae716,repeat_roi_v1,cell_b883351d50c6b59e,/home/ubuntu/quantum-workload-architecture/workloads/manifests/imported/real_ghz3_amplitude.yaml,wkl_bb51d1ce54ae0af7,plan_80518d8f1f3b6e61,run_5c89f37f79d517aa,2,success,balanced,2,2,False,False,cuquantum_tensornet_gpu,off,0.014860117,0.163354,0.015922184,0.015922184,0.629314,13.989494,0.643303,,,,False,False
camp_0e9e80e16faae716,repeat_roi_v1,cell_b8ff0cb900f1f7ab,/home/ubuntu/quantum-workload-architecture/workloads/manifests/imported/real_dense_ring6_amplitude.yaml,wkl_fecefeb4ecb3e7d2,plan_e9f090b7e4b4baa8,run_098aa33d80ddc34a,0,success,balanced,8,2,True,True,cuquantum_tensornet_gpu,off,0.044231003,0.289806,0.04573492,0.04573492,0.599219,22.506348,0.756763,,,,False,False
camp_0e9e80e16faae716,repeat_roi_v1,cell_b8ff0cb900f1f7ab,/home/ubuntu/quantum-workload-architecture/workloads/manifests/imported/real_dense_ring6_amplitude.yaml,wkl_fecefeb4ecb3e7d2,plan_e9f090b7e4b4baa8,run_d17a9f98356a8ab5,1,success,balanced,8,2,True,True,cuquantum_tensornet_gpu,off,0.04392827,0.283125,0.045401094,0.045401094,0.599219,22.506348,0.756763,,,,False,False
camp_0e9e80e16faae716,repeat_roi_v1,cell_b8ff0cb900f1f7ab,/home/ubuntu/quantum-workload-architecture/workloads/manifests/imported/real_dense_ring6_amplitude.yaml,wkl_fecefeb4ecb3e7d2,plan_e9f090b7e4b4baa8,run_cccdba4359dd1261,2,success,balanced,8,2,True,True,cuquantum_tensornet_gpu,off,0.044860482,0.285456,0.046490588,0.046490588,0.599219,22.506348,0.756763,,,,False,False
camp_0e9e80e16faae716,repeat_roi_v1,cell_bac5462b9924768c,/home/ubuntu/quantum-workload-architecture/workloads/manifests/imported/real_qaoa_ring4_batched.yaml,wkl_19ca61869000401d,plan_72be690684dd4382,run_b6b7896a4d1a5dcf,0,success,deep,4,2,True,True,cuquantum_tensornet_gpu,off,0.043343636,0.258555,0.044668096,0.044668096,1.238985,17.08159,1.29023,,,,False,False
camp_0e9e80e16faae716,repeat_roi_v1,cell_bac5462b9924768c,/home/ubuntu/quantum-workload-architecture/workloads/manifests/imported/real_qaoa_ring4_batched.yaml,wkl_19ca61869000401d,plan_72be690684dd4382,run_c0b47549b7507eef,1,success,deep,4,2,True,True,cuquantum_tensornet_gpu,off,0.043115944,0.258057,0.044503161,0.044503161,1.238985,17.08159,1.29023,,,,False,False
camp_0e9e80e16faae716,repeat_roi_v1,cell_bac5462b9924768c,/home/ubuntu/quantum-workload-architecture/workloads/manifests/imported/real_qaoa_ring4_batched.yaml,wkl_19ca61869000401d,plan_72be690684dd4382,run_a5fe3ae8236abe37,2,success,deep,4,2,True,True,cuquantum_tensornet_gpu,off,0.043872412,0.256394,0.045267129,0.045267129,1.238985,17.08159,1.29023,,,,False,False
camp_0e9e80e16faae716,repeat_roi_v1,cell_bb2b3fa05b0c659b,/home/ubuntu/quantum-workload-architecture/workloads/manifests/imported/real_grid_shape6_amplitude.yaml,wkl_158088f87b588e6a,plan_7303d3eea7e86b1c,run_07f0de7a50f4fd03,0,success,quick,4,2,True,False,cuquantum_tensornet_gpu,off,0.045180948,0.273248,0.046567796,0.046567796,0.715588,22.293575,0.782469,,,,False,False
camp_0e9e80e16faae716,repeat_roi_v1,cell_bb2b3fa05b0c659b,/home/ubuntu/quantum-workload-architecture/workloads/manifests/imported/real_grid_shape6_amplitude.yaml,wkl_158088f87b588e6a,plan_7303d3eea7e86b1c,run_8b9cd860d18ee042,1,success,quick,4,2,True,False,cuquantum_tensornet_gpu,off,0.045637813,0.28034,0.047132652,0.047132652,0.715588,22.293575,0.782469,,,,False,False
camp_0e9e80e16faae716,repeat_roi_v1,cell_bb2b3fa05b0c659b,/home/ubuntu/quantum-workload-architecture/workloads/manifests/imported/real_grid_shape6_amplitude.yaml,wkl_158088f87b588e6a,plan_7303d3eea7e86b1c,run_03a922e3f224d08f,2,success,quick,4,2,True,False,cuquantum_tensornet_gpu,off,0.045598611,0.285247,0.047088427,0.047088427,0.715588,22.293575,0.782469,,,,False,False
camp_0e9e80e16faae716,repeat_roi_v1,cell_bcae97b5f280b8f4,/home/ubuntu/quantum-workload-architecture/workloads/manifests/imported/real_dense_ring6_batched.yaml,wkl_84140faee381a579,plan_6f7d58cf62126787,run_ac69d6b2dccca204,0,success,quick,2,2,False,True,cuquantum_tensornet_gpu,off,0.045436186,0.268507,0.046934351,0.046934351,0.671107,17.87282,0.68898,,,,False,False
camp_0e9e80e16faae716,repeat_roi_v1,cell_bcae97b5f280b8f4,/home/ubuntu/quantum-workload-architecture/workloads/manifests/imported/real_dense_ring6_batched.yaml,wkl_84140faee381a579,plan_6f7d58cf62126787,run_c6efce4789ee9434,1,success,quick,2,2,False,True,cuquantum_tensornet_gpu,off,0.045294686,0.26766,0.04677709,0.04677709,0.671107,17.87282,0.68898,,,,False,False
camp_0e9e80e16faae716,repeat_roi_v1,cell_bcae97b5f280b8f4,/home/ubuntu/quantum-workload-architecture/workloads/manifests/imported/real_dense_ring6_batched.yaml,wkl_84140faee381a579,plan_6f7d58cf62126787,run_92ff475840f63a44,2,success,quick,2,2,False,True,cuquantum_tensornet_gpu,off,0.040760458,0.253725,0.042138419,0.042138419,0.671107,17.87282,0.68898,,,,False,False
camp_0e9e80e16faae716,repeat_roi_v1,cell_bd4dd39c3a348d9b,/home/ubuntu/quantum-workload-architecture/workloads/manifests/imported/real_dense_ring6_amplitude.yaml,wkl_95071f3280d5f7eb,plan_a8e05fa6100b4e1f,run_e439e220eb2bbf62,0,success,quick,1,2,True,False,cuquantum_tensornet_gpu,off,0.043919697,0.289937,0.045473301,0.045473301,0.702031,21.606094,0.702031,,,,False,False
camp_0e9e80e16faae716,repeat_roi_v1,cell_bd4dd39c3a348d9b,/home/ubuntu/quantum-workload-architecture/workloads/manifests/imported/real_dense_ring6_amplitude.yaml,wkl_95071f3280d5f7eb,plan_a8e05fa6100b4e1f,run_00eb6c3abc285aff,1,success,quick,1,2,True,False,cuquantum_tensornet_gpu,off,0.0438188,0.299023,0.045368959,0.045368959,0.702031,21.606094,0.702031,,,,False,False
camp_0e9e80e16faae716,repeat_roi_v1,cell_bd4dd39c3a348d9b,/home/ubuntu/quantum-workload-architecture/workloads/manifests/imported/real_dense_ring6_amplitude.yaml,wkl_95071f3280d5f7eb,plan_a8e05fa6100b4e1f,run_6c3b6c0d33074b20,2,success,quick,1,2,True,False,cuquantum_tensornet_gpu,off,0.043443311,0.280343,0.044870988,0.044870988,0.702031,21.606094,0.702031,,,,False,False
camp_0e9e80e16faae716,repeat_roi_v1,cell_bd962d5147cbcb0f,/home/ubuntu/quantum-workload-architecture/workloads/manifests/imported/real_qaoa_ring4_batched.yaml,wkl_ba3875dd3ccf7480,plan_68f18670bee863f5,run_6a6bd7d2697bea75,0,success,quick,32,2,False,True,cuquantum_tensornet_gpu,off,0.038354968,0.248607,0.039745564,0.039745564,0.590691,19.410898,1.192429,,,,False,False
camp_0e9e80e16faae716,repeat_roi_v1,cell_bd962d5147cbcb0f,/home/ubuntu/quantum-workload-architecture/workloads/manifests/imported/real_qaoa_ring4_batched.yaml,wkl_ba3875dd3ccf7480,plan_68f18670bee863f5,run_7c66699998930f69,1,success,quick,32,2,False,True,cuquantum_tensornet_gpu,off,0.038930324,0.245405,0.040295705,0.040295705,0.590691,19.410898,1.192429,,,,False,False
camp_0e9e80e16faae716,repeat_roi_v1,cell_bd962d5147cbcb0f,/home/ubuntu/quantum-workload-architecture/workloads/manifests/imported/real_qaoa_ring4_batched.yaml,wkl_ba3875dd3ccf7480,plan_68f18670bee863f5,run_f3efaa735fde9515,2,success,quick,32,2,False,True,cuquantum_tensornet_gpu,off,0.038700639,0.243953,0.040029029,0.040029029,0.590691,19.410898,1.192429,,,,False,False
camp_0e9e80e16faae716,repeat_roi_v1,cell_be61050ce310972d,/home/ubuntu/quantum-workload-architecture/workloads/manifests/imported/real_grid_shape6_amplitude.yaml,wkl_158088f87b588e6a,plan_1b8f2c955824ecbc,run_a08b099a0dfb65c5,0,success,quick,4,2,False,True,cuquantum_tensornet_gpu,off,0.040394412,0.278731,0.041850952,0.041850952,0.715588,22.293575,0.782469,,,,False,False
camp_0e9e80e16faae716,repeat_roi_v1,cell_be61050ce310972d,/home/ubuntu/quantum-workload-architecture/workloads/manifests/imported/real_grid_shape6_amplitude.yaml,wkl_158088f87b588e6a,plan_1b8f2c955824ecbc,run_a719e8a626a07cb5,1,success,quick,4,2,False,True,cuquantum_tensornet_gpu,off,0.040171559,0.274438,0.0416167,0.0416167,0.715588,22.293575,0.782469,,,,False,False
camp_0e9e80e16faae716,repeat_roi_v1,cell_be61050ce310972d,/home/ubuntu/quantum-workload-architecture/workloads/manifests/imported/real_grid_shape6_amplitude.yaml,wkl_158088f87b588e6a,plan_1b8f2c955824ecbc,run_9fe2df95c7574a21,2,success,quick,4,2,False,True,cuquantum_tensornet_gpu,off,0.040102856,0.283683,0.04162278,0.04162278,0.715588,22.293575,0.782469,,,,False,False
camp_0e9e80e16faae716,repeat_roi_v1,cell_be777ddd44bd8bf9,/home/ubuntu/quantum-workload-architecture/workloads/manifests/imported/real_qaoa_ring4_batched.yaml,wkl_e27a5a050294e2ef,plan_82328ccf31b67139,run_b12eca745851934c,0,success,quick,8,2,True,True,cuquantum_tensornet_gpu,off,0.043421483,0.250372,0.0447721,0.0447721,0.590691,19.410898,0.726567,,,,False,False
camp_0e9e80e16faae716,repeat_roi_v1,cell_be777ddd44bd8bf9,/home/ubuntu/quantum-workload-architecture/workloads/manifests/imported/real_qaoa_ring4_batched.yaml,wkl_e27a5a050294e2ef,plan_82328ccf31b67139,run_c18ed0d5d766bdc3,1,success,quick,8,2,True,True,cuquantum_tensornet_gpu,off,0.043117339,0.246901,0.044437925,0.044437925,0.590691,19.410898,0.726567,,,,False,False
camp_0e9e80e16faae716,repeat_roi_v1,cell_be777ddd44bd8bf9,/home/ubuntu/quantum-workload-architecture/workloads/manifests/imported/real_qaoa_ring4_batched.yaml,wkl_e27a5a050294e2ef,plan_82328ccf31b67139,run_aba0fa78f5b48c1c,2,success,quick,8,2,True,True,cuquantum_tensornet_gpu,off,0.044116489,0.267735,0.045523163,0.045523163,0.590691,19.410898,0.726567,,,,False,False
camp_0e9e80e16faae716,repeat_roi_v1,cell_bfb0724f18aac9e6,/home/ubuntu/quantum-workload-architecture/workloads/manifests/imported/real_ghz3_amplitude.yaml,wkl_bb51d1ce54ae0af7,plan_fc6785cfb233eb11,run_063459ff0780a434,0,success,deep,2,2,True,False,cuquantum_tensornet_gpu,off,0.013854883,0.133735,0.01473695,0.01473695,1.07912,12.823703,1.091944,,,,False,False
camp_0e9e80e16faae716,repeat_roi_v1,cell_bfb0724f18aac9e6,/home/ubuntu/quantum-workload-architecture/workloads/manifests/imported/real_ghz3_amplitude.yaml,wkl_bb51d1ce54ae0af7,plan_fc6785cfb233eb11,run_0f81bd74956152bb,1,success,deep,2,2,True,False,cuquantum_tensornet_gpu,off,0.014214615,0.154046,0.015124773,0.015124773,1.07912,12.823703,1.091944,,,,False,False
camp_0e9e80e16faae716,repeat_roi_v1,cell_bfb0724f18aac9e6,/home/ubuntu/quantum-workload-architecture/workloads/manifests/imported/real_ghz3_amplitude.yaml,wkl_bb51d1ce54ae0af7,plan_fc6785cfb233eb11,run_a8e659a2875e7f1b,2,success,deep,2,2,True,False,cuquantum_tensornet_gpu,off,0.013777869,0.14406,0.014657266,0.014657266,1.07912,12.823703,1.091944,,,,False,False
camp_0e9e80e16faae716,repeat_roi_v1,cell_c0215f4739bf3a23,/home/ubuntu/quantum-workload-architecture/workloads/manifests/imported/real_ghz3_amplitude.yaml,wkl_5361a0b920fc4e05,plan_9b3d393a7c43a8a3,run_6095dd0074df6882,0,success,quick,1,2,True,True,cuquantum_tensornet_gpu,off,0.014626872,0.147525,0.015558479,0.015558479,0.629314,13.989494,0.629314,,,,False,False
camp_0e9e80e16faae716,repeat_roi_v1,cell_c0215f4739bf3a23,/home/ubuntu/quantum-workload-architecture/workloads/manifests/imported/real_ghz3_amplitude.yaml,wkl_5361a0b920fc4e05,plan_9b3d393a7c43a8a3,run_e42a3a76e888b5be,1,success,quick,1,2,True,True,cuquantum_tensornet_gpu,off,0.014161865,0.148957,0.015125412,0.015125412,0.629314,13.989494,0.629314,,,,False,False
camp_0e9e80e16faae716,repeat_roi_v1,cell_c0215f4739bf3a23,/home/ubuntu/quantum-workload-architecture/workloads/manifests/imported/real_ghz3_amplitude.yaml,wkl_5361a0b920fc4e05,plan_9b3d393a7c43a8a3,run_24e943d588d58838,2,success,quick,1,2,True,True,cuquantum_tensornet_gpu,off,0.014395172,0.140988,0.0152803,0.0152803,0.629314,13.989494,0.629314,,,,False,False
camp_0e9e80e16faae716,repeat_roi_v1,cell_c12599c07c0bf461,/home/ubuntu/quantum-workload-architecture/workloads/manifests/imported/real_ghz3_amplitude.yaml,wkl_aba637ae8beeb019,plan_5f10f2883a5bc577,run_c8b2630c32792683,0,success,balanced,32,2,False,True,cuquantum_tensornet_gpu,off,0.012209309,0.134223,0.013088358,0.013088358,0.554734,14.57239,1.006478,,,,True,True
camp_0e9e80e16faae716,repeat_roi_v1,cell_c12599c07c0bf461,/home/ubuntu/quantum-workload-architecture/workloads/manifests/imported/real_ghz3_amplitude.yaml,wkl_aba637ae8beeb019,plan_5f10f2883a5bc577,run_7065064339fa50a4,1,success,balanced,32,2,False,True,cuquantum_tensornet_gpu,off,0.012741323,0.160315,0.013733087,0.013733087,0.554734,14.57239,1.006478,,,,True,True
camp_0e9e80e16faae716,repeat_roi_v1,cell_c12599c07c0bf461,/home/ubuntu/quantum-workload-architecture/workloads/manifests/imported/real_ghz3_amplitude.yaml,wkl_aba637ae8beeb019,plan_5f10f2883a5bc577,run_f2d1816a79681a68,2,success,balanced,32,2,False,True,cuquantum_tensornet_gpu,off,0.012495859,0.143357,0.013385754,0.013385754,0.554734,14.57239,1.006478,,,,True,True
camp_0e9e80e16faae716,repeat_roi_v1,cell_c258d98dccf00f47,/home/ubuntu/quantum-workload-architecture/workloads/manifests/imported/real_grid_shape6_amplitude.yaml,wkl_fc0e5b8c90c09068,plan_b29071efdf0563e4,run_28430f639e1aa28c,0,success,deep,8,2,True,False,cuquantum_tensornet_gpu,off,0.047861848,0.290022,0.049404871,0.049404871,1.53861,15.081604,1.644181,,,,False,False
camp_0e9e80e16faae716,repeat_roi_v1,cell_c258d98dccf00f47,/home/ubuntu/quantum-workload-architecture/workloads/manifests/imported/real_grid_shape6_amplitude.yaml,wkl_fc0e5b8c90c09068,plan_b29071efdf0563e4,run_2dd42b1be84227aa,1,success,deep,8,2,True,False,cuquantum_tensornet_gpu,off,0.046684304,0.27553,0.04813065,0.04813065,1.53861,15.081604,1.644181,,,,False,False
camp_0e9e80e16faae716,repeat_roi_v1,cell_c258d98dccf00f47,/home/ubuntu/quantum-workload-architecture/workloads/manifests/imported/real_grid_shape6_amplitude.yaml,wkl_fc0e5b8c90c09068,plan_b29071efdf0563e4,run_56bd43bf43453230,2,success,deep,8,2,True,False,cuquantum_tensornet_gpu,off,0.045961267,0.295687,0.047475311,0.047475311,1.53861,15.081604,1.644181,,,,False,False
camp_0e9e80e16faae716,repeat_roi_v1,cell_c2edc45e70ebe5bd,/home/ubuntu/quantum-workload-architecture/workloads/manifests/imported/real_qaoa_ring4_batched.yaml,wkl_b169adc6c553a708,plan_d59c9ca5137a8b34,run_9f74ea55a6847777,0,success,deep,1,2,True,False,cuquantum_tensornet_gpu,off,0.043488846,0.254033,0.044878011,0.044878011,1.238985,17.08159,1.238985,,,,False,False
camp_0e9e80e16faae716,repeat_roi_v1,cell_c2edc45e70ebe5bd,/home/ubuntu/quantum-workload-architecture/workloads/manifests/imported/real_qaoa_ring4_batched.yaml,wkl_b169adc6c553a708,plan_d59c9ca5137a8b34,run_9aea6ce2a7c665f3,1,success,deep,1,2,True,False,cuquantum_tensornet_gpu,off,0.043452865,0.251535,0.044801829,0.044801829,1.238985,17.08159,1.238985,,,,False,False
camp_0e9e80e16faae716,repeat_roi_v1,cell_c2edc45e70ebe5bd,/home/ubuntu/quantum-workload-architecture/workloads/manifests/imported/real_qaoa_ring4_batched.yaml,wkl_b169adc6c553a708,plan_d59c9ca5137a8b34,run_c5aca51309b7619e,2,success,deep,1,2,True,False,cuquantum_tensornet_gpu,off,0.043418561,0.249023,0.044745611,0.044745611,1.238985,17.08159,1.238985,,,,False,False
camp_0e9e80e16faae716,repeat_roi_v1,cell_c37977ed70023a67,/home/ubuntu/quantum-workload-architecture/workloads/manifests/imported/real_qaoa_ring4_batched.yaml,wkl_19ca61869000401d,plan_c9cb9c63c611a098,run_6dd8e6d0bd8ae4c6,0,success,balanced,4,2,False,False,cuquantum_tensornet_gpu,off,0.038754425,0.24099,0.040082364,0.040082364,0.68286,18.634462,0.738763,,,,False,False
camp_0e9e80e16faae716,repeat_roi_v1,cell_c37977ed70023a67,/home/ubuntu/quantum-workload-architecture/workloads/manifests/imported/real_qaoa_ring4_batched.yaml,wkl_19ca61869000401d,plan_c9cb9c63c611a098,run_938a766904f2e4dd,1,success,balanced,4,2,False,False,cuquantum_tensornet_gpu,off,0.039526056,0.247303,0.040886029,0.040886029,0.68286,18.634462,0.738763,,,,False,False
camp_0e9e80e16faae716,repeat_roi_v1,cell_c37977ed70023a67,/home/ubuntu/quantum-workload-architecture/workloads/manifests/imported/real_qaoa_ring4_batched.yaml,wkl_19ca61869000401d,plan_c9cb9c63c611a098,run_8ae911f5dc5d0665,2,success,balanced,4,2,False,False,cuquantum_tensornet_gpu,off,0.038840131,0.259908,0.040194982,0.040194982,0.68286,18.634462,0.738763,,,,False,False
camp_0e9e80e16faae716,repeat_roi_v1,cell_c3e591cce4af5273,/home/ubuntu/quantum-workload-architecture/workloads/manifests/imported/real_dense_ring6_amplitude.yaml,wkl_fecefeb4ecb3e7d2,plan_2618ca11db1f16b4,run_7f01143f961f8555,0,success,deep,8,2,False,True,cuquantum_tensornet_gpu,off,0.04310668,0.29481,0.044746302,0.044746302,1.507163,14.616523,1.609479,,,,False,False
camp_0e9e80e16faae716,repeat_roi_v1,cell_c3e591cce4af5273,/home/ubuntu/quantum-workload-architecture/workloads/manifests/imported/real_dense_ring6_amplitude.yaml,wkl_fecefeb4ecb3e7d2,plan_2618ca11db1f16b4,run_b68e1f09b423da64,1,success,deep,8,2,False,True,cuquantum_tensornet_gpu,off,0.039186178,0.276738,0.040728957,0.040728957,1.507163,14.616523,1.609479,,,,False,False
camp_0e9e80e16faae716,repeat_roi_v1,cell_c3e591cce4af5273,/home/ubuntu/quantum-workload-architecture/workloads/manifests/imported/real_dense_ring6_amplitude.yaml,wkl_fecefeb4ecb3e7d2,plan_2618ca11db1f16b4,run_c885d9f93f523e21,2,success,deep,8,2,False,True,cuquantum_tensornet_gpu,off,0.038904318,0.270713,0.040405595,0.040405595,1.507163,14.616523,1.609479,,,,False,False
camp_0e9e80e16faae716,repeat_roi_v1,cell_c51768c9bf7e28be,/home/ubuntu/quantum-workload-architecture/workloads/manifests/imported/real_grid_shape6_amplitude.yaml,wkl_b825ad9e4287ddce,plan_61d5347a7d28d85e,run_9cfde5a47371a8f0,0,success,deep,2,2,False,False,cuquantum_tensornet_gpu,off,0.040070137,0.274268,0.04155469,0.04155469,1.350612,20.435777,1.371048,,,,False,False
camp_0e9e80e16faae716,repeat_roi_v1,cell_c51768c9bf7e28be,/home/ubuntu/quantum-workload-architecture/workloads/manifests/imported/real_grid_shape6_amplitude.yaml,wkl_b825ad9e4287ddce,plan_61d5347a7d28d85e,run_61f524e8efdb336f,1,success,deep,2,2,False,False,cuquantum_tensornet_gpu,off,0.040034475,0.284242,0.041537822,0.041537822,1.350612,20.435777,1.371048,,,,False,False
camp_0e9e80e16faae716,repeat_roi_v1,cell_c51768c9bf7e28be,/home/ubuntu/quantum-workload-architecture/workloads/manifests/imported/real_grid_shape6_amplitude.yaml,wkl_b825ad9e4287ddce,plan_61d5347a7d28d85e,run_5f9dd809de948f3e,2,success,deep,2,2,False,False,cuquantum_tensornet_gpu,off,0.039961267,0.269697,0.041405254,0.041405254,1.350612,20.435777,1.371048,,,,False,False
camp_0e9e80e16faae716,repeat_roi_v1,cell_c6cdc5a326f16882,/home/ubuntu/quantum-workload-architecture/workloads/manifests/imported/real_dense_ring6_batched.yaml,wkl_84140faee381a579,plan_120b4f34e000fc0e,run_f43603ace401370c,0,success,balanced,2,2,False,False,cuquantum_tensornet_gpu,off,0.037722414,0.253059,0.039141649,0.039141649,0.671107,17.87282,0.68898,,,,False,False
camp_0e9e80e16faae716,repeat_roi_v1,cell_c6cdc5a326f16882,/home/ubuntu/quantum-workload-architecture/workloads/manifests/imported/real_dense_ring6_batched.yaml,wkl_84140faee381a579,plan_120b4f34e000fc0e,run_90c39780af8771f0,1,success,balanced,2,2,False,False,cuquantum_tensornet_gpu,off,0.037630245,0.260999,0.038999837,0.038999837,0.671107,17.87282,0.68898,,,,False,False
camp_0e9e80e16faae716,repeat_roi_v1,cell_c6cdc5a326f16882,/home/ubuntu/quantum-workload-architecture/workloads/manifests/imported/real_dense_ring6_batched.yaml,wkl_84140faee381a579,plan_120b4f34e000fc0e,run_219a3756235538dc,2,success,balanced,2,2,False,False,cuquantum_tensornet_gpu,off,0.037471922,0.25441,0.038848353,0.038848353,0.671107,17.87282,0.68898,,,,False,False
camp_0e9e80e16faae716,repeat_roi_v1,cell_c71ad096199f5a1a,/home/ubuntu/quantum-workload-architecture/workloads/manifests/imported/real_dense_ring6_amplitude.yaml,wkl_95071f3280d5f7eb,plan_8e5e5c2e108165dc,run_45fe405bceb29cb1,0,success,balanced,1,2,False,True,cuquantum_tensornet_gpu,off,0.038636363,0.278898,0.040117113,0.040117113,0.702031,21.606094,0.702031,,,,False,False
camp_0e9e80e16faae716,repeat_roi_v1,cell_c71ad096199f5a1a,/home/ubuntu/quantum-workload-architecture/workloads/manifests/imported/real_dense_ring6_amplitude.yaml,wkl_95071f3280d5f7eb,plan_8e5e5c2e108165dc,run_e93f4c69a324da7f,1,success,balanced,1,2,False,True,cuquantum_tensornet_gpu,off,0.038401272,0.275912,0.039869353,0.039869353,0.702031,21.606094,0.702031,,,,False,False
camp_0e9e80e16faae716,repeat_roi_v1,cell_c71ad096199f5a1a,/home/ubuntu/quantum-workload-architecture/workloads/manifests/imported/real_dense_ring6_amplitude.yaml,wkl_95071f3280d5f7eb,plan_8e5e5c2e108165dc,run_56404dd23e4c6290,2,success,balanced,1,2,False,True,cuquantum_tensornet_gpu,off,0.039372143,0.285293,0.041172306,0.041172306,0.702031,21.606094,0.702031,,,,False,False
camp_0e9e80e16faae716,repeat_roi_v1,cell_c882205eaa023a74,/home/ubuntu/quantum-workload-architecture/workloads/manifests/imported/real_grid_shape6_amplitude.yaml,wkl_158088f87b588e6a,plan_6b7b177bb69521b1,run_20ce1fb8e3c59480,0,success,deep,4,2,False,True,cuquantum_tensornet_gpu,off,0.04028138,0.275786,0.041780449,0.041780449,1.350612,20.435777,1.411919,,,,False,False
camp_0e9e80e16faae716,repeat_roi_v1,cell_c882205eaa023a74,/home/ubuntu/quantum-workload-architecture/workloads/manifests/imported/real_grid_shape6_amplitude.yaml,wkl_158088f87b588e6a,plan_6b7b177bb69521b1,run_567b0f4d7c697c38,1,success,deep,4,2,False,True,cuquantum_tensornet_gpu,off,0.039793632,0.29091,0.041272891,0.041272891,1.350612,20.435777,1.411919,,,,False,False
camp_0e9e80e16faae716,repeat_roi_v1,cell_c882205eaa023a74,/home/ubuntu/quantum-workload-architecture/workloads/manifests/imported/real_grid_shape6_amplitude.yaml,wkl_158088f87b588e6a,plan_6b7b177bb69521b1,run_9f2a862d25c05f11,2,success,deep,4,2,False,True,cuquantum_tensornet_gpu,off,0.039729305,0.277438,0.041190426,0.041190426,1.350612,20.435777,1.411919,,,,False,False
camp_0e9e80e16faae716,repeat_roi_v1,cell_cc42dc46f81af402,/home/ubuntu/quantum-workload-architecture/workloads/manifests/imported/real_dense_ring6_amplitude.yaml,wkl_fecefeb4ecb3e7d2,plan_10ad6807618e1c9f,run_10b7cebc49751dab,0,success,balanced,8,2,False,False,cuquantum_tensornet_gpu,off,0.038240427,0.28298,0.03974514,0.03974514,0.599219,22.506348,0.756763,,,,False,False
camp_0e9e80e16faae716,repeat_roi_v1,cell_cc42dc46f81af402,/home/ubuntu/quantum-workload-architecture/workloads/manifests/imported/real_dense_ring6_amplitude.yaml,wkl_fecefeb4ecb3e7d2,plan_10ad6807618e1c9f,run_6b23189460e645ba,1,success,balanced,8,2,False,False,cuquantum_tensornet_gpu,off,0.038042932,0.283964,0.039561308,0.039561308,0.599219,22.506348,0.756763,,,,False,False
camp_0e9e80e16faae716,repeat_roi_v1,cell_cc42dc46f81af402,/home/ubuntu/quantum-workload-architecture/workloads/manifests/imported/real_dense_ring6_amplitude.yaml,wkl_fecefeb4ecb3e7d2,plan_10ad6807618e1c9f,run_70a4f2cf467b4228,2,success,balanced,8,2,False,False,cuquantum_tensornet_gpu,off,0.038244082,0.270983,0.039678772,0.039678772,0.599219,22.506348,0.756763,,,,False,False
camp_0e9e80e16faae716,repeat_roi_v1,cell_ccdae28af40d3cc0,/home/ubuntu/quantum-workload-architecture/workloads/manifests/imported/real_dense_ring6_batched.yaml,wkl_e0163cd5ac336021,plan_83166f4faaf8a951,run_7c8f512801a621e9,0,success,balanced,16,2,True,True,cuquantum_tensornet_gpu,off,0.043202092,0.267409,0.044599842,0.044599842,0.581735,18.617521,0.860998,,,,False,False
camp_0e9e80e16faae716,repeat_roi_v1,cell_ccdae28af40d3cc0,/home/ubuntu/quantum-workload-architecture/workloads/manifests/imported/real_dense_ring6_batched.yaml,wkl_e0163cd5ac336021,plan_83166f4faaf8a951,run_da1e6efa2e87b931,1,success,balanced,16,2,True,True,cuquantum_tensornet_gpu,off,0.042167933,0.261821,0.043527179,0.043527179,0.581735,18.617521,0.860998,,,,False,False
camp_0e9e80e16faae716,repeat_roi_v1,cell_ccdae28af40d3cc0,/home/ubuntu/quantum-workload-architecture/workloads/manifests/imported/real_dense_ring6_batched.yaml,wkl_e0163cd5ac336021,plan_83166f4faaf8a951,run_aadd26f5ad6487cb,2,success,balanced,16,2,True,True,cuquantum_tensornet_gpu,off,0.042223957,0.26001,0.04365774,0.04365774,0.581735,18.617521,0.860998,,,,False,False
camp_0e9e80e16faae716,repeat_roi_v1,cell_cd2e194f5e8f2cc8,/home/ubuntu/quantum-workload-architecture/workloads/manifests/imported/real_ghz3_amplitude.yaml,wkl_bb51d1ce54ae0af7,plan_2bfbd04690e32a73,run_ba3d2375cdf895e0,0,success,quick,2,2,True,True,cuquantum_tensornet_gpu,off,0.014174995,0.14113,0.015091772,0.015091772,0.629314,13.989494,0.643303,,,,False,False
camp_0e9e80e16faae716,repeat_roi_v1,cell_cd2e194f5e8f2cc8,/home/ubuntu/quantum-workload-architecture/workloads/manifests/imported/real_ghz3_amplitude.yaml,wkl_bb51d1ce54ae0af7,plan_2bfbd04690e32a73,run_06c5ed82b3f917d2,1,success,quick,2,2,True,True,cuquantum_tensornet_gpu,off,0.014121632,0.153549,0.015077937,0.015077937,0.629314,13.989494,0.643303,,,,False,False
camp_0e9e80e16faae716,repeat_roi_v1,cell_cd2e194f5e8f2cc8,/home/ubuntu/quantum-workload-architecture/workloads/manifests/imported/real_ghz3_amplitude.yaml,wkl_bb51d1ce54ae0af7,plan_2bfbd04690e32a73,run_b419248ea426aa59,2,success,quick,2,2,True,True,cuquantum_tensornet_gpu,off,0.014407751,0.148556,0.015314275,0.015314275,0.629314,13.989494,0.643303,,,,False,False
camp_0e9e80e16faae716,repeat_roi_v1,cell_cde66001530fc2ad,/home/ubuntu/quantum-workload-architecture/workloads/manifests/imported/real_ghz3_amplitude.yaml,wkl_e5f6794fb08543dd,plan_2dae0fd0d2695264,run_a1522091674f0ee7,0,success,quick,4,2,False,True,cuquantum_tensornet_gpu,off,0.015109818,0.169897,0.016494212,0.016494212,0.629314,13.989494,0.671282,,,,False,False
camp_0e9e80e16faae716,repeat_roi_v1,cell_cde66001530fc2ad,/home/ubuntu/quantum-workload-architecture/workloads/manifests/imported/real_ghz3_amplitude.yaml,wkl_e5f6794fb08543dd,plan_2dae0fd0d2695264,run_7f7e8d19cf0cc053,1,success,quick,4,2,False,True,cuquantum_tensornet_gpu,off,0.014927865,0.172867,0.015990148,0.015990148,0.629314,13.989494,0.671282,,,,False,False
camp_0e9e80e16faae716,repeat_roi_v1,cell_cde66001530fc2ad,/home/ubuntu/quantum-workload-architecture/workloads/manifests/imported/real_ghz3_amplitude.yaml,wkl_e5f6794fb08543dd,plan_2dae0fd0d2695264,run_845e6949fe412a03,2,success,quick,4,2,False,True,cuquantum_tensornet_gpu,off,0.015138146,0.174156,0.016206758,0.016206758,0.629314,13.989494,0.671282,,,,False,False
camp_0e9e80e16faae716,repeat_roi_v1,cell_cec3f31ffc82d0d2,/home/ubuntu/quantum-workload-architecture/workloads/manifests/imported/real_grid_shape6_amplitude.yaml,wkl_d4fa6cd925641ea0,plan_f3077c859b6efe85,run_1096e896d925f658,0,success,balanced,16,2,False,False,cuquantum_tensornet_gpu,off,0.04037616,0.277908,0.04184458,0.04184458,0.61037,23.222474,0.958707,,,,False,False
camp_0e9e80e16faae716,repeat_roi_v1,cell_cec3f31ffc82d0d2,/home/ubuntu/quantum-workload-architecture/workloads/manifests/imported/real_grid_shape6_amplitude.yaml,wkl_d4fa6cd925641ea0,plan_f3077c859b6efe85,run_a61fd7860d50f848,1,success,balanced,16,2,False,False,cuquantum_tensornet_gpu,off,0.039872736,0.277002,0.041339142,0.041339142,0.61037,23.222474,0.958707,,,,False,False
camp_0e9e80e16faae716,repeat_roi_v1,cell_cec3f31ffc82d0d2,/home/ubuntu/quantum-workload-architecture/workloads/manifests/imported/real_grid_shape6_amplitude.yaml,wkl_d4fa6cd925641ea0,plan_f3077c859b6efe85,run_d7e538f1b3a14af4,2,success,balanced,16,2,False,False,cuquantum_tensornet_gpu,off,0.039939063,0.269678,0.041373047,0.041373047,0.61037,23.222474,0.958707,,,,False,False
camp_0e9e80e16faae716,repeat_roi_v1,cell_cf2799912e553e41,/home/ubuntu/quantum-workload-architecture/workloads/manifests/imported/real_dense_ring6_batched.yaml,wkl_977f16a92f06596a,plan_dff4d4225b7999fe,run_3856fdb7d97cdf6d,0,success,balanced,32,2,False,False,cuquantum_tensornet_gpu,off,0.037385971,0.264002,0.038771887,0.038771887,0.581735,18.617521,1.158878,,,,False,False
camp_0e9e80e16faae716,repeat_roi_v1,cell_cf2799912e553e41,/home/ubuntu/quantum-workload-architecture/workloads/manifests/imported/real_dense_ring6_batched.yaml,wkl_977f16a92f06596a,plan_dff4d4225b7999fe,run_9e3f8c6b6500db7c,1,success,balanced,32,2,False,False,cuquantum_tensornet_gpu,off,0.037621872,0.263794,0.038976698,0.038976698,0.581735,18.617521,1.158878,,,,False,False
camp_0e9e80e16faae716,repeat_roi_v1,cell_cf2799912e553e41,/home/ubuntu/quantum-workload-architecture/workloads/manifests/imported/real_dense_ring6_batched.yaml,wkl_977f16a92f06596a,plan_dff4d4225b7999fe,run_37315c3c1ecb0ba1,2,success,balanced,32,2,False,False,cuquantum_tensornet_gpu,off,0.037805136,0.268285,0.039263808,0.039263808,0.581735,18.617521,1.158878,,,,False,False
camp_0e9e80e16faae716,repeat_roi_v1,cell_cf3a47b03b8fc751,/home/ubuntu/quantum-workload-architecture/workloads/manifests/imported/real_grid_shape6_amplitude.yaml,wkl_d4fa6cd925641ea0,plan_d8f7d56b903a36ec,run_1b29206146cabf63,0,success,quick,16,2,True,False,cuquantum_tensornet_gpu,off,0.045624208,0.279417,0.047060252,0.047060252,0.61037,23.222474,0.958707,,,,False,False
camp_0e9e80e16faae716,repeat_roi_v1,cell_cf3a47b03b8fc751,/home/ubuntu/quantum-workload-architecture/workloads/manifests/imported/real_grid_shape6_amplitude.yaml,wkl_d4fa6cd925641ea0,plan_d8f7d56b903a36ec,run_40180b3254e5ff07,1,success,quick,16,2,True,False,cuquantum_tensornet_gpu,off,0.045821897,0.282633,0.047373355,0.047373355,0.61037,23.222474,0.958707,,,,False,False
camp_0e9e80e16faae716,repeat_roi_v1,cell_cf3a47b03b8fc751,/home/ubuntu/quantum-workload-architecture/workloads/manifests/imported/real_grid_shape6_amplitude.yaml,wkl_d4fa6cd925641ea0,plan_d8f7d56b903a36ec,run_7e44e11e3d9ede22,2,success,quick,16,2,True,False,cuquantum_tensornet_gpu,off,0.045530883,0.297411,0.04703505,0.04703505,0.61037,23.222474,0.958707,,,,False,False
camp_0e9e80e16faae716,repeat_roi_v1,cell_cfd304c91d54d509,/home/ubuntu/quantum-workload-architecture/workloads/manifests/imported/real_qaoa_ring4_batched.yaml,wkl_864119d61a67efe5,plan_f220cd5f23f1c0d3,run_e1e3f9ebcb4ea583,0,success,quick,16,2,False,True,cuquantum_tensornet_gpu,off,0.039289772,0.252858,0.0407012,0.0407012,0.590691,19.410898,0.881854,,,,False,False
camp_0e9e80e16faae716,repeat_roi_v1,cell_cfd304c91d54d509,/home/ubuntu/quantum-workload-architecture/workloads/manifests/imported/real_qaoa_ring4_batched.yaml,wkl_864119d61a67efe5,plan_f220cd5f23f1c0d3,run_1177ce6a1f189143,1,success,quick,16,2,False,True,cuquantum_tensornet_gpu,off,0.03950414,0.253696,0.040920196,0.040920196,0.590691,19.410898,0.881854,,,,False,False
camp_0e9e80e16faae716,repeat_roi_v1,cell_cfd304c91d54d509,/home/ubuntu/quantum-workload-architecture/workloads/manifests/imported/real_qaoa_ring4_batched.yaml,wkl_864119d61a67efe5,plan_f220cd5f23f1c0d3,run_08d903d7864b9013,2,success,quick,16,2,False,True,cuquantum_tensornet_gpu,off,0.039766816,0.255225,0.041151983,0.041151983,0.590691,19.410898,0.881854,,,,False,False
camp_0e9e80e16faae716,repeat_roi_v1,cell_d076b5398e356da5,/home/ubuntu/quantum-workload-architecture/workloads/manifests/imported/real_ghz3_amplitude.yaml,wkl_bb51d1ce54ae0af7,plan_a9d049d3d04dd793,run_484bedaee60c00a8,0,success,deep,2,2,True,True,cuquantum_tensornet_gpu,off,0.014152819,0.143514,0.01503465,0.01503465,1.07912,12.823703,1.091944,,,,False,False
camp_0e9e80e16faae716,repeat_roi_v1,cell_d076b5398e356da5,/home/ubuntu/quantum-workload-architecture/workloads/manifests/imported/real_ghz3_amplitude.yaml,wkl_bb51d1ce54ae0af7,plan_a9d049d3d04dd793,run_31993d8eb4b74ff4,1,success,deep,2,2,True,True,cuquantum_tensornet_gpu,off,0.014738251,0.148602,0.01562592,0.01562592,1.07912,12.823703,1.091944,,,,False,False
camp_0e9e80e16faae716,repeat_roi_v1,cell_d076b5398e356da5,/home/ubuntu/quantum-workload-architecture/workloads/manifests/imported/real_ghz3_amplitude.yaml,wkl_bb51d1ce54ae0af7,plan_a9d049d3d04dd793,run_66b5003fba4a1063,2,success,deep,2,2,True,True,cuquantum_tensornet_gpu,off,0.014353786,0.144332,0.015271196,0.015271196,1.07912,12.823703,1.091944,,,,False,False
camp_0e9e80e16faae716,repeat_roi_v1,cell_d0db9d46bc0669b1,/home/ubuntu/quantum-workload-architecture/workloads/manifests/imported/real_dense_ring6_batched.yaml,wkl_977f16a92f06596a,plan_0c1b27c6780b5aa1,run_47f4b88579cfe860,0,success,balanced,32,2,True,True,cuquantum_tensornet_gpu,off,0.042999756,0.254312,0.044333793,0.044333793,0.581735,18.617521,1.158878,,,,False,False
camp_0e9e80e16faae716,repeat_roi_v1,cell_d0db9d46bc0669b1,/home/ubuntu/quantum-workload-architecture/workloads/manifests/imported/real_dense_ring6_batched.yaml,wkl_977f16a92f06596a,plan_0c1b27c6780b5aa1,run_90b29bb75c04ef0e,1,success,balanced,32,2,True,True,cuquantum_tensornet_gpu,off,0.04206404,0.265943,0.043507751,0.043507751,0.581735,18.617521,1.158878,,,,False,False
camp_0e9e80e16faae716,repeat_roi_v1,cell_d0db9d46bc0669b1,/home/ubuntu/quantum-workload-architecture/workloads/manifests/imported/real_dense_ring6_batched.yaml,wkl_977f16a92f06596a,plan_0c1b27c6780b5aa1,run_2c406bea7fcbd750,2,success,balanced,32,2,True,True,cuquantum_tensornet_gpu,off,0.042148155,0.264952,0.043543375,0.043543375,0.581735,18.617521,1.158878,,,,False,False
camp_0e9e80e16faae716,repeat_roi_v1,cell_d2357656ff5f0038,/home/ubuntu/quantum-workload-architecture/workloads/manifests/imported/real_dense_ring6_batched.yaml,wkl_31ef8810e7d2c00b,plan_b3ee21ffdaa183b9,run_f88fa794c86c492d,0,success,quick,1,2,True,False,cuquantum_tensornet_gpu,off,0.042049804,0.261242,0.0434263,0.0434263,0.671107,17.87282,0.671107,,,,False,False
camp_0e9e80e16faae716,repeat_roi_v1,cell_d2357656ff5f0038,/home/ubuntu/quantum-workload-architecture/workloads/manifests/imported/real_dense_ring6_batched.yaml,wkl_31ef8810e7d2c00b,plan_b3ee21ffdaa183b9,run_d324aaf5cac1816c,1,success,quick,1,2,True,False,cuquantum_tensornet_gpu,off,0.042427516,0.263498,0.043800934,0.043800934,0.671107,17.87282,0.671107,,,,False,False
camp_0e9e80e16faae716,repeat_roi_v1,cell_d2357656ff5f0038,/home/ubuntu/quantum-workload-architecture/workloads/manifests/imported/real_dense_ring6_batched.yaml,wkl_31ef8810e7d2c00b,plan_b3ee21ffdaa183b9,run_647242f1201fee40,2,success,quick,1,2,True,False,cuquantum_tensornet_gpu,off,0.042149284,0.261694,0.043491989,0.043491989,0.671107,17.87282,0.671107,,,,False,False
camp_0e9e80e16faae716,repeat_roi_v1,cell_d238084c51968d3b,/home/ubuntu/quantum-workload-architecture/workloads/manifests/imported/real_dense_ring6_amplitude.yaml,wkl_95071f3280d5f7eb,plan_33f47494abfbffa4,run_2ad9ab9cde36a2f6,0,success,deep,1,2,True,False,cuquantum_tensornet_gpu,off,0.044954489,0.284755,0.046504873,0.046504873,1.322506,19.805586,1.322506,,,,False,False
camp_0e9e80e16faae716,repeat_roi_v1,cell_d238084c51968d3b,/home/ubuntu/quantum-workload-architecture/workloads/manifests/imported/real_dense_ring6_amplitude.yaml,wkl_95071f3280d5f7eb,plan_33f47494abfbffa4,run_acfc74509a5ba3a6,1,success,deep,1,2,True,False,cuquantum_tensornet_gpu,off,0.043363693,0.283747,0.044832505,0.044832505,1.322506,19.805586,1.322506,,,,False,False
camp_0e9e80e16faae716,repeat_roi_v1,cell_d238084c51968d3b,/home/ubuntu/quantum-workload-architecture/workloads/manifests/imported/real_dense_ring6_amplitude.yaml,wkl_95071f3280d5f7eb,plan_33f47494abfbffa4,run_01959cf172c943ef,2,success,deep,1,2,True,False,cuquantum_tensornet_gpu,off,0.043186147,0.284002,0.044684634,0.044684634,1.322506,19.805586,1.322506,,,,False,False
camp_0e9e80e16faae716,repeat_roi_v1,cell_d36de79d38329489,/home/ubuntu/quantum-workload-architecture/workloads/manifests/imported/real_ghz3_amplitude.yaml,wkl_34730574a768505b,plan_6ca20b1522a86cad,run_442394be53709bd7,0,success,balanced,8,2,False,False,cuquantum_tensornet_gpu,off,0.012388849,0.138049,0.013289772,0.013289772,0.554734,14.57239,0.656741,,,,False,False
camp_0e9e80e16faae716,repeat_roi_v1,cell_d36de79d38329489,/home/ubuntu/quantum-workload-architecture/workloads/manifests/imported/real_ghz3_amplitude.yaml,wkl_34730574a768505b,plan_6ca20b1522a86cad,run_f2b4486801a7724b,1,success,balanced,8,2,False,False,cuquantum_tensornet_gpu,off,0.012714913,0.160003,0.013670615,0.013670615,0.554734,14.57239,0.656741,,,,False,False
camp_0e9e80e16faae716,repeat_roi_v1,cell_d36de79d38329489,/home/ubuntu/quantum-workload-architecture/workloads/manifests/imported/real_ghz3_amplitude.yaml,wkl_34730574a768505b,plan_6ca20b1522a86cad,run_74a0e274b67924d8,2,success,balanced,8,2,False,False,cuquantum_tensornet_gpu,off,0.012424354,0.135564,0.01331196,0.01331196,0.554734,14.57239,0.656741,,,,False,False
camp_0e9e80e16faae716,repeat_roi_v1,cell_d42b90bc8de20fb7,/home/ubuntu/quantum-workload-architecture/workloads/manifests/imported/real_grid_shape6_amplitude.yaml,wkl_d4fa6cd925641ea0,plan_9f36d6cec0754df6,run_42b0bae0500ef63f,0,success,balanced,16,2,True,True,cuquantum_tensornet_gpu,off,0.045139465,0.26978,0.046539794,0.046539794,0.61037,23.222474,0.958707,,,,False,False
camp_0e9e80e16faae716,repeat_roi_v1,cell_d42b90bc8de20fb7,/home/ubuntu/quantum-workload-architecture/workloads/manifests/imported/real_grid_shape6_amplitude.yaml,wkl_d4fa6cd925641ea0,plan_9f36d6cec0754df6,run_c7b55576c349b51d,1,success,balanced,16,2,True,True,cuquantum_tensornet_gpu,off,0.045276567,0.278309,0.046747343,0.046747343,0.61037,23.222474,0.958707,,,,False,False
camp_0e9e80e16faae716,repeat_roi_v1,cell_d42b90bc8de20fb7,/home/ubuntu/quantum-workload-architecture/workloads/manifests/imported/real_grid_shape6_amplitude.yaml,wkl_d4fa6cd925641ea0,plan_9f36d6cec0754df6,run_5bfc30e105045276,2,success,balanced,16,2,True,True,cuquantum_tensornet_gpu,off,0.044984727,0.273749,0.04640495,0.04640495,0.61037,23.222474,0.958707,,,,False,False
camp_0e9e80e16faae716,repeat_roi_v1,cell_d53037d5d1b0f41a,/home/ubuntu/quantum-workload-architecture/workloads/manifests/imported/real_qaoa_ring4_batched.yaml,wkl_b169adc6c553a708,plan_45de543235943b3a,run_8d2d273ee000ca9d,0,success,balanced,1,2,False,True,cuquantum_tensornet_gpu,off,0.038560455,0.252969,0.039986654,0.039986654,0.68286,18.634462,0.68286,,,,False,False
camp_0e9e80e16faae716,repeat_roi_v1,cell_d53037d5d1b0f41a,/home/ubuntu/quantum-workload-architecture/workloads/manifests/imported/real_qaoa_ring4_batched.yaml,wkl_b169adc6c553a708,plan_45de543235943b3a,run_c0e28ad8902d6dbd,1,success,balanced,1,2,False,True,cuquantum_tensornet_gpu,off,0.038641686,0.249995,0.040033103,0.040033103,0.68286,18.634462,0.68286,,,,False,False
camp_0e9e80e16faae716,repeat_roi_v1,cell_d53037d5d1b0f41a,/home/ubuntu/quantum-workload-architecture/workloads/manifests/imported/real_qaoa_ring4_batched.yaml,wkl_b169adc6c553a708,plan_45de543235943b3a,run_5a9f9055a78d7092,2,success,balanced,1,2,False,True,cuquantum_tensornet_gpu,off,0.038596322,0.250329,0.039968458,0.039968458,0.68286,18.634462,0.68286,,,,False,False
camp_0e9e80e16faae716,repeat_roi_v1,cell_d5fb0a4fad10a1b4,/home/ubuntu/quantum-workload-architecture/workloads/manifests/imported/real_grid_shape6_amplitude.yaml,wkl_75d3c6900c0116f4,plan_32ecfd3bf4b3be3f,run_39d21d54782e6f3a,0,success,quick,1,2,True,True,cuquantum_tensornet_gpu,off,0.046179475,0.294153,0.047668258,0.047668258,0.715588,22.293575,0.715588,,,,False,False
camp_0e9e80e16faae716,repeat_roi_v1,cell_d5fb0a4fad10a1b4,/home/ubuntu/quantum-workload-architecture/workloads/manifests/imported/real_grid_shape6_amplitude.yaml,wkl_75d3c6900c0116f4,plan_32ecfd3bf4b3be3f,run_92172e3913dc03d2,1,success,quick,1,2,True,True,cuquantum_tensornet_gpu,off,0.045757098,0.284266,0.047281731,0.047281731,0.715588,22.293575,0.715588,,,,False,False
camp_0e9e80e16faae716,repeat_roi_v1,cell_d5fb0a4fad10a1b4,/home/ubuntu/quantum-workload-architecture/workloads/manifests/imported/real_grid_shape6_amplitude.yaml,wkl_75d3c6900c0116f4,plan_32ecfd3bf4b3be3f,run_0b7c80e3da8a2b09,2,success,quick,1,2,True,True,cuquantum_tensornet_gpu,off,0.045179636,0.272356,0.046637102,0.046637102,0.715588,22.293575,0.715588,,,,False,False
camp_0e9e80e16faae716,repeat_roi_v1,cell_d611ef9c271caaf6,/home/ubuntu/quantum-workload-architecture/workloads/manifests/imported/real_qaoa_ring4_batched.yaml,wkl_ba3875dd3ccf7480,plan_3cf4a09273f36e0c,run_c5302d929bad0068,0,success,quick,32,2,True,False,cuquantum_tensornet_gpu,off,0.043406777,0.262633,0.044775365,0.044775365,0.590691,19.410898,1.192429,,,,False,False
camp_0e9e80e16faae716,repeat_roi_v1,cell_d611ef9c271caaf6,/home/ubuntu/quantum-workload-architecture/workloads/manifests/imported/real_qaoa_ring4_batched.yaml,wkl_ba3875dd3ccf7480,plan_3cf4a09273f36e0c,run_b35fde04bb431fb1,1,success,quick,32,2,True,False,cuquantum_tensornet_gpu,off,0.043291269,0.253671,0.044613304,0.044613304,0.590691,19.410898,1.192429,,,,False,False
camp_0e9e80e16faae716,repeat_roi_v1,cell_d611ef9c271caaf6,/home/ubuntu/quantum-workload-architecture/workloads/manifests/imported/real_qaoa_ring4_batched.yaml,wkl_ba3875dd3ccf7480,plan_3cf4a09273f36e0c,run_86851f5642d4514e,2,success,quick,32,2,True,False,cuquantum_tensornet_gpu,off,0.04293402,0.24866,0.044289452,0.044289452,0.590691,19.410898,1.192429,,,,False,False
camp_0e9e80e16faae716,repeat_roi_v1,cell_d6e54eb297592f01,/home/ubuntu/quantum-workload-architecture/workloads/manifests/imported/real_dense_ring6_batched.yaml,wkl_84140faee381a579,plan_bb0c78bc63702c9d,run_c3e3cd2671f5df8e,0,success,balanced,2,2,False,True,cuquantum_tensornet_gpu,off,0.037536165,0.258031,0.038909716,0.038909716,0.671107,17.87282,0.68898,,,,False,False
camp_0e9e80e16faae716,repeat_roi_v1,cell_d6e54eb297592f01,/home/ubuntu/quantum-workload-architecture/workloads/manifests/imported/real_dense_ring6_batched.yaml,wkl_84140faee381a579,plan_bb0c78bc63702c9d,run_c1b5a30d173da088,1,success,balanced,2,2,False,True,cuquantum_tensornet_gpu,off,0.036567879,0.253922,0.037880928,0.037880928,0.671107,17.87282,0.68898,,,,False,False
camp_0e9e80e16faae716,repeat_roi_v1,cell_d6e54eb297592f01,/home/ubuntu/quantum-workload-architecture/workloads/manifests/imported/real_dense_ring6_batched.yaml,wkl_84140faee381a579,plan_bb0c78bc63702c9d,run_96d075d90932008e,2,success,balanced,2,2,False,True,cuquantum_tensornet_gpu,off,0.035617097,0.245115,0.036833292,0.036833292,0.671107,17.87282,0.68898,,,,False,False
camp_0e9e80e16faae716,repeat_roi_v1,cell_d6ee3526119c36bc,/home/ubuntu/quantum-workload-architecture/workloads/manifests/imported/real_ghz3_amplitude.yaml,wkl_d79599df853f9a2e,plan_b9813555029a4cf6,run_5f8aa6baabb9b904,0,success,balanced,16,2,True,True,cuquantum_tensornet_gpu,off,0.014197737,0.142245,0.015114949,0.015114949,0.554734,14.57239,0.77332,,,,False,False
camp_0e9e80e16faae716,repeat_roi_v1,cell_d6ee3526119c36bc,/home/ubuntu/quantum-workload-architecture/workloads/manifests/imported/real_ghz3_amplitude.yaml,wkl_d79599df853f9a2e,plan_b9813555029a4cf6,run_ec513933325a1f97,1,success,balanced,16,2,True,True,cuquantum_tensornet_gpu,off,0.014078209,0.142659,0.014954641,0.014954641,0.554734,14.57239,0.77332,,,,False,False
camp_0e9e80e16faae716,repeat_roi_v1,cell_d6ee3526119c36bc,/home/ubuntu/quantum-workload-architecture/workloads/manifests/imported/real_ghz3_amplitude.yaml,wkl_d79599df853f9a2e,plan_b9813555029a4cf6,run_1f67829fce2a62f0,2,success,balanced,16,2,True,True,cuquantum_tensornet_gpu,off,0.014373397,0.145977,0.015306697,0.015306697,0.554734,14.57239,0.77332,,,,False,False
camp_0e9e80e16faae716,repeat_roi_v1,cell_d72aac139fc0e7e4,/home/ubuntu/quantum-workload-architecture/workloads/manifests/imported/real_dense_ring6_amplitude.yaml,wkl_95071f3280d5f7eb,plan_02467f9c7d7494a1,run_ae70e2b55f256394,0,success,deep,1,2,True,True,cuquantum_tensornet_gpu,off,0.044503366,0.277647,0.04601938,0.04601938,1.322506,19.805586,1.322506,,,,False,False
camp_0e9e80e16faae716,repeat_roi_v1,cell_d72aac139fc0e7e4,/home/ubuntu/quantum-workload-architecture/workloads/manifests/imported/real_dense_ring6_amplitude.yaml,wkl_95071f3280d5f7eb,plan_02467f9c7d7494a1,run_256ec69fff0a9aa3,1,success,deep,1,2,True,True,cuquantum_tensornet_gpu,off,0.044168853,0.274569,0.045627636,0.045627636,1.322506,19.805586,1.322506,,,,False,False
camp_0e9e80e16faae716,repeat_roi_v1,cell_d72aac139fc0e7e4,/home/ubuntu/quantum-workload-architecture/workloads/manifests/imported/real_dense_ring6_amplitude.yaml,wkl_95071f3280d5f7eb,plan_02467f9c7d7494a1,run_91797419e20b87f6,2,success,deep,1,2,True,True,cuquantum_tensornet_gpu,off,0.044336021,0.289229,0.045879651,0.045879651,1.322506,19.805586,1.322506,,,,False,False
camp_0e9e80e16faae716,repeat_roi_v1,cell_d839383d9d949434,/home/ubuntu/quantum-workload-architecture/workloads/manifests/imported/real_qaoa_ring4_batched.yaml,wkl_864119d61a67efe5,plan_22b2ed92d0428375,run_dd0f0454b3bb6d8b,0,success,quick,16,2,True,False,cuquantum_tensornet_gpu,off,0.042693313,0.25581,0.044028899,0.044028899,0.590691,19.410898,0.881854,,,,False,False
camp_0e9e80e16faae716,repeat_roi_v1,cell_d839383d9d949434,/home/ubuntu/quantum-workload-architecture/workloads/manifests/imported/real_qaoa_ring4_batched.yaml,wkl_864119d61a67efe5,plan_22b2ed92d0428375,run_0788a172f5e5a120,1,success,quick,16,2,True,False,cuquantum_tensornet_gpu,off,0.04456514,0.256399,0.045981394,0.045981394,0.590691,19.410898,0.881854,,,,False,False
camp_0e9e80e16faae716,repeat_roi_v1,cell_d839383d9d949434,/home/ubuntu/quantum-workload-architecture/workloads/manifests/imported/real_qaoa_ring4_batched.yaml,wkl_864119d61a67efe5,plan_22b2ed92d0428375,run_704a4a42ab31a03f,2,success,quick,16,2,True,False,cuquantum_tensornet_gpu,off,0.043930048,0.26105,0.045348269,0.045348269,0.590691,19.410898,0.881854,,,,False,False
camp_0e9e80e16faae716,repeat_roi_v1,cell_d8befb98670b1b50,/home/ubuntu/quantum-workload-architecture/workloads/manifests/imported/real_grid_shape6_amplitude.yaml,wkl_d4fa6cd925641ea0,plan_a5f709de8774df8c,run_4fca015440c910e5,0,success,quick,16,2,True,True,cuquantum_tensornet_gpu,off,0.045428756,0.282779,0.046930058,0.046930058,0.61037,23.222474,0.958707,,,,False,False
camp_0e9e80e16faae716,repeat_roi_v1,cell_d8befb98670b1b50,/home/ubuntu/quantum-workload-architecture/workloads/manifests/imported/real_grid_shape6_amplitude.yaml,wkl_d4fa6cd925641ea0,plan_a5f709de8774df8c,run_2d40461b34b35c5e,1,success,quick,16,2,True,True,cuquantum_tensornet_gpu,off,0.045013679,0.272185,0.046460155,0.046460155,0.61037,23.222474,0.958707,,,,False,False
camp_0e9e80e16faae716,repeat_roi_v1,cell_d8befb98670b1b50,/home/ubuntu/quantum-workload-architecture/workloads/manifests/imported/real_grid_shape6_amplitude.yaml,wkl_d4fa6cd925641ea0,plan_a5f709de8774df8c,run_e22a64ae71f41161,2,success,quick,16,2,True,True,cuquantum_tensornet_gpu,off,0.06154261,0.699053,0.063871882,0.063871882,0.61037,23.222474,0.958707,,,,False,False
camp_0e9e80e16faae716,repeat_roi_v1,cell_dc79e863c44dab97,/home/ubuntu/quantum-workload-architecture/workloads/manifests/imported/real_ghz3_amplitude.yaml,wkl_aba637ae8beeb019,plan_092a013dc3c3a550,run_c6e82cfb1ba578d3,0,success,quick,32,2,False,False,cuquantum_tensornet_gpu,off,0.014824459,0.164909,0.015866067,0.015866067,0.554734,14.57239,1.006478,,,,False,False
camp_0e9e80e16faae716,repeat_roi_v1,cell_dc79e863c44dab97,/home/ubuntu/quantum-workload-architecture/workloads/manifests/imported/real_ghz3_amplitude.yaml,wkl_aba637ae8beeb019,plan_092a013dc3c3a550,run_291f26525db4ac08,1,success,quick,32,2,False,False,cuquantum_tensornet_gpu,off,0.015040273,0.16878,0.016175289,0.016175289,0.554734,14.57239,1.006478,,,,False,False
camp_0e9e80e16faae716,repeat_roi_v1,cell_dc79e863c44dab97,/home/ubuntu/quantum-workload-architecture/workloads/manifests/imported/real_ghz3_amplitude.yaml,wkl_aba637ae8beeb019,plan_092a013dc3c3a550,run_8406c5c1370fdd66,2,success,quick,32,2,False,False,cuquantum_tensornet_gpu,off,0.014880856,0.163826,0.015952542,0.015952542,0.554734,14.57239,1.006478,,,,False,False
camp_0e9e80e16faae716,repeat_roi_v1,cell_dd91a3f81b8c33ff,/home/ubuntu/quantum-workload-architecture/workloads/manifests/imported/real_qaoa_ring4_batched.yaml,wkl_864119d61a67efe5,plan_a7102fb2d3670988,run_22e93ed149f0512f,0,success,balanced,16,2,True,True,cuquantum_tensornet_gpu,off,0.043899564,0.25613,0.045319854,0.045319854,0.590691,19.410898,0.881854,,,,False,False
camp_0e9e80e16faae716,repeat_roi_v1,cell_dd91a3f81b8c33ff,/home/ubuntu/quantum-workload-architecture/workloads/manifests/imported/real_qaoa_ring4_batched.yaml,wkl_864119d61a67efe5,plan_a7102fb2d3670988,run_dd25d909df111447,1,success,balanced,16,2,True,True,cuquantum_tensornet_gpu,off,0.043479645,0.257095,0.044883947,0.044883947,0.590691,19.410898,0.881854,,,,False,False
camp_0e9e80e16faae716,repeat_roi_v1,cell_dd91a3f81b8c33ff,/home/ubuntu/quantum-workload-architecture/workloads/manifests/imported/real_qaoa_ring4_batched.yaml,wkl_864119d61a67efe5,plan_a7102fb2d3670988,run_e39b34323e6550bc,2,success,balanced,16,2,True,True,cuquantum_tensornet_gpu,off,0.043695218,0.249051,0.045042505,0.045042505,0.590691,19.410898,0.881854,,,,False,False
camp_0e9e80e16faae716,repeat_roi_v1,cell_ddad439026b139e1,/home/ubuntu/quantum-workload-architecture/workloads/manifests/imported/real_qaoa_ring4_batched.yaml,wkl_864119d61a67efe5,plan_ced59ed9138b7261,run_f11e4bbf0d024996,0,success,quick,16,2,False,False,cuquantum_tensornet_gpu,off,0.041661335,0.259143,0.043046955,0.043046955,0.590691,19.410898,0.881854,,,,False,False
camp_0e9e80e16faae716,repeat_roi_v1,cell_ddad439026b139e1,/home/ubuntu/quantum-workload-architecture/workloads/manifests/imported/real_qaoa_ring4_batched.yaml,wkl_864119d61a67efe5,plan_ced59ed9138b7261,run_8b0be1617dcdc16a,1,success,quick,16,2,False,False,cuquantum_tensornet_gpu,off,0.039129964,0.24648,0.040474032,0.040474032,0.590691,19.410898,0.881854,,,,False,False
camp_0e9e80e16faae716,repeat_roi_v1,cell_ddad439026b139e1,/home/ubuntu/quantum-workload-architecture/workloads/manifests/imported/real_qaoa_ring4_batched.yaml,wkl_864119d61a67efe5,plan_ced59ed9138b7261,run_8af41361c5709eed,2,success,quick,16,2,False,False,cuquantum_tensornet_gpu,off,0.039500712,0.254567,0.040853999,0.040853999,0.590691,19.410898,0.881854,,,,False,False
camp_0e9e80e16faae716,repeat_roi_v1,cell_dea692eb6cb3b7af,/home/ubuntu/quantum-workload-architecture/workloads/manifests/imported/real_dense_ring6_batched.yaml,wkl_31ef8810e7d2c00b,plan_eaa9d1cf740fe932,run_fb5a50c0cafe19b2,0,success,balanced,1,2,False,True,cuquantum_tensornet_gpu,off,0.037474585,0.2488,0.038833007,0.038833007,0.671107,17.87282,0.671107,,,,False,False
camp_0e9e80e16faae716,repeat_roi_v1,cell_dea692eb6cb3b7af,/home/ubuntu/quantum-workload-architecture/workloads/manifests/imported/real_dense_ring6_batched.yaml,wkl_31ef8810e7d2c00b,plan_eaa9d1cf740fe932,run_6c3c1bdece9c5047,1,success,balanced,1,2,False,True,cuquantum_tensornet_gpu,off,0.037796265,0.254582,0.039184311,0.039184311,0.671107,17.87282,0.671107,,,,False,False
camp_0e9e80e16faae716,repeat_roi_v1,cell_dea692eb6cb3b7af,/home/ubuntu/quantum-workload-architecture/workloads/manifests/imported/real_dense_ring6_batched.yaml,wkl_31ef8810e7d2c00b,plan_eaa9d1cf740fe932,run_19cdb5fdcf45e01f,2,success,balanced,1,2,False,True,cuquantum_tensornet_gpu,off,0.037584966,0.261028,0.03896642,0.03896642,0.671107,17.87282,0.671107,,,,False,False
camp_0e9e80e16faae716,repeat_roi_v1,cell_dede0ec951322f94,/home/ubuntu/quantum-workload-architecture/workloads/manifests/imported/real_ghz3_amplitude.yaml,wkl_34730574a768505b,plan_9e668051dcf29a18,run_8fc65e871cfcfa16,0,success,quick,8,2,True,True,cuquantum_tensornet_gpu,off,0.014263232,0.155164,0.015210781,0.015210781,0.554734,14.57239,0.656741,,,,False,False
camp_0e9e80e16faae716,repeat_roi_v1,cell_dede0ec951322f94,/home/ubuntu/quantum-workload-architecture/workloads/manifests/imported/real_ghz3_amplitude.yaml,wkl_34730574a768505b,plan_9e668051dcf29a18,run_2617187cfe9e027b,1,success,quick,8,2,True,True,cuquantum_tensornet_gpu,off,0.014628272,0.148692,0.015564291,0.015564291,0.554734,14.57239,0.656741,,,,False,False
camp_0e9e80e16faae716,repeat_roi_v1,cell_dede0ec951322f94,/home/ubuntu/quantum-workload-architecture/workloads/manifests/imported/real_ghz3_amplitude.yaml,wkl_34730574a768505b,plan_9e668051dcf29a18,run_b5ceb089ebde0e27,2,success,quick,8,2,True,True,cuquantum_tensornet_gpu,off,0.014313594,0.140495,0.015198475,0.015198475,0.554734,14.57239,0.656741,,,,False,False
camp_0e9e80e16faae716,repeat_roi_v1,cell_df2277b32ec44ce1,/home/ubuntu/quantum-workload-architecture/workloads/manifests/imported/real_qaoa_ring4_batched.yaml,wkl_52d115b5fe51fc4f,plan_9b2e8127e9b1fb48,run_68b499121df2332f,0,success,balanced,2,2,False,False,cuquantum_tensornet_gpu,off,0.038844988,0.249837,0.040236363,0.040236363,0.68286,18.634462,0.701494,,,,False,False
camp_0e9e80e16faae716,repeat_roi_v1,cell_df2277b32ec44ce1,/home/ubuntu/quantum-workload-architecture/workloads/manifests/imported/real_qaoa_ring4_batched.yaml,wkl_52d115b5fe51fc4f,plan_9b2e8127e9b1fb48,run_fd5f55ff186db321,1,success,balanced,2,2,False,False,cuquantum_tensornet_gpu,off,0.038948037,0.248728,0.040321637,0.040321637,0.68286,18.634462,0.701494,,,,False,False
camp_0e9e80e16faae716,repeat_roi_v1,cell_df2277b32ec44ce1,/home/ubuntu/quantum-workload-architecture/workloads/manifests/imported/real_qaoa_ring4_batched.yaml,wkl_52d115b5fe51fc4f,plan_9b2e8127e9b1fb48,run_9bcadd96211399d4,2,success,balanced,2,2,False,False,cuquantum_tensornet_gpu,off,0.038645992,0.252516,0.040014921,0.040014921,0.68286,18.634462,0.701494,,,,False,False
camp_0e9e80e16faae716,repeat_roi_v1,cell_e0e6280d7ea8a0f5,/home/ubuntu/quantum-workload-architecture/workloads/manifests/imported/real_dense_ring6_batched.yaml,wkl_31ef8810e7d2c00b,plan_28c367e3ad25e7f2,run_83ce12ff3fd81695,0,success,balanced,1,2,True,True,cuquantum_tensornet_gpu,off,0.04186983,0.26345,0.043222408,0.043222408,0.671107,17.87282,0.671107,,,,False,False
camp_0e9e80e16faae716,repeat_roi_v1,cell_e0e6280d7ea8a0f5,/home/ubuntu/quantum-workload-architecture/workloads/manifests/imported/real_dense_ring6_batched.yaml,wkl_31ef8810e7d2c00b,plan_28c367e3ad25e7f2,run_27c08011c5e2d3eb,1,success,balanced,1,2,True,True,cuquantum_tensornet_gpu,off,0.041895077,0.261965,0.043268979,0.043268979,0.671107,17.87282,0.671107,,,,False,False
camp_0e9e80e16faae716,repeat_roi_v1,cell_e0e6280d7ea8a0f5,/home/ubuntu/quantum-workload-architecture/workloads/manifests/imported/real_dense_ring6_batched.yaml,wkl_31ef8810e7d2c00b,plan_28c367e3ad25e7f2,run_aa01dcedac702572,2,success,balanced,1,2,True,True,cuquantum_tensornet_gpu,off,0.04165596,0.25557,0.042995665,0.042995665,0.671107,17.87282,0.671107,,,,False,False
camp_0e9e80e16faae716,repeat_roi_v1,cell_e13e7336177f6447,/home/ubuntu/quantum-workload-architecture/workloads/manifests/imported/real_grid_shape6_amplitude.yaml,wkl_75d3c6900c0116f4,plan_e408fe257bb5175e,run_c621b37b1f561438,0,success,quick,1,2,False,False,cuquantum_tensornet_gpu,off,0.040391048,0.272823,0.041851642,0.041851642,0.715588,22.293575,0.715588,,,,False,False
camp_0e9e80e16faae716,repeat_roi_v1,cell_e13e7336177f6447,/home/ubuntu/quantum-workload-architecture/workloads/manifests/imported/real_grid_shape6_amplitude.yaml,wkl_75d3c6900c0116f4,plan_e408fe257bb5175e,run_3ec70da109de7552,1,success,quick,1,2,False,False,cuquantum_tensornet_gpu,off,0.039778077,0.29003,0.041257414,0.041257414,0.715588,22.293575,0.715588,,,,False,False
camp_0e9e80e16faae716,repeat_roi_v1,cell_e13e7336177f6447,/home/ubuntu/quantum-workload-architecture/workloads/manifests/imported/real_grid_shape6_amplitude.yaml,wkl_75d3c6900c0116f4,plan_e408fe257bb5175e,run_5635ca12341288ff,2,success,quick,1,2,False,False,cuquantum_tensornet_gpu,off,0.039922915,0.279818,0.041447291,0.041447291,0.715588,22.293575,0.715588,,,,False,False
camp_0e9e80e16faae716,repeat_roi_v1,cell_e2052891d67c1554,/home/ubuntu/quantum-workload-architecture/workloads/manifests/imported/real_grid_shape6_amplitude.yaml,wkl_fc0e5b8c90c09068,plan_d47d28d7151c0d60,run_c1ec62bd8ece14e2,0,success,deep,8,2,True,True,cuquantum_tensornet_gpu,off,0.045270153,0.282861,0.046826584,0.046826584,1.53861,15.081604,1.644181,,,,False,False
camp_0e9e80e16faae716,repeat_roi_v1,cell_e2052891d67c1554,/home/ubuntu/quantum-workload-architecture/workloads/manifests/imported/real_grid_shape6_amplitude.yaml,wkl_fc0e5b8c90c09068,plan_d47d28d7151c0d60,run_ebf4ed73c48086b5,1,success,deep,8,2,True,True,cuquantum_tensornet_gpu,off,0.046843427,0.286217,0.048293156,0.048293156,1.53861,15.081604,1.644181,,,,False,False
camp_0e9e80e16faae716,repeat_roi_v1,cell_e2052891d67c1554,/home/ubuntu/quantum-workload-architecture/workloads/manifests/imported/real_grid_shape6_amplitude.yaml,wkl_fc0e5b8c90c09068,plan_d47d28d7151c0d60,run_56658966999e4379,2,success,deep,8,2,True,True,cuquantum_tensornet_gpu,off,0.046437903,0.27394,0.047915969,0.047915969,1.53861,15.081604,1.644181,,,,False,False
camp_0e9e80e16faae716,repeat_roi_v1,cell_e2ec6b084739f6f9,/home/ubuntu/quantum-workload-architecture/workloads/manifests/imported/real_dense_ring6_amplitude.yaml,wkl_97d47d38f2d87b66,plan_f2dbc6d701e85c88,run_9d32a92e3089be83,0,success,balanced,16,2,False,False,cuquantum_tensornet_gpu,off,0.039292965,0.275597,0.040813378,0.040813378,0.599219,22.506348,0.936814,,,,False,False
camp_0e9e80e16faae716,repeat_roi_v1,cell_e2ec6b084739f6f9,/home/ubuntu/quantum-workload-architecture/workloads/manifests/imported/real_dense_ring6_amplitude.yaml,wkl_97d47d38f2d87b66,plan_f2dbc6d701e85c88,run_413f1a5e60325000,1,success,balanced,16,2,False,False,cuquantum_tensornet_gpu,off,0.038788398,0.274166,0.0402277,0.0402277,0.599219,22.506348,0.936814,,,,False,False
camp_0e9e80e16faae716,repeat_roi_v1,cell_e2ec6b084739f6f9,/home/ubuntu/quantum-workload-architecture/workloads/manifests/imported/real_dense_ring6_amplitude.yaml,wkl_97d47d38f2d87b66,plan_f2dbc6d701e85c88,run_90ba9a484fe32f9e,2,success,balanced,16,2,False,False,cuquantum_tensornet_gpu,off,0.039166505,0.289551,0.040678473,0.040678473,0.599219,22.506348,0.936814,,,,False,False
camp_0e9e80e16faae716,repeat_roi_v1,cell_e30ff77a24298e1f,/home/ubuntu/quantum-workload-architecture/workloads/manifests/imported/real_dense_ring6_amplitude.yaml,wkl_97d47d38f2d87b66,plan_744a1007d6cc3c0d,run_05cdce9e27f2ff9e,0,success,quick,16,2,True,True,cuquantum_tensornet_gpu,off,0.043301546,0.282177,0.044828421,0.044828421,0.599219,22.506348,0.936814,,,,False,False
camp_0e9e80e16faae716,repeat_roi_v1,cell_e30ff77a24298e1f,/home/ubuntu/quantum-workload-architecture/workloads/manifests/imported/real_dense_ring6_amplitude.yaml,wkl_97d47d38f2d87b66,plan_744a1007d6cc3c0d,run_6b7dd78c3f66e29a,1,success,quick,16,2,True,True,cuquantum_tensornet_gpu,off,0.045038022,0.28666,0.046517562,0.046517562,0.599219,22.506348,0.936814,,,,False,False
camp_0e9e80e16faae716,repeat_roi_v1,cell_e30ff77a24298e1f,/home/ubuntu/quantum-workload-architecture/workloads/manifests/imported/real_dense_ring6_amplitude.yaml,wkl_97d47d38f2d87b66,plan_744a1007d6cc3c0d,run_37fe74d6878e7650,2,success,quick,16,2,True,True,cuquantum_tensornet_gpu,off,0.044206801,0.294608,0.045724435,0.045724435,0.599219,22.506348,0.936814,,,,False,False
camp_0e9e80e16faae716,repeat_roi_v1,cell_e359a58a0845b0d0,/home/ubuntu/quantum-workload-architecture/workloads/manifests/imported/real_ghz3_amplitude.yaml,wkl_d79599df853f9a2e,plan_520a2d0ca68ee42a,run_0b3d42df918f9dbd,0,success,balanced,16,2,True,False,cuquantum_tensornet_gpu,off,0.013922039,0.130465,0.014776401,0.014776401,0.554734,14.57239,0.77332,,,,False,False
camp_0e9e80e16faae716,repeat_roi_v1,cell_e359a58a0845b0d0,/home/ubuntu/quantum-workload-architecture/workloads/manifests/imported/real_ghz3_amplitude.yaml,wkl_d79599df853f9a2e,plan_520a2d0ca68ee42a,run_458cbc4d8d13c3d6,1,success,balanced,16,2,True,False,cuquantum_tensornet_gpu,off,0.014302593,0.150201,0.015234609,0.015234609,0.554734,14.57239,0.77332,,,,False,False
camp_0e9e80e16faae716,repeat_roi_v1,cell_e359a58a0845b0d0,/home/ubuntu/quantum-workload-architecture/workloads/manifests/imported/real_ghz3_amplitude.yaml,wkl_d79599df853f9a2e,plan_520a2d0ca68ee42a,run_3a4cc6b3cfb906aa,2,success,balanced,16,2,True,False,cuquantum_tensornet_gpu,off,0.01387151,0.134226,0.014752661,0.014752661,0.554734,14.57239,0.77332,,,,False,False
camp_0e9e80e16faae716,repeat_roi_v1,cell_e3679a5a96b36305,/home/ubuntu/quantum-workload-architecture/workloads/manifests/imported/real_grid_shape6_amplitude.yaml,wkl_b825ad9e4287ddce,plan_e626fbcb6570a73a,run_3514aca499eb91e0,0,success,quick,2,2,True,True,cuquantum_tensornet_gpu,off,0.045332244,0.274721,0.046764285,0.046764285,0.715588,22.293575,0.737882,,,,False,False
camp_0e9e80e16faae716,repeat_roi_v1,cell_e3679a5a96b36305,/home/ubuntu/quantum-workload-architecture/workloads/manifests/imported/real_grid_shape6_amplitude.yaml,wkl_b825ad9e4287ddce,plan_e626fbcb6570a73a,run_d77fe09467dca244,1,success,quick,2,2,True,True,cuquantum_tensornet_gpu,off,0.046954461,0.281953,0.048406068,0.048406068,0.715588,22.293575,0.737882,,,,False,False
camp_0e9e80e16faae716,repeat_roi_v1,cell_e3679a5a96b36305,/home/ubuntu/quantum-workload-architecture/workloads/manifests/imported/real_grid_shape6_amplitude.yaml,wkl_b825ad9e4287ddce,plan_e626fbcb6570a73a,run_0ceafdca9cedef2e,2,success,quick,2,2,True,True,cuquantum_tensornet_gpu,off,0.045480027,0.275986,0.046917039,0.046917039,0.715588,22.293575,0.737882,,,,False,False
camp_0e9e80e16faae716,repeat_roi_v1,cell_e41b97c91c5dd5e9,/home/ubuntu/quantum-workload-architecture/workloads/manifests/imported/real_grid_shape6_amplitude.yaml,wkl_d98e6053c916739a,plan_c38e6988f92517ee,run_3417abb44f90dd7b,0,success,deep,32,2,True,True,cuquantum_tensornet_gpu,off,0.045634962,0.279571,0.047122272,0.047122272,1.53861,15.081604,2.00614,,,,False,False
camp_0e9e80e16faae716,repeat_roi_v1,cell_e41b97c91c5dd5e9,/home/ubuntu/quantum-workload-architecture/workloads/manifests/imported/real_grid_shape6_amplitude.yaml,wkl_d98e6053c916739a,plan_c38e6988f92517ee,run_1f946125c5da721e,1,success,deep,32,2,True,True,cuquantum_tensornet_gpu,off,0.047490182,0.283452,0.048998753,0.048998753,1.53861,15.081604,2.00614,,,,False,False
camp_0e9e80e16faae716,repeat_roi_v1,cell_e41b97c91c5dd5e9,/home/ubuntu/quantum-workload-architecture/workloads/manifests/imported/real_grid_shape6_amplitude.yaml,wkl_d98e6053c916739a,plan_c38e6988f92517ee,run_fd8c84170cfab623,2,success,deep,32,2,True,True,cuquantum_tensornet_gpu,off,0.045387055,0.287338,0.046895746,0.046895746,1.53861,15.081604,2.00614,,,,False,False
camp_0e9e80e16faae716,repeat_roi_v1,cell_e4d08aada79d6c9a,/home/ubuntu/quantum-workload-architecture/workloads/manifests/imported/real_ghz3_amplitude.yaml,wkl_aba637ae8beeb019,plan_06db9295bc6ecdbd,run_08ae4bc61777a5ef,0,success,deep,32,2,False,False,cuquantum_tensornet_gpu,off,0.01267087,0.145805,0.013655871,0.013655871,1.224494,9.463893,1.517875,,,,False,False
camp_0e9e80e16faae716,repeat_roi_v1,cell_e4d08aada79d6c9a,/home/ubuntu/quantum-workload-architecture/workloads/manifests/imported/real_ghz3_amplitude.yaml,wkl_aba637ae8beeb019,plan_06db9295bc6ecdbd,run_6bb1821b34f28d74,1,success,deep,32,2,False,False,cuquantum_tensornet_gpu,off,0.012737541,0.140014,0.013657846,0.013657846,1.224494,9.463893,1.517875,,,,False,False
camp_0e9e80e16faae716,repeat_roi_v1,cell_e4d08aada79d6c9a,/home/ubuntu/quantum-workload-architecture/workloads/manifests/imported/real_ghz3_amplitude.yaml,wkl_aba637ae8beeb019,plan_06db9295bc6ecdbd,run_a1d6ba024ccc576a,2,success,deep,32,2,False,False,cuquantum_tensornet_gpu,off,0.012824503,0.151427,0.013761742,0.013761742,1.224494,9.463893,1.517875,,,,False,False
camp_0e9e80e16faae716,repeat_roi_v1,cell_e86756d9ef79db5b,/home/ubuntu/quantum-workload-architecture/workloads/manifests/imported/real_ghz3_amplitude.yaml,wkl_aba637ae8beeb019,plan_b4eff333800944e3,run_d57cac7074e1d07c,0,success,deep,32,2,False,True,cuquantum_tensornet_gpu,off,0.012971766,0.144577,0.01397261,0.01397261,1.224494,9.463893,1.517875,,,,False,False
camp_0e9e80e16faae716,repeat_roi_v1,cell_e86756d9ef79db5b,/home/ubuntu/quantum-workload-architecture/workloads/manifests/imported/real_ghz3_amplitude.yaml,wkl_aba637ae8beeb019,plan_b4eff333800944e3,run_460829015f985a8e,1,success,deep,32,2,False,True,cuquantum_tensornet_gpu,off,0.012452421,0.148653,0.013413966,0.013413966,1.224494,9.463893,1.517875,,,,False,False
camp_0e9e80e16faae716,repeat_roi_v1,cell_e86756d9ef79db5b,/home/ubuntu/quantum-workload-architecture/workloads/manifests/imported/real_ghz3_amplitude.yaml,wkl_aba637ae8beeb019,plan_b4eff333800944e3,run_8c21cc41e25e8451,2,success,deep,32,2,False,True,cuquantum_tensornet_gpu,off,0.012697361,0.138239,0.01358602,0.01358602,1.224494,9.463893,1.517875,,,,False,False
camp_0e9e80e16faae716,repeat_roi_v1,cell_e928e2688186adec,/home/ubuntu/quantum-workload-architecture/workloads/manifests/imported/real_dense_ring6_batched.yaml,wkl_50dd86db6abd0bfa,plan_2e75ad34500dd986,run_2eb334127af4af21,0,success,balanced,8,2,False,True,cuquantum_tensornet_gpu,off,0.038155422,0.25681,0.039538735,0.039538735,0.581735,18.617521,0.712058,,,,False,False
camp_0e9e80e16faae716,repeat_roi_v1,cell_e928e2688186adec,/home/ubuntu/quantum-workload-architecture/workloads/manifests/imported/real_dense_ring6_batched.yaml,wkl_50dd86db6abd0bfa,plan_2e75ad34500dd986,run_8601cd179113fbfe,1,success,balanced,8,2,False,True,cuquantum_tensornet_gpu,off,0.038394647,0.25975,0.03983699,0.03983699,0.581735,18.617521,0.712058,,,,False,False
camp_0e9e80e16faae716,repeat_roi_v1,cell_e928e2688186adec,/home/ubuntu/quantum-workload-architecture/workloads/manifests/imported/real_dense_ring6_batched.yaml,wkl_50dd86db6abd0bfa,plan_2e75ad34500dd986,run_34babfaf60ca7fbe,2,success,balanced,8,2,False,True,cuquantum_tensornet_gpu,off,0.038151798,0.257451,0.041293822,0.041293822,0.581735,18.617521,0.712058,,,,False,False
camp_0e9e80e16faae716,repeat_roi_v1,cell_ea8d7f60d710694e,/home/ubuntu/quantum-workload-architecture/workloads/manifests/imported/real_ghz3_amplitude.yaml,wkl_bb51d1ce54ae0af7,plan_9f44a6928f61aff2,run_fc153e2d752216c7,0,success,balanced,2,2,True,False,cuquantum_tensornet_gpu,off,0.014544882,0.139051,0.015459562,0.015459562,0.629314,13.989494,0.643303,,,,False,False
camp_0e9e80e16faae716,repeat_roi_v1,cell_ea8d7f60d710694e,/home/ubuntu/quantum-workload-architecture/workloads/manifests/imported/real_ghz3_amplitude.yaml,wkl_bb51d1ce54ae0af7,plan_9f44a6928f61aff2,run_889145b39368034c,1,success,balanced,2,2,True,False,cuquantum_tensornet_gpu,off,0.01416646,0.184723,0.01514951,0.01514951,0.629314,13.989494,0.643303,,,,False,False
camp_0e9e80e16faae716,repeat_roi_v1,cell_ea8d7f60d710694e,/home/ubuntu/quantum-workload-architecture/workloads/manifests/imported/real_ghz3_amplitude.yaml,wkl_bb51d1ce54ae0af7,plan_9f44a6928f61aff2,run_443723c2aa874ba9,2,success,balanced,2,2,True,False,cuquantum_tensornet_gpu,off,0.015316094,0.202793,0.016383632,0.016383632,0.629314,13.989494,0.643303,,,,False,False
camp_0e9e80e16faae716,repeat_roi_v1,cell_eac6b43799418889,/home/ubuntu/quantum-workload-architecture/workloads/manifests/imported/real_dense_ring6_amplitude.yaml,wkl_fecefeb4ecb3e7d2,plan_23b3fab6eb7d7982,run_192259b8a158fd75,0,success,deep,8,2,True,False,cuquantum_tensornet_gpu,off,0.044292635,0.273188,0.045721967,0.045721967,1.507163,14.616523,1.609479,,,,False,False
camp_0e9e80e16faae716,repeat_roi_v1,cell_eac6b43799418889,/home/ubuntu/quantum-workload-architecture/workloads/manifests/imported/real_dense_ring6_amplitude.yaml,wkl_fecefeb4ecb3e7d2,plan_23b3fab6eb7d7982,run_e4987d3ac5b2dd64,1,success,deep,8,2,True,False,cuquantum_tensornet_gpu,off,0.043564082,0.277449,0.045024296,0.045024296,1.507163,14.616523,1.609479,,,,False,False
camp_0e9e80e16faae716,repeat_roi_v1,cell_eac6b43799418889,/home/ubuntu/quantum-workload-architecture/workloads/manifests/imported/real_dense_ring6_amplitude.yaml,wkl_fecefeb4ecb3e7d2,plan_23b3fab6eb7d7982,run_6e832768bfd03d70,2,success,deep,8,2,True,False,cuquantum_tensornet_gpu,off,0.043698184,0.277872,0.04515856,0.04515856,1.507163,14.616523,1.609479,,,,False,False
camp_0e9e80e16faae716,repeat_roi_v1,cell_eb736a7a715cf052,/home/ubuntu/quantum-workload-architecture/workloads/manifests/imported/real_grid_shape6_amplitude.yaml,wkl_d98e6053c916739a,plan_109dda25f686859e,run_b1b61d753bfaa347,0,success,deep,32,2,True,False,cuquantum_tensornet_gpu,off,0.045231265,0.277291,0.046697811,0.046697811,1.53861,15.081604,2.00614,,,,False,False
camp_0e9e80e16faae716,repeat_roi_v1,cell_eb736a7a715cf052,/home/ubuntu/quantum-workload-architecture/workloads/manifests/imported/real_grid_shape6_amplitude.yaml,wkl_d98e6053c916739a,plan_109dda25f686859e,run_855167b5b97c17a9,1,success,deep,32,2,True,False,cuquantum_tensornet_gpu,off,0.045725792,0.280372,0.047263591,0.047263591,1.53861,15.081604,2.00614,,,,False,False
camp_0e9e80e16faae716,repeat_roi_v1,cell_eb736a7a715cf052,/home/ubuntu/quantum-workload-architecture/workloads/manifests/imported/real_grid_shape6_amplitude.yaml,wkl_d98e6053c916739a,plan_109dda25f686859e,run_25d6f058b46419ee,2,success,deep,32,2,True,False,cuquantum_tensornet_gpu,off,0.047272529,0.276008,0.048743894,0.048743894,1.53861,15.081604,2.00614,,,,False,False
camp_0e9e80e16faae716,repeat_roi_v1,cell_eb9458f0f5d58005,/home/ubuntu/quantum-workload-architecture/workloads/manifests/imported/real_ghz3_amplitude.yaml,wkl_bb51d1ce54ae0af7,plan_3f201f3965b7d24b,run_666e0b6fe7800c9a,0,success,balanced,2,2,False,True,cuquantum_tensornet_gpu,off,0.012447496,0.141788,0.013359388,0.013359388,0.629314,13.989494,0.643303,,,,False,False
camp_0e9e80e16faae716,repeat_roi_v1,cell_eb9458f0f5d58005,/home/ubuntu/quantum-workload-architecture/workloads/manifests/imported/real_ghz3_amplitude.yaml,wkl_bb51d1ce54ae0af7,plan_3f201f3965b7d24b,run_3f26f4d90a905898,1,success,balanced,2,2,False,True,cuquantum_tensornet_gpu,off,0.012742452,0.155837,0.013705209,0.013705209,0.629314,13.989494,0.643303,,,,False,False
camp_0e9e80e16faae716,repeat_roi_v1,cell_eb9458f0f5d58005,/home/ubuntu/quantum-workload-architecture/workloads/manifests/imported/real_ghz3_amplitude.yaml,wkl_bb51d1ce54ae0af7,plan_3f201f3965b7d24b,run_874e5d011acd7d09,2,success,balanced,2,2,False,True,cuquantum_tensornet_gpu,off,0.012409436,0.138498,0.013311424,0.013311424,0.629314,13.989494,0.643303,,,,False,False
camp_0e9e80e16faae716,repeat_roi_v1,cell_ed47e731a54e8f06,/home/ubuntu/quantum-workload-architecture/workloads/manifests/imported/real_grid_shape6_amplitude.yaml,wkl_b825ad9e4287ddce,plan_178f6a4c068a7258,run_ceeb1c0e17695280,0,success,balanced,2,2,False,False,cuquantum_tensornet_gpu,off,0.039925905,0.272691,0.041393111,0.041393111,0.715588,22.293575,0.737882,,,,False,False
camp_0e9e80e16faae716,repeat_roi_v1,cell_ed47e731a54e8f06,/home/ubuntu/quantum-workload-architecture/workloads/manifests/imported/real_grid_shape6_amplitude.yaml,wkl_b825ad9e4287ddce,plan_178f6a4c068a7258,run_467c3a722a7114d3,1,success,balanced,2,2,False,False,cuquantum_tensornet_gpu,off,0.039943601,0.274564,0.041407856,0.041407856,0.715588,22.293575,0.737882,,,,False,False
camp_0e9e80e16faae716,repeat_roi_v1,cell_ed47e731a54e8f06,/home/ubuntu/quantum-workload-architecture/workloads/manifests/imported/real_grid_shape6_amplitude.yaml,wkl_b825ad9e4287ddce,plan_178f6a4c068a7258,run_464dd4ba38ee1990,2,success,balanced,2,2,False,False,cuquantum_tensornet_gpu,off,0.040003076,0.272125,0.041493698,0.041493698,0.715588,22.293575,0.737882,,,,False,False
camp_0e9e80e16faae716,repeat_roi_v1,cell_ede5d0aed2b9ca2a,/home/ubuntu/quantum-workload-architecture/workloads/manifests/imported/real_dense_ring6_amplitude.yaml,wkl_9e01192b062045b6,plan_382e0187b141e3fa,run_41c5f2727f2c789d,0,success,deep,4,2,True,False,cuquantum_tensornet_gpu,off,0.043625602,0.275924,0.045071913,0.045071913,1.322506,19.805586,1.381923,,,,False,False
camp_0e9e80e16faae716,repeat_roi_v1,cell_ede5d0aed2b9ca2a,/home/ubuntu/quantum-workload-architecture/workloads/manifests/imported/real_dense_ring6_amplitude.yaml,wkl_9e01192b062045b6,plan_382e0187b141e3fa,run_d77a275e3aa9d5bf,1,success,deep,4,2,True,False,cuquantum_tensornet_gpu,off,0.04443093,0.286469,0.045915257,0.045915257,1.322506,19.805586,1.381923,,,,False,False
camp_0e9e80e16faae716,repeat_roi_v1,cell_ede5d0aed2b9ca2a,/home/ubuntu/quantum-workload-architecture/workloads/manifests/imported/real_dense_ring6_amplitude.yaml,wkl_9e01192b062045b6,plan_382e0187b141e3fa,run_132bb0f9e2ee5778,2,success,deep,4,2,True,False,cuquantum_tensornet_gpu,off,0.044984948,0.27948,0.046524029,0.046524029,1.322506,19.805586,1.381923,,,,False,False
camp_0e9e80e16faae716,repeat_roi_v1,cell_edeeab037d5ba983,/home/ubuntu/quantum-workload-architecture/workloads/manifests/imported/real_dense_ring6_amplitude.yaml,wkl_97d47d38f2d87b66,plan_2eb80183371a8417,run_8cfa155e23af0909,0,success,deep,16,2,True,False,cuquantum_tensornet_gpu,off,0.043446362,0.277768,0.044923567,0.044923567,1.507163,14.616523,1.726411,,,,False,False
camp_0e9e80e16faae716,repeat_roi_v1,cell_edeeab037d5ba983,/home/ubuntu/quantum-workload-architecture/workloads/manifests/imported/real_dense_ring6_amplitude.yaml,wkl_97d47d38f2d87b66,plan_2eb80183371a8417,run_8fe4f0ce257a3fa3,1,success,deep,16,2,True,False,cuquantum_tensornet_gpu,off,0.043167372,0.280057,0.044682789,0.044682789,1.507163,14.616523,1.726411,,,,False,False
camp_0e9e80e16faae716,repeat_roi_v1,cell_edeeab037d5ba983,/home/ubuntu/quantum-workload-architecture/workloads/manifests/imported/real_dense_ring6_amplitude.yaml,wkl_97d47d38f2d87b66,plan_2eb80183371a8417,run_5265a438f2465609,2,success,deep,16,2,True,False,cuquantum_tensornet_gpu,off,0.043605062,0.281278,0.045034473,0.045034473,1.507163,14.616523,1.726411,,,,False,False
camp_0e9e80e16faae716,repeat_roi_v1,cell_ee202bdeb1d42d86,/home/ubuntu/quantum-workload-architecture/workloads/manifests/imported/real_dense_ring6_batched.yaml,wkl_84140faee381a579,plan_d9e6e5f2bfe4f9c3,run_f01abc05df7b5ec2,0,success,quick,2,2,True,True,cuquantum_tensornet_gpu,off,0.042685975,0.265664,0.044088758,0.044088758,0.671107,17.87282,0.68898,,,,False,False
camp_0e9e80e16faae716,repeat_roi_v1,cell_ee202bdeb1d42d86,/home/ubuntu/quantum-workload-architecture/workloads/manifests/imported/real_dense_ring6_batched.yaml,wkl_84140faee381a579,plan_d9e6e5f2bfe4f9c3,run_1c6fd675c82d2514,1,success,quick,2,2,True,True,cuquantum_tensornet_gpu,off,0.042750216,0.271788,0.04420178,0.04420178,0.671107,17.87282,0.68898,,,,False,False
camp_0e9e80e16faae716,repeat_roi_v1,cell_ee202bdeb1d42d86,/home/ubuntu/quantum-workload-architecture/workloads/manifests/imported/real_dense_ring6_batched.yaml,wkl_84140faee381a579,plan_d9e6e5f2bfe4f9c3,run_3f94293da4e7d927,2,success,quick,2,2,True,True,cuquantum_tensornet_gpu,off,0.042640108,0.259894,0.044076266,0.044076266,0.671107,17.87282,0.68898,,,,False,False
camp_0e9e80e16faae716,repeat_roi_v1,cell_ee53a42cc6a83fb1,/home/ubuntu/quantum-workload-architecture/workloads/manifests/imported/real_qaoa_ring4_batched.yaml,wkl_e27a5a050294e2ef,plan_7c9e03379e25b227,run_b53d7d3741524b33,0,success,quick,8,2,False,False,cuquantum_tensornet_gpu,off,0.047774767,0.267808,0.049311158,0.049311158,0.590691,19.410898,0.726567,,,,False,False
camp_0e9e80e16faae716,repeat_roi_v1,cell_ee53a42cc6a83fb1,/home/ubuntu/quantum-workload-architecture/workloads/manifests/imported/real_qaoa_ring4_batched.yaml,wkl_e27a5a050294e2ef,plan_7c9e03379e25b227,run_364bd7a5187e0f17,1,success,quick,8,2,False,False,cuquantum_tensornet_gpu,off,0.047544916,0.284106,0.049105261,0.049105261,0.590691,19.410898,0.726567,,,,False,False
camp_0e9e80e16faae716,repeat_roi_v1,cell_ee53a42cc6a83fb1,/home/ubuntu/quantum-workload-architecture/workloads/manifests/imported/real_qaoa_ring4_batched.yaml,wkl_e27a5a050294e2ef,plan_7c9e03379e25b227,run_1d88b6ac516e8af9,2,success,quick,8,2,False,False,cuquantum_tensornet_gpu,off,0.047239044,0.277821,0.048782221,0.048782221,0.590691,19.410898,0.726567,,,,False,False
camp_0e9e80e16faae716,repeat_roi_v1,cell_ee8b28a579c32a23,/home/ubuntu/quantum-workload-architecture/workloads/manifests/imported/real_ghz3_amplitude.yaml,wkl_bb51d1ce54ae0af7,plan_02afdc744bc98fdf,run_227c11442377dc0a,0,success,deep,2,2,False,True,cuquantum_tensornet_gpu,off,0.012781705,0.144496,0.013705225,0.013705225,1.07912,12.823703,1.091944,,,,False,False
camp_0e9e80e16faae716,repeat_roi_v1,cell_ee8b28a579c32a23,/home/ubuntu/quantum-workload-architecture/workloads/manifests/imported/real_ghz3_amplitude.yaml,wkl_bb51d1ce54ae0af7,plan_02afdc744bc98fdf,run_7abdf08d180086d2,1,success,deep,2,2,False,True,cuquantum_tensornet_gpu,off,0.012442252,0.14569,0.013337316,0.013337316,1.07912,12.823703,1.091944,,,,False,False
camp_0e9e80e16faae716,repeat_roi_v1,cell_ee8b28a579c32a23,/home/ubuntu/quantum-workload-architecture/workloads/manifests/imported/real_ghz3_amplitude.yaml,wkl_bb51d1ce54ae0af7,plan_02afdc744bc98fdf,run_d549966329070b02,2,success,deep,2,2,False,True,cuquantum_tensornet_gpu,off,0.012669447,0.141566,0.013606139,0.013606139,1.07912,12.823703,1.091944,,,,False,False
camp_0e9e80e16faae716,repeat_roi_v1,cell_ef90dae2debe74ad,/home/ubuntu/quantum-workload-architecture/workloads/manifests/imported/real_ghz3_amplitude.yaml,wkl_d79599df853f9a2e,plan_c341e0f080bd4a72,run_bbf23a28baf6d738,0,success,deep,16,2,True,False,cuquantum_tensornet_gpu,off,0.014253806,0.184636,0.0152525,0.0152525,1.224494,9.463893,1.366452,,,,False,False
camp_0e9e80e16faae716,repeat_roi_v1,cell_ef90dae2debe74ad,/home/ubuntu/quantum-workload-architecture/workloads/manifests/imported/real_ghz3_amplitude.yaml,wkl_d79599df853f9a2e,plan_c341e0f080bd4a72,run_dc10999ba1bdbc75,1,success,deep,16,2,True,False,cuquantum_tensornet_gpu,off,0.013969524,0.131622,0.014835834,0.014835834,1.224494,9.463893,1.366452,,,,False,False
camp_0e9e80e16faae716,repeat_roi_v1,cell_ef90dae2debe74ad,/home/ubuntu/quantum-workload-architecture/workloads/manifests/imported/real_ghz3_amplitude.yaml,wkl_d79599df853f9a2e,plan_c341e0f080bd4a72,run_7055658fc4b92fcd,2,success,deep,16,2,True,False,cuquantum_tensornet_gpu,off,0.014057102,0.140883,0.014969047,0.014969047,1.224494,9.463893,1.366452,,,,False,False
camp_0e9e80e16faae716,repeat_roi_v1,cell_f3d2e2000d8bfd00,/home/ubuntu/quantum-workload-architecture/workloads/manifests/imported/real_grid_shape6_amplitude.yaml,wkl_158088f87b588e6a,plan_0537ed77223472a6,run_1f95e8e0bbca8749,0,success,quick,4,2,True,True,cuquantum_tensornet_gpu,off,0.048099794,0.297946,0.049666384,0.049666384,0.715588,22.293575,0.782469,,,,False,False
camp_0e9e80e16faae716,repeat_roi_v1,cell_f3d2e2000d8bfd00,/home/ubuntu/quantum-workload-architecture/workloads/manifests/imported/real_grid_shape6_amplitude.yaml,wkl_158088f87b588e6a,plan_0537ed77223472a6,run_843061866007a840,1,success,quick,4,2,True,True,cuquantum_tensornet_gpu,off,0.046229472,0.287087,0.047755287,0.047755287,0.715588,22.293575,0.782469,,,,False,False
camp_0e9e80e16faae716,repeat_roi_v1,cell_f3d2e2000d8bfd00,/home/ubuntu/quantum-workload-architecture/workloads/manifests/imported/real_grid_shape6_amplitude.yaml,wkl_158088f87b588e6a,plan_0537ed77223472a6,run_a0643e5ba9325848,2,success,quick,4,2,True,True,cuquantum_tensornet_gpu,off,0.046089084,0.283396,0.047553678,0.047553678,0.715588,22.293575,0.782469,,,,False,False
camp_0e9e80e16faae716,repeat_roi_v1,cell_f4080fd1267f7686,/home/ubuntu/quantum-workload-architecture/workloads/manifests/imported/real_dense_ring6_batched.yaml,wkl_977f16a92f06596a,plan_c1931735a1927128,run_847dba2df80dc07a,0,success,quick,32,2,False,False,cuquantum_tensornet_gpu,off,0.037665809,0.254716,0.03904024,0.03904024,0.581735,18.617521,1.158878,,,,False,False
camp_0e9e80e16faae716,repeat_roi_v1,cell_f4080fd1267f7686,/home/ubuntu/quantum-workload-architecture/workloads/manifests/imported/real_dense_ring6_batched.yaml,wkl_977f16a92f06596a,plan_c1931735a1927128,run_d37988a1d5c056ff,1,success,quick,32,2,False,False,cuquantum_tensornet_gpu,off,0.037472746,0.269084,0.038881637,0.038881637,0.581735,18.617521,1.158878,,,,False,False
camp_0e9e80e16faae716,repeat_roi_v1,cell_f4080fd1267f7686,/home/ubuntu/quantum-workload-architecture/workloads/manifests/imported/real_dense_ring6_batched.yaml,wkl_977f16a92f06596a,plan_c1931735a1927128,run_2c271910683f0b37,2,success,quick,32,2,False,False,cuquantum_tensornet_gpu,off,0.037435204,0.259835,0.038796894,0.038796894,0.581735,18.617521,1.158878,,,,False,False
camp_0e9e80e16faae716,repeat_roi_v1,cell_f4524b5f1de3275c,/home/ubuntu/quantum-workload-architecture/workloads/manifests/imported/real_qaoa_ring4_batched.yaml,wkl_e27a5a050294e2ef,plan_3fcef25aadeee425,run_ef6c85b89a76dc82,0,success,deep,8,2,False,True,cuquantum_tensornet_gpu,off,0.039070581,0.242385,0.040398086,0.040398086,1.408852,12.606214,1.497095,,,,False,False
camp_0e9e80e16faae716,repeat_roi_v1,cell_f4524b5f1de3275c,/home/ubuntu/quantum-workload-architecture/workloads/manifests/imported/real_qaoa_ring4_batched.yaml,wkl_e27a5a050294e2ef,plan_3fcef25aadeee425,run_8192a81803a4c772,1,success,deep,8,2,False,True,cuquantum_tensornet_gpu,off,0.03893202,0.267779,0.040355211,0.040355211,1.408852,12.606214,1.497095,,,,False,False
camp_0e9e80e16faae716,repeat_roi_v1,cell_f4524b5f1de3275c,/home/ubuntu/quantum-workload-architecture/workloads/manifests/imported/real_qaoa_ring4_batched.yaml,wkl_e27a5a050294e2ef,plan_3fcef25aadeee425,run_71b6492d175644f5,2,success,deep,8,2,False,True,cuquantum_tensornet_gpu,off,0.039052807,0.256669,0.040401948,0.040401948,1.408852,12.606214,1.497095,,,,False,False
camp_0e9e80e16faae716,repeat_roi_v1,cell_f5563dab5d0aa546,/home/ubuntu/quantum-workload-architecture/workloads/manifests/imported/real_qaoa_ring4_batched.yaml,wkl_ba3875dd3ccf7480,plan_52e2337c28f529b4,run_b0f7d3ca0a52f9bb,0,success,deep,32,2,False,True,cuquantum_tensornet_gpu,off,0.039596111,0.259389,0.04098999,0.04098999,1.408852,12.606214,1.799645,,,,False,False
camp_0e9e80e16faae716,repeat_roi_v1,cell_f5563dab5d0aa546,/home/ubuntu/quantum-workload-architecture/workloads/manifests/imported/real_qaoa_ring4_batched.yaml,wkl_ba3875dd3ccf7480,plan_52e2337c28f529b4,run_1f8a9237cfd79d25,1,success,deep,32,2,False,True,cuquantum_tensornet_gpu,off,0.03918675,0.250731,0.040560245,0.040560245,1.408852,12.606214,1.799645,,,,False,False
camp_0e9e80e16faae716,repeat_roi_v1,cell_f5563dab5d0aa546,/home/ubuntu/quantum-workload-architecture/workloads/manifests/imported/real_qaoa_ring4_batched.yaml,wkl_ba3875dd3ccf7480,plan_52e2337c28f529b4,run_89700adc5004c9b3,2,success,deep,32,2,False,True,cuquantum_tensornet_gpu,off,0.039413201,0.245941,0.040768628,0.040768628,1.408852,12.606214,1.799645,,,,False,False
camp_0e9e80e16faae716,repeat_roi_v1,cell_f57dfdda1d894357,/home/ubuntu/quantum-workload-architecture/workloads/manifests/imported/real_grid_shape6_amplitude.yaml,wkl_fc0e5b8c90c09068,plan_00b946b8d61e84f5,run_f3cfbef657fb73ab,0,success,balanced,8,2,True,False,cuquantum_tensornet_gpu,off,0.047035947,0.285852,0.048561614,0.048561614,0.61037,23.222474,0.772927,,,,False,False
camp_0e9e80e16faae716,repeat_roi_v1,cell_f57dfdda1d894357,/home/ubuntu/quantum-workload-architecture/workloads/manifests/imported/real_grid_shape6_amplitude.yaml,wkl_fc0e5b8c90c09068,plan_00b946b8d61e84f5,run_7acd6361efe933b3,1,success,balanced,8,2,True,False,cuquantum_tensornet_gpu,off,0.046923012,0.288445,0.048469434,0.048469434,0.61037,23.222474,0.772927,,,,False,False
camp_0e9e80e16faae716,repeat_roi_v1,cell_f57dfdda1d894357,/home/ubuntu/quantum-workload-architecture/workloads/manifests/imported/real_grid_shape6_amplitude.yaml,wkl_fc0e5b8c90c09068,plan_00b946b8d61e84f5,run_9332b529caec4cd3,2,success,balanced,8,2,True,False,cuquantum_tensornet_gpu,off,0.045496821,0.283778,0.046955347,0.046955347,0.61037,23.222474,0.772927,,,,False,False
camp_0e9e80e16faae716,repeat_roi_v1,cell_f5febd7446776d54,/home/ubuntu/quantum-workload-architecture/workloads/manifests/imported/real_ghz3_amplitude.yaml,wkl_34730574a768505b,plan_11fecb2e9f0ec670,run_ec339a764704d2de,0,success,quick,8,2,False,True,cuquantum_tensornet_gpu,off,0.014835241,0.184292,0.015935844,0.015935844,0.554734,14.57239,0.656741,,,,False,False
camp_0e9e80e16faae716,repeat_roi_v1,cell_f5febd7446776d54,/home/ubuntu/quantum-workload-architecture/workloads/manifests/imported/real_ghz3_amplitude.yaml,wkl_34730574a768505b,plan_11fecb2e9f0ec670,run_3945cf15ea756a18,1,success,quick,8,2,False,True,cuquantum_tensornet_gpu,off,0.015149419,0.17847,0.016334721,0.016334721,0.554734,14.57239,0.656741,,,,False,False
camp_0e9e80e16faae716,repeat_roi_v1,cell_f5febd7446776d54,/home/ubuntu/quantum-workload-architecture/workloads/manifests/imported/real_ghz3_amplitude.yaml,wkl_34730574a768505b,plan_11fecb2e9f0ec670,run_b364cd7a7736d6e8,2,success,quick,8,2,False,True,cuquantum_tensornet_gpu,off,0.014929274,0.164561,0.016013984,0.016013984,0.554734,14.57239,0.656741,,,,False,False
camp_0e9e80e16faae716,repeat_roi_v1,cell_f65dbb9c1839a19d,/home/ubuntu/quantum-workload-architecture/workloads/manifests/imported/real_qaoa_ring4_batched.yaml,wkl_e27a5a050294e2ef,plan_df85859599784a80,run_3bd469e5ebe7b380,0,success,quick,8,2,False,True,cuquantum_tensornet_gpu,off,0.04747326,0.279852,0.049039742,0.049039742,0.590691,19.410898,0.726567,,,,False,False
camp_0e9e80e16faae716,repeat_roi_v1,cell_f65dbb9c1839a19d,/home/ubuntu/quantum-workload-architecture/workloads/manifests/imported/real_qaoa_ring4_batched.yaml,wkl_e27a5a050294e2ef,plan_df85859599784a80,run_831a867bfdba2037,1,success,quick,8,2,False,True,cuquantum_tensornet_gpu,off,0.047393205,0.272246,0.048953421,0.048953421,0.590691,19.410898,0.726567,,,,False,False
camp_0e9e80e16faae716,repeat_roi_v1,cell_f65dbb9c1839a19d,/home/ubuntu/quantum-workload-architecture/workloads/manifests/imported/real_qaoa_ring4_batched.yaml,wkl_e27a5a050294e2ef,plan_df85859599784a80,run_6c8191b674a5b961,2,success,quick,8,2,False,True,cuquantum_tensornet_gpu,off,0.04800375,0.278257,0.049581801,0.049581801,0.590691,19.410898,0.726567,,,,False,False
camp_0e9e80e16faae716,repeat_roi_v1,cell_f6b45b1dfa863559,/home/ubuntu/quantum-workload-architecture/workloads/manifests/imported/real_dense_ring6_amplitude.yaml,wkl_95071f3280d5f7eb,plan_3a05bd9ac3f9ea6f,run_54ef6d995a9d565a,0,success,balanced,1,2,False,False,cuquantum_tensornet_gpu,off,0.038263583,0.270199,0.039684183,0.039684183,0.702031,21.606094,0.702031,,,,False,False
camp_0e9e80e16faae716,repeat_roi_v1,cell_f6b45b1dfa863559,/home/ubuntu/quantum-workload-architecture/workloads/manifests/imported/real_dense_ring6_amplitude.yaml,wkl_95071f3280d5f7eb,plan_3a05bd9ac3f9ea6f,run_97ab9723455f8261,1,success,balanced,1,2,False,False,cuquantum_tensornet_gpu,off,0.037925815,0.280124,0.039399674,0.039399674,0.702031,21.606094,0.702031,,,,False,False
camp_0e9e80e16faae716,repeat_roi_v1,cell_f6b45b1dfa863559,/home/ubuntu/quantum-workload-architecture/workloads/manifests/imported/real_dense_ring6_amplitude.yaml,wkl_95071f3280d5f7eb,plan_3a05bd9ac3f9ea6f,run_6c6f5969df4e27db,2,success,balanced,1,2,False,False,cuquantum_tensornet_gpu,off,0.038599507,0.289607,0.040121696,0.040121696,0.702031,21.606094,0.702031,,,,False,False
camp_0e9e80e16faae716,repeat_roi_v1,cell_f747364c016aa476,/home/ubuntu/quantum-workload-architecture/workloads/manifests/imported/real_ghz3_amplitude.yaml,wkl_34730574a768505b,plan_b03cddb186aa4cc5,run_4581f171e6b98c1e,0,success,balanced,8,2,True,False,cuquantum_tensornet_gpu,off,0.013998433,0.136136,0.014897655,0.014897655,0.554734,14.57239,0.656741,,,,False,False
camp_0e9e80e16faae716,repeat_roi_v1,cell_f747364c016aa476,/home/ubuntu/quantum-workload-architecture/workloads/manifests/imported/real_ghz3_amplitude.yaml,wkl_34730574a768505b,plan_b03cddb186aa4cc5,run_da3ddbbb9c42147f,1,success,balanced,8,2,True,False,cuquantum_tensornet_gpu,off,0.014110638,0.146094,0.015106992,0.015106992,0.554734,14.57239,0.656741,,,,False,False
camp_0e9e80e16faae716,repeat_roi_v1,cell_f747364c016aa476,/home/ubuntu/quantum-workload-architecture/workloads/manifests/imported/real_ghz3_amplitude.yaml,wkl_34730574a768505b,plan_b03cddb186aa4cc5,run_c17d79649850309d,2,success,balanced,8,2,True,False,cuquantum_tensornet_gpu,off,0.014200689,0.134861,0.015059749,0.015059749,0.554734,14.57239,0.656741,,,,False,False
camp_0e9e80e16faae716,repeat_roi_v1,cell_f7b77d8b0777daa0,/home/ubuntu/quantum-workload-architecture/workloads/manifests/imported/real_dense_ring6_batched.yaml,wkl_50dd86db6abd0bfa,plan_cc8f22393557d455,run_01b3f20b6e702bb8,0,success,quick,8,2,False,True,cuquantum_tensornet_gpu,off,0.038201637,0.259316,0.03962789,0.03962789,0.581735,18.617521,0.712058,,,,False,False
camp_0e9e80e16faae716,repeat_roi_v1,cell_f7b77d8b0777daa0,/home/ubuntu/quantum-workload-architecture/workloads/manifests/imported/real_dense_ring6_batched.yaml,wkl_50dd86db6abd0bfa,plan_cc8f22393557d455,run_27e21c03596990fd,1,success,quick,8,2,False,True,cuquantum_tensornet_gpu,off,0.038226194,0.266207,0.039636967,0.039636967,0.581735,18.617521,0.712058,,,,False,False
camp_0e9e80e16faae716,repeat_roi_v1,cell_f7b77d8b0777daa0,/home/ubuntu/quantum-workload-architecture/workloads/manifests/imported/real_dense_ring6_batched.yaml,wkl_50dd86db6abd0bfa,plan_cc8f22393557d455,run_e86a33bea1e6e12c,2,success,quick,8,2,False,True,cuquantum_tensornet_gpu,off,0.037998276,0.256957,0.039412279,0.039412279,0.581735,18.617521,0.712058,,,,False,False
camp_0e9e80e16faae716,repeat_roi_v1,cell_f80a4ab60e1ec2e2,/home/ubuntu/quantum-workload-architecture/workloads/manifests/imported/real_dense_ring6_amplitude.yaml,wkl_888bce118ad39b04,plan_1bb5b92e206a0030,run_80eb2f5ca7da4f80,0,success,balanced,2,2,True,False,cuquantum_tensornet_gpu,off,0.043826424,0.289517,0.045304767,0.045304767,0.702031,21.606094,0.723637,,,,False,False
camp_0e9e80e16faae716,repeat_roi_v1,cell_f80a4ab60e1ec2e2,/home/ubuntu/quantum-workload-architecture/workloads/manifests/imported/real_dense_ring6_amplitude.yaml,wkl_888bce118ad39b04,plan_1bb5b92e206a0030,run_d7236baa214a4ebe,1,success,balanced,2,2,True,False,cuquantum_tensornet_gpu,off,0.043350557,0.297195,0.044891392,0.044891392,0.702031,21.606094,0.723637,,,,False,False
camp_0e9e80e16faae716,repeat_roi_v1,cell_f80a4ab60e1ec2e2,/home/ubuntu/quantum-workload-architecture/workloads/manifests/imported/real_dense_ring6_amplitude.yaml,wkl_888bce118ad39b04,plan_1bb5b92e206a0030,run_311783e4eeccab4a,2,success,balanced,2,2,True,False,cuquantum_tensornet_gpu,off,0.044193242,0.281293,0.045683999,0.045683999,0.702031,21.606094,0.723637,,,,False,False
camp_0e9e80e16faae716,repeat_roi_v1,cell_f80e89f74e58fdba,/home/ubuntu/quantum-workload-architecture/workloads/manifests/imported/real_qaoa_ring4_batched.yaml,wkl_e27a5a050294e2ef,plan_5d12e4f88420a256,run_6e72c6c15dc4f155,0,success,quick,8,2,True,False,cuquantum_tensornet_gpu,off,0.043486008,0.270977,0.044943676,0.044943676,0.590691,19.410898,0.726567,,,,False,False
camp_0e9e80e16faae716,repeat_roi_v1,cell_f80e89f74e58fdba,/home/ubuntu/quantum-workload-architecture/workloads/manifests/imported/real_qaoa_ring4_batched.yaml,wkl_e27a5a050294e2ef,plan_5d12e4f88420a256,run_8ca6f45bdda57b11,1,success,quick,8,2,True,False,cuquantum_tensornet_gpu,off,0.04341526,0.263837,0.044775421,0.044775421,0.590691,19.410898,0.726567,,,,False,False
camp_0e9e80e16faae716,repeat_roi_v1,cell_f80e89f74e58fdba,/home/ubuntu/quantum-workload-architecture/workloads/manifests/imported/real_qaoa_ring4_batched.yaml,wkl_e27a5a050294e2ef,plan_5d12e4f88420a256,run_bd489efdaa0658e1,2,success,quick,8,2,True,False,cuquantum_tensornet_gpu,off,0.04323179,0.25262,0.044575962,0.044575962,0.590691,19.410898,0.726567,,,,False,False
camp_0e9e80e16faae716,repeat_roi_v1,cell_f8d28e56596677df,/home/ubuntu/quantum-workload-architecture/workloads/manifests/imported/real_ghz3_amplitude.yaml,wkl_34730574a768505b,plan_a81ba9b8bc7685d6,run_7a287ecc71b8dda1,0,success,deep,8,2,True,True,cuquantum_tensornet_gpu,off,0.014047987,0.134512,0.014928663,0.014928663,1.224494,9.463893,1.290741,,,,False,False
camp_0e9e80e16faae716,repeat_roi_v1,cell_f8d28e56596677df,/home/ubuntu/quantum-workload-architecture/workloads/manifests/imported/real_ghz3_amplitude.yaml,wkl_34730574a768505b,plan_a81ba9b8bc7685d6,run_526d6959a875ce34,1,success,deep,8,2,True,True,cuquantum_tensornet_gpu,off,0.014202093,0.144205,0.015132541,0.015132541,1.224494,9.463893,1.290741,,,,False,False
camp_0e9e80e16faae716,repeat_roi_v1,cell_f8d28e56596677df,/home/ubuntu/quantum-workload-architecture/workloads/manifests/imported/real_ghz3_amplitude.yaml,wkl_34730574a768505b,plan_a81ba9b8bc7685d6,run_b7bba909f89d1373,2,success,deep,8,2,True,True,cuquantum_tensornet_gpu,off,0.014016479,0.156716,0.014931042,0.014931042,1.224494,9.463893,1.290741,,,,False,False
camp_0e9e80e16faae716,repeat_roi_v1,cell_f968e9b21aad4269,/home/ubuntu/quantum-workload-architecture/workloads/manifests/imported/real_dense_ring6_batched.yaml,wkl_e0163cd5ac336021,plan_d00573b38c2d073b,run_5f7eb9124bc59c09,0,success,quick,16,2,True,True,cuquantum_tensornet_gpu,off,0.042527935,0.260043,0.043902882,0.043902882,0.581735,18.617521,0.860998,,,,False,False
camp_0e9e80e16faae716,repeat_roi_v1,cell_f968e9b21aad4269,/home/ubuntu/quantum-workload-architecture/workloads/manifests/imported/real_dense_ring6_batched.yaml,wkl_e0163cd5ac336021,plan_d00573b38c2d073b,run_ea79df82fd5136c6,1,success,quick,16,2,True,True,cuquantum_tensornet_gpu,off,0.041799171,0.260349,0.043159667,0.043159667,0.581735,18.617521,0.860998,,,,False,False
camp_0e9e80e16faae716,repeat_roi_v1,cell_f968e9b21aad4269,/home/ubuntu/quantum-workload-architecture/workloads/manifests/imported/real_dense_ring6_batched.yaml,wkl_e0163cd5ac336021,plan_d00573b38c2d073b,run_41afeed6509e863c,2,success,quick,16,2,True,True,cuquantum_tensornet_gpu,off,0.042164272,0.258425,0.04359406,0.04359406,0.581735,18.617521,0.860998,,,,False,False
camp_0e9e80e16faae716,repeat_roi_v1,cell_fb2488a604979cb4,/home/ubuntu/quantum-workload-architecture/workloads/manifests/imported/real_ghz3_amplitude.yaml,wkl_e5f6794fb08543dd,plan_a0c85e0f8d5160d6,run_ec0a1ac8ebeefbab,0,success,deep,4,2,True,True,cuquantum_tensornet_gpu,off,0.014410493,0.140285,0.015303131,0.015303131,1.07912,12.823703,1.117591,,,,False,False
camp_0e9e80e16faae716,repeat_roi_v1,cell_fb2488a604979cb4,/home/ubuntu/quantum-workload-architecture/workloads/manifests/imported/real_ghz3_amplitude.yaml,wkl_e5f6794fb08543dd,plan_a0c85e0f8d5160d6,run_00c94b3bea8b06be,1,success,deep,4,2,True,True,cuquantum_tensornet_gpu,off,0.014109412,0.156942,0.015077862,0.015077862,1.07912,12.823703,1.117591,,,,False,False
camp_0e9e80e16faae716,repeat_roi_v1,cell_fb2488a604979cb4,/home/ubuntu/quantum-workload-architecture/workloads/manifests/imported/real_ghz3_amplitude.yaml,wkl_e5f6794fb08543dd,plan_a0c85e0f8d5160d6,run_ccbcf62257f1ccab,2,success,deep,4,2,True,True,cuquantum_tensornet_gpu,off,0.014493457,0.176699,0.015559589,0.015559589,1.07912,12.823703,1.117591,,,,False,False
camp_0e9e80e16faae716,repeat_roi_v1,cell_fbb1d614283a082a,/home/ubuntu/quantum-workload-architecture/workloads/manifests/imported/real_dense_ring6_batched.yaml,wkl_20f4602946fe6acd,plan_b540ae9000c51e13,run_a654d4dece29aa87,0,success,quick,4,2,True,True,cuquantum_tensornet_gpu,off,0.041490422,0.262288,0.042880725,0.042880725,0.671107,17.87282,0.724725,,,,False,False
camp_0e9e80e16faae716,repeat_roi_v1,cell_fbb1d614283a082a,/home/ubuntu/quantum-workload-architecture/workloads/manifests/imported/real_dense_ring6_batched.yaml,wkl_20f4602946fe6acd,plan_b540ae9000c51e13,run_cbab7adae7476096,1,success,quick,4,2,True,True,cuquantum_tensornet_gpu,off,0.042577885,0.283156,0.044052986,0.044052986,0.671107,17.87282,0.724725,,,,False,False
camp_0e9e80e16faae716,repeat_roi_v1,cell_fbb1d614283a082a,/home/ubuntu/quantum-workload-architecture/workloads/manifests/imported/real_dense_ring6_batched.yaml,wkl_20f4602946fe6acd,plan_b540ae9000c51e13,run_0a66496ae48c32d4,2,success,quick,4,2,True,True,cuquantum_tensornet_gpu,off,0.041809313,0.265265,0.04319201,0.04319201,0.671107,17.87282,0.724725,,,,False,False
camp_0e9e80e16faae716,repeat_roi_v1,cell_fcd03b190f6f1a47,/home/ubuntu/quantum-workload-architecture/workloads/manifests/imported/real_ghz3_amplitude.yaml,wkl_aba637ae8beeb019,plan_83923a48d5b84bba,run_4558c0153b131314,0,success,quick,32,2,True,False,cuquantum_tensornet_gpu,off,0.014448849,0.138912,0.015330051,0.015330051,0.554734,14.57239,1.006478,,,,False,False
camp_0e9e80e16faae716,repeat_roi_v1,cell_fcd03b190f6f1a47,/home/ubuntu/quantum-workload-architecture/workloads/manifests/imported/real_ghz3_amplitude.yaml,wkl_aba637ae8beeb019,plan_83923a48d5b84bba,run_2c0cd3522a318e1c,1,success,quick,32,2,True,False,cuquantum_tensornet_gpu,off,0.014076603,0.146471,0.014991973,0.014991973,0.554734,14.57239,1.006478,,,,False,False
camp_0e9e80e16faae716,repeat_roi_v1,cell_fcd03b190f6f1a47,/home/ubuntu/quantum-workload-architecture/workloads/manifests/imported/real_ghz3_amplitude.yaml,wkl_aba637ae8beeb019,plan_83923a48d5b84bba,run_6cdd4f5429892baa,2,success,quick,32,2,True,False,cuquantum_tensornet_gpu,off,0.014327766,0.161419,0.015276956,0.015276956,0.554734,14.57239,1.006478,,,,False,False
camp_0e9e80e16faae716,repeat_roi_v1,cell_fd3d995907c33714,/home/ubuntu/quantum-workload-architecture/workloads/manifests/imported/real_dense_ring6_amplitude.yaml,wkl_97d47d38f2d87b66,plan_25fb7a93b47221af,run_e1354eb025cd7ce7,0,success,quick,16,2,False,True,cuquantum_tensornet_gpu,off,0.038530555,0.274057,0.039982143,0.039982143,0.599219,22.506348,0.936814,,,,False,False
camp_0e9e80e16faae716,repeat_roi_v1,cell_fd3d995907c33714,/home/ubuntu/quantum-workload-architecture/workloads/manifests/imported/real_dense_ring6_amplitude.yaml,wkl_97d47d38f2d87b66,plan_25fb7a93b47221af,run_e9df280b6628a676,1,success,quick,16,2,False,True,cuquantum_tensornet_gpu,off,0.038376018,0.279766,0.039834385,0.039834385,0.599219,22.506348,0.936814,,,,False,False
camp_0e9e80e16faae716,repeat_roi_v1,cell_fd3d995907c33714,/home/ubuntu/quantum-workload-architecture/workloads/manifests/imported/real_dense_ring6_amplitude.yaml,wkl_97d47d38f2d87b66,plan_25fb7a93b47221af,run_4aa9a3e10a8a8985,2,success,quick,16,2,False,True,cuquantum_tensornet_gpu,off,0.038795004,0.268646,0.040216548,0.040216548,0.599219,22.506348,0.936814,,,,False,False
camp_0e9e80e16faae716,repeat_roi_v1,cell_fdf079f2892286eb,/home/ubuntu/quantum-workload-architecture/workloads/manifests/imported/real_qaoa_ring4_batched.yaml,wkl_b169adc6c553a708,plan_83d57cb22ed910d5,run_6e25e8f8a89877fc,0,success,balanced,1,2,True,True,cuquantum_tensornet_gpu,off,0.043946724,0.253856,0.045258792,0.045258792,0.68286,18.634462,0.68286,,,,False,False
camp_0e9e80e16faae716,repeat_roi_v1,cell_fdf079f2892286eb,/home/ubuntu/quantum-workload-architecture/workloads/manifests/imported/real_qaoa_ring4_batched.yaml,wkl_b169adc6c553a708,plan_83d57cb22ed910d5,run_8b43f1e09e10a7e7,1,success,balanced,1,2,True,True,cuquantum_tensornet_gpu,off,0.043759697,0.259508,0.045151083,0.045151083,0.68286,18.634462,0.68286,,,,False,False
camp_0e9e80e16faae716,repeat_roi_v1,cell_fdf079f2892286eb,/home/ubuntu/quantum-workload-architecture/workloads/manifests/imported/real_qaoa_ring4_batched.yaml,wkl_b169adc6c553a708,plan_83d57cb22ed910d5,run_816f4d5937b79e10,2,success,balanced,1,2,True,True,cuquantum_tensornet_gpu,off,0.043729435,0.270259,0.045142662,0.045142662,0.68286,18.634462,0.68286,,,,False,False
camp_0e9e80e16faae716,repeat_roi_v1,cell_fe541113c91b04df,/home/ubuntu/quantum-workload-architecture/workloads/manifests/imported/real_dense_ring6_batched.yaml,wkl_84140faee381a579,plan_312c1099725ae33f,run_2157cd322d3dda41,0,success,deep,2,2,True,True,cuquantum_tensornet_gpu,off,0.042175708,0.258643,0.04354514,0.04354514,1.21032,16.383418,1.226703,,,,False,False
camp_0e9e80e16faae716,repeat_roi_v1,cell_fe541113c91b04df,/home/ubuntu/quantum-workload-architecture/workloads/manifests/imported/real_dense_ring6_batched.yaml,wkl_84140faee381a579,plan_312c1099725ae33f,run_be4ae8c39b975bad,1,success,deep,2,2,True,True,cuquantum_tensornet_gpu,off,0.042367844,0.2533,0.043857189,0.043857189,1.21032,16.383418,1.226703,,,,False,False
camp_0e9e80e16faae716,repeat_roi_v1,cell_fe541113c91b04df,/home/ubuntu/quantum-workload-architecture/workloads/manifests/imported/real_dense_ring6_batched.yaml,wkl_84140faee381a579,plan_312c1099725ae33f,run_2df02a3b964e0a2d,2,success,deep,2,2,True,True,cuquantum_tensornet_gpu,off,0.041651817,0.257318,0.043035125,0.043035125,1.21032,16.383418,1.226703,,,,False,False
camp_0e9e80e16faae716,repeat_roi_v1,cell_ffc3c9b39b169fbf,/home/ubuntu/quantum-workload-architecture/workloads/manifests/imported/real_dense_ring6_amplitude.yaml,wkl_888bce118ad39b04,plan_8010d392a30ee847,run_73f40abc1eefb6cf,0,success,deep,2,2,False,False,cuquantum_tensornet_gpu,off,0.039583471,0.278487,0.041055368,0.041055368,1.322506,19.805586,1.342312,,,,False,False
camp_0e9e80e16faae716,repeat_roi_v1,cell_ffc3c9b39b169fbf,/home/ubuntu/quantum-workload-architecture/workloads/manifests/imported/real_dense_ring6_amplitude.yaml,wkl_888bce118ad39b04,plan_8010d392a30ee847,run_ed5d2fb5ded72751,1,success,deep,2,2,False,False,cuquantum_tensornet_gpu,off,0.040007307,0.286126,0.041575907,0.041575907,1.322506,19.805586,1.342312,,,,False,False
camp_0e9e80e16faae716,repeat_roi_v1,cell_ffc3c9b39b169fbf,/home/ubuntu/quantum-workload-architecture/workloads/manifests/imported/real_dense_ring6_amplitude.yaml,wkl_888bce118ad39b04,plan_8010d392a30ee847,run_de8375fd32fd8b2b,2,success,deep,2,2,False,False,cuquantum_tensornet_gpu,off,0.038786342,0.300741,0.040332012,0.040332012,1.322506,19.805586,1.342312,,,,False,False
