request_id,workload_manifest,mode,sequence_label,benchmark_repeat,cli_wall_s,driver_total_s,outer_driver_overhead_s,worker_execute_s,worker_request_dispatch_s,worker_reply_s,worker_session_id,session_request_index,selected_plan_id,correctness_ok,fallback_used,fallback_reason,runner_mode,request_wall_s,execution_payload_path
same_run01_x1_01_run01,/home/ubuntu/quantum-workload-architecture/workloads/manifests/imported/ovh_v2/01_real_dense_ring6_amplitude.yaml,persistent_warm_cli,same_run01_x1,1,0.662154657,0.264306084,0.170484718,0.096363394,0.000291888,3.47e-06,wrk_67f34c5d7d458afb,2,plan_9681ead327789de4,True,False,,,,
same_run01_x2_01_run01,/home/ubuntu/quantum-workload-architecture/workloads/manifests/imported/ovh_v2/01_real_dense_ring6_amplitude.yaml,persistent_warm_cli,same_run01_x2,1,0.68259746,0.268786004,0.18799285,0.083289776,0.000304895,2.421e-06,wrk_67f34c5d7d458afb,3,plan_9681ead327789de4,True,False,,,,
same_run01_x2_02_run01,/home/ubuntu/quantum-workload-architecture/workloads/manifests/imported/ovh_v2/01_real_dense_ring6_amplitude.yaml,persistent_warm_cli,same_run01_x2,1,0.703211859,0.2790883,0.193423683,0.08817983,0.000287656,2.52e-06,wrk_67f34c5d7d458afb,4,plan_9681ead327789de4,True,False,,,,
same_run01_x4_01_run01,/home/ubuntu/quantum-workload-architecture/workloads/manifests/imported/ovh_v2/01_real_dense_ring6_amplitude.yaml,persistent_warm_cli,same_run01_x4,1,0.657386727,0.282701507,0.197401938,0.08788012,0.000284349,2.498e-06,wrk_67f34c5d7d458afb,5,plan_9681ead327789de4,True,False,,,,
same_run01_x4_02_run01,/home/ubuntu/quantum-workload-architecture/workloads/manifests/imported/ovh_v2/01_real_dense_ring6_amplitude.yaml,persistent_warm_cli,same_run01_x4,1,0.666661311,0.28473087,0.189956593,0.097320417,0.000286519,2.593e-06,wrk_67f34c5d7d458afb,6,plan_9681ead327789de4,True,False,,,,
same_run01_x4_03_run01,/home/ubuntu/quantum-workload-architecture/workloads/manifests/imported/ovh_v2/01_real_dense_ring6_amplitude.yaml,persistent_warm_cli,same_run01_x4,1,0.66088775,0.211244201,0.130293634,0.083465094,0.000288384,2.763e-06,wrk_67f34c5d7d458afb,7,plan_9681ead327789de4,True,False,,,,
same_run01_x4_04_run01,/home/ubuntu/quantum-workload-architecture/workloads/manifests/imported/ovh_v2/01_real_dense_ring6_amplitude.yaml,persistent_warm_cli,same_run01_x4,1,0.582673945,0.212006859,0.147078941,0.067169451,0.000195065,2.429e-06,wrk_67f34c5d7d458afb,8,plan_9681ead327789de4,True,False,,,,
same_run01_x8_01_run01,/home/ubuntu/quantum-workload-architecture/workloads/manifests/imported/ovh_v2/01_real_dense_ring6_amplitude.yaml,persistent_warm_cli,same_run01_x8,1,0.643365657,0.216736811,0.13916874,0.080083102,0.000360504,2.426e-06,wrk_67f34c5d7d458afb,9,plan_9681ead327789de4,True,False,,,,
same_run01_x8_02_run01,/home/ubuntu/quantum-workload-architecture/workloads/manifests/imported/ovh_v2/01_real_dense_ring6_amplitude.yaml,persistent_warm_cli,same_run01_x8,1,0.698311152,0.280940814,0.199177632,0.084271711,0.000302009,2.609e-06,wrk_67f34c5d7d458afb,10,plan_9681ead327789de4,True,False,,,,
same_run01_x8_03_run01,/home/ubuntu/quantum-workload-architecture/workloads/manifests/imported/ovh_v2/01_real_dense_ring6_amplitude.yaml,persistent_warm_cli,same_run01_x8,1,0.614771238,0.259816473,0.175453199,0.086913403,0.000289581,2.861e-06,wrk_67f34c5d7d458afb,11,plan_9681ead327789de4,True,False,,,,
same_run01_x8_04_run01,/home/ubuntu/quantum-workload-architecture/workloads/manifests/imported/ovh_v2/01_real_dense_ring6_amplitude.yaml,persistent_warm_cli,same_run01_x8,1,0.655128813,0.256949721,0.177046604,0.082317854,0.0002365,2.299e-06,wrk_67f34c5d7d458afb,12,plan_9681ead327789de4,True,False,,,,
same_run01_x8_05_run01,/home/ubuntu/quantum-workload-architecture/workloads/manifests/imported/ovh_v2/01_real_dense_ring6_amplitude.yaml,persistent_warm_cli,same_run01_x8,1,0.675277762,0.25728666,0.169153853,0.090681742,0.000314157,2.845e-06,wrk_67f34c5d7d458afb,13,plan_9681ead327789de4,True,False,,,,
same_run01_x8_06_run01,/home/ubuntu/quantum-workload-architecture/workloads/manifests/imported/ovh_v2/01_real_dense_ring6_amplitude.yaml,persistent_warm_cli,same_run01_x8,1,0.614596024,0.230714464,0.147265499,0.085907625,0.000266716,2.479e-06,wrk_67f34c5d7d458afb,14,plan_9681ead327789de4,True,False,,,,
same_run01_x8_07_run01,/home/ubuntu/quantum-workload-architecture/workloads/manifests/imported/ovh_v2/01_real_dense_ring6_amplitude.yaml,persistent_warm_cli,same_run01_x8,1,0.650319621,0.265928186,0.190142133,0.078082377,0.000279665,2.37e-06,wrk_67f34c5d7d458afb,15,plan_9681ead327789de4,True,False,,,,
same_run01_x8_08_run01,/home/ubuntu/quantum-workload-architecture/workloads/manifests/imported/ovh_v2/01_real_dense_ring6_amplitude.yaml,persistent_warm_cli,same_run01_x8,1,0.661750169,0.28630585,0.203601402,0.08514809,0.000288052,2.728e-06,wrk_67f34c5d7d458afb,16,plan_9681ead327789de4,True,False,,,,
same_run06_x1_01_run06,/home/ubuntu/quantum-workload-architecture/workloads/manifests/imported/ovh_v2/06_star_graph_phase_amplitude_heldout_low.yaml,persistent_warm_cli,same_run06_x1,1,0.705827324,0.281663826,0.206050799,0.078169208,0.000293962,2.646e-06,wrk_67f34c5d7d458afb,17,plan_1e9bb43cfe444bbb,True,False,,,,
same_run06_x2_01_run06,/home/ubuntu/quantum-workload-architecture/workloads/manifests/imported/ovh_v2/06_star_graph_phase_amplitude_heldout_low.yaml,persistent_warm_cli,same_run06_x2,1,0.667117786,0.275203622,0.189949469,0.087744547,0.00028638,2.413e-06,wrk_67f34c5d7d458afb,18,plan_1e9bb43cfe444bbb,True,False,,,,
same_run06_x2_02_run06,/home/ubuntu/quantum-workload-architecture/workloads/manifests/imported/ovh_v2/06_star_graph_phase_amplitude_heldout_low.yaml,persistent_warm_cli,same_run06_x2,1,0.667880835,0.283371572,0.198245049,0.087712163,0.000283896,2.552e-06,wrk_67f34c5d7d458afb,19,plan_1e9bb43cfe444bbb,True,False,,,,
same_run06_x4_01_run06,/home/ubuntu/quantum-workload-architecture/workloads/manifests/imported/ovh_v2/06_star_graph_phase_amplitude_heldout_low.yaml,persistent_warm_cli,same_run06_x4,1,0.709815638,0.284139934,0.195263646,0.091691728,0.000303451,2.446e-06,wrk_67f34c5d7d458afb,20,plan_1e9bb43cfe444bbb,True,False,,,,
same_run06_x4_02_run06,/home/ubuntu/quantum-workload-architecture/workloads/manifests/imported/ovh_v2/06_star_graph_phase_amplitude_heldout_low.yaml,persistent_warm_cli,same_run06_x4,1,0.661549597,0.279483978,0.195196457,0.086776779,0.00027636,2.243e-06,wrk_67f34c5d7d458afb,21,plan_1e9bb43cfe444bbb,True,False,,,,
same_run06_x4_03_run06,/home/ubuntu/quantum-workload-architecture/workloads/manifests/imported/ovh_v2/06_star_graph_phase_amplitude_heldout_low.yaml,persistent_warm_cli,same_run06_x4,1,0.58787616,0.206931516,0.13007264,0.079230473,0.000240212,2.24e-06,wrk_67f34c5d7d458afb,22,plan_1e9bb43cfe444bbb,True,False,,,,
same_run06_x4_04_run06,/home/ubuntu/quantum-workload-architecture/workloads/manifests/imported/ovh_v2/06_star_graph_phase_amplitude_heldout_low.yaml,persistent_warm_cli,same_run06_x4,1,0.708393079,0.281268921,0.186577148,0.097412214,0.000315534,2.606e-06,wrk_67f34c5d7d458afb,23,plan_1e9bb43cfe444bbb,True,False,,,,
same_run06_x8_01_run06,/home/ubuntu/quantum-workload-architecture/workloads/manifests/imported/ovh_v2/06_star_graph_phase_amplitude_heldout_low.yaml,persistent_warm_cli,same_run06_x8,1,0.670913835,0.272436201,0.184670565,0.090347667,0.000333887,2.79e-06,wrk_67f34c5d7d458afb,24,plan_1e9bb43cfe444bbb,True,False,,,,
same_run06_x8_02_run06,/home/ubuntu/quantum-workload-architecture/workloads/manifests/imported/ovh_v2/06_star_graph_phase_amplitude_heldout_low.yaml,persistent_warm_cli,same_run06_x8,1,0.596973385,0.226319849,0.153717466,0.074921615,0.000203831,2.667e-06,wrk_67f34c5d7d458afb,25,plan_1e9bb43cfe444bbb,True,False,,,,
same_run06_x8_03_run06,/home/ubuntu/quantum-workload-architecture/workloads/manifests/imported/ovh_v2/06_star_graph_phase_amplitude_heldout_low.yaml,persistent_warm_cli,same_run06_x8,1,0.651063539,0.257096647,0.168054345,0.091520541,0.00030496,2.603e-06,wrk_67f34c5d7d458afb,26,plan_1e9bb43cfe444bbb,True,False,,,,
same_run06_x8_04_run06,/home/ubuntu/quantum-workload-architecture/workloads/manifests/imported/ovh_v2/06_star_graph_phase_amplitude_heldout_low.yaml,persistent_warm_cli,same_run06_x8,1,0.612532102,0.221609529,0.140712797,0.083596879,0.000267237,2.426e-06,wrk_67f34c5d7d458afb,27,plan_1e9bb43cfe444bbb,True,False,,,,
same_run06_x8_05_run06,/home/ubuntu/quantum-workload-architecture/workloads/manifests/imported/ovh_v2/06_star_graph_phase_amplitude_heldout_low.yaml,persistent_warm_cli,same_run06_x8,1,0.682120149,0.269915413,0.182770435,0.089786898,0.000321013,2.452e-06,wrk_67f34c5d7d458afb,28,plan_1e9bb43cfe444bbb,True,False,,,,
same_run06_x8_06_run06,/home/ubuntu/quantum-workload-architecture/workloads/manifests/imported/ovh_v2/06_star_graph_phase_amplitude_heldout_low.yaml,persistent_warm_cli,same_run06_x8,1,0.567045714,0.158229481,0.104027552,0.056238404,0.000124473,2.499e-06,wrk_67f34c5d7d458afb,29,plan_1e9bb43cfe444bbb,True,False,,,,
same_run06_x8_07_run06,/home/ubuntu/quantum-workload-architecture/workloads/manifests/imported/ovh_v2/06_star_graph_phase_amplitude_heldout_low.yaml,persistent_warm_cli,same_run06_x8,1,0.544105284,0.175104392,0.121569486,0.055547962,0.00011652,2.423e-06,wrk_67f34c5d7d458afb,30,plan_1e9bb43cfe444bbb,True,False,,,,
same_run06_x8_08_run06,/home/ubuntu/quantum-workload-architecture/workloads/manifests/imported/ovh_v2/06_star_graph_phase_amplitude_heldout_low.yaml,persistent_warm_cli,same_run06_x8,1,0.598566367,0.251264187,0.16041096,0.093526615,0.000302453,2.481e-06,wrk_67f34c5d7d458afb,31,plan_1e9bb43cfe444bbb,True,False,,,,
same_run08_x1_01_run08,/home/ubuntu/quantum-workload-architecture/workloads/manifests/imported/ovh_v2/08_parity_iqp_batched_heldout_medium.yaml,persistent_warm_cli,same_run08_x1,1,0.645461091,0.267679357,0.192595245,0.079065245,0.001760507,2.277e-06,wrk_67f34c5d7d458afb,32,plan_7209297490c788dd,True,False,,,,
same_run08_x2_01_run08,/home/ubuntu/quantum-workload-architecture/workloads/manifests/imported/ovh_v2/08_parity_iqp_batched_heldout_medium.yaml,persistent_warm_cli,same_run08_x2,1,0.628098755,0.212710169,0.132079124,0.083221551,0.000288877,2.649e-06,wrk_67f34c5d7d458afb,33,plan_7209297490c788dd,True,False,,,,
same_run08_x2_02_run08,/home/ubuntu/quantum-workload-architecture/workloads/manifests/imported/ovh_v2/08_parity_iqp_batched_heldout_medium.yaml,persistent_warm_cli,same_run08_x2,1,0.679027346,0.277610575,0.192853211,0.087376436,0.000287495,2.319e-06,wrk_67f34c5d7d458afb,34,plan_7209297490c788dd,True,False,,,,
same_run08_x4_01_run08,/home/ubuntu/quantum-workload-architecture/workloads/manifests/imported/ovh_v2/08_parity_iqp_batched_heldout_medium.yaml,persistent_warm_cli,same_run08_x4,1,0.671666479,0.286791565,0.194891985,0.094528115,0.000344166,2.185e-06,wrk_67f34c5d7d458afb,35,plan_7209297490c788dd,True,False,,,,
same_run08_x4_02_run08,/home/ubuntu/quantum-workload-architecture/workloads/manifests/imported/ovh_v2/08_parity_iqp_batched_heldout_medium.yaml,persistent_warm_cli,same_run08_x4,1,0.695912321,0.282471359,0.194533724,0.090544353,0.000329238,2.736e-06,wrk_67f34c5d7d458afb,36,plan_7209297490c788dd,True,False,,,,
same_run08_x4_03_run08,/home/ubuntu/quantum-workload-architecture/workloads/manifests/imported/ovh_v2/08_parity_iqp_batched_heldout_medium.yaml,persistent_warm_cli,same_run08_x4,1,0.685950639,0.266840508,0.183204236,0.08625676,0.000316689,2.503e-06,wrk_67f34c5d7d458afb,37,plan_7209297490c788dd,True,False,,,,
same_run08_x4_04_run08,/home/ubuntu/quantum-workload-architecture/workloads/manifests/imported/ovh_v2/08_parity_iqp_batched_heldout_medium.yaml,persistent_warm_cli,same_run08_x4,1,0.622132928,0.235368395,0.165827494,0.071890853,0.00022099,2.37e-06,wrk_67f34c5d7d458afb,38,plan_7209297490c788dd,True,False,,,,
same_run08_x8_01_run08,/home/ubuntu/quantum-workload-architecture/workloads/manifests/imported/ovh_v2/08_parity_iqp_batched_heldout_medium.yaml,persistent_warm_cli,same_run08_x8,1,0.590373774,0.202172161,0.145220119,0.058991002,0.00016229,2.194e-06,wrk_67f34c5d7d458afb,39,plan_7209297490c788dd,True,False,,,,
same_run08_x8_02_run08,/home/ubuntu/quantum-workload-architecture/workloads/manifests/imported/ovh_v2/08_parity_iqp_batched_heldout_medium.yaml,persistent_warm_cli,same_run08_x8,1,0.644124995,0.224925037,0.155058376,0.072001398,0.000205745,2.299e-06,wrk_67f34c5d7d458afb,40,plan_7209297490c788dd,True,False,,,,
same_run08_x8_03_run08,/home/ubuntu/quantum-workload-architecture/workloads/manifests/imported/ovh_v2/08_parity_iqp_batched_heldout_medium.yaml,persistent_warm_cli,same_run08_x8,1,0.625192241,0.261361229,0.190485576,0.07322719,0.000260623,2.514e-06,wrk_67f34c5d7d458afb,41,plan_7209297490c788dd,True,False,,,,
same_run08_x8_04_run08,/home/ubuntu/quantum-workload-architecture/workloads/manifests/imported/ovh_v2/08_parity_iqp_batched_heldout_medium.yaml,persistent_warm_cli,same_run08_x8,1,0.649988706,0.259564526,0.182156696,0.079839973,0.000267578,2.918e-06,wrk_67f34c5d7d458afb,42,plan_7209297490c788dd,True,False,,,,
same_run08_x8_05_run08,/home/ubuntu/quantum-workload-architecture/workloads/manifests/imported/ovh_v2/08_parity_iqp_batched_heldout_medium.yaml,persistent_warm_cli,same_run08_x8,1,0.695490159,0.275241546,0.192565526,0.085191249,0.000301548,2.599e-06,wrk_67f34c5d7d458afb,43,plan_7209297490c788dd,True,False,,,,
same_run08_x8_06_run08,/home/ubuntu/quantum-workload-architecture/workloads/manifests/imported/ovh_v2/08_parity_iqp_batched_heldout_medium.yaml,persistent_warm_cli,same_run08_x8,1,0.595927831,0.218547671,0.144971602,0.075976082,0.000283254,2.322e-06,wrk_67f34c5d7d458afb,44,plan_7209297490c788dd,True,False,,,,
same_run08_x8_07_run08,/home/ubuntu/quantum-workload-architecture/workloads/manifests/imported/ovh_v2/08_parity_iqp_batched_heldout_medium.yaml,persistent_warm_cli,same_run08_x8,1,0.676521966,0.280458935,0.198729179,0.08441576,0.000366192,2.581e-06,wrk_67f34c5d7d458afb,45,plan_7209297490c788dd,True,False,,,,
same_run08_x8_08_run08,/home/ubuntu/quantum-workload-architecture/workloads/manifests/imported/ovh_v2/08_parity_iqp_batched_heldout_medium.yaml,persistent_warm_cli,same_run08_x8,1,0.653395337,0.271233928,0.186164332,0.087516237,0.000354579,2.438e-06,wrk_67f34c5d7d458afb,46,plan_7209297490c788dd,True,False,,,,
mixed_trio_x6_01_run01,/home/ubuntu/quantum-workload-architecture/workloads/manifests/imported/ovh_v2/01_real_dense_ring6_amplitude.yaml,persistent_warm_cli,mixed_trio_x6,1,0.594147168,0.194615999,0.133915931,0.063109107,0.000266815,2.87e-06,wrk_67f34c5d7d458afb,47,plan_9681ead327789de4,True,False,,,,
mixed_trio_x6_02_run06,/home/ubuntu/quantum-workload-architecture/workloads/manifests/imported/ovh_v2/06_star_graph_phase_amplitude_heldout_low.yaml,persistent_warm_cli,mixed_trio_x6,1,0.643435098,0.267707473,0.177535055,0.09297643,0.000317764,2.477e-06,wrk_67f34c5d7d458afb,48,plan_1e9bb43cfe444bbb,True,False,,,,
mixed_trio_x6_03_run08,/home/ubuntu/quantum-workload-architecture/workloads/manifests/imported/ovh_v2/08_parity_iqp_batched_heldout_medium.yaml,persistent_warm_cli,mixed_trio_x6,1,0.685321334,0.260310068,0.181791388,0.080968663,0.000296595,2.184e-06,wrk_67f34c5d7d458afb,49,plan_7209297490c788dd,True,False,,,,
mixed_trio_x6_04_run01,/home/ubuntu/quantum-workload-architecture/workloads/manifests/imported/ovh_v2/01_real_dense_ring6_amplitude.yaml,persistent_warm_cli,mixed_trio_x6,1,0.581498081,0.210897453,0.143403914,0.069803498,0.000227681,2.658e-06,wrk_67f34c5d7d458afb,50,plan_9681ead327789de4,True,False,,,,
mixed_trio_x6_05_run06,/home/ubuntu/quantum-workload-architecture/workloads/manifests/imported/ovh_v2/06_star_graph_phase_amplitude_heldout_low.yaml,persistent_warm_cli,mixed_trio_x6,1,0.688411314,0.264117252,0.172748189,0.093921175,0.000335386,2.656e-06,wrk_67f34c5d7d458afb,51,plan_1e9bb43cfe444bbb,True,False,,,,
mixed_trio_x6_06_run08,/home/ubuntu/quantum-workload-architecture/workloads/manifests/imported/ovh_v2/08_parity_iqp_batched_heldout_medium.yaml,persistent_warm_cli,mixed_trio_x6,1,0.645825361,0.245620874,0.167694804,0.080585618,0.000276351,2.548e-06,wrk_67f34c5d7d458afb,52,plan_7209297490c788dd,True,False,,,,
same_run01_x1_01_run01,/home/ubuntu/quantum-workload-architecture/workloads/manifests/imported/ovh_v2/01_real_dense_ring6_amplitude.yaml,persistent_warm_cli,same_run01_x1,2,0.655048854,0.276669579,0.201175436,0.077987386,0.000335729,2.396e-06,wrk_67f34c5d7d458afb,53,plan_9681ead327789de4,True,False,,,,
same_run01_x2_01_run01,/home/ubuntu/quantum-workload-architecture/workloads/manifests/imported/ovh_v2/01_real_dense_ring6_amplitude.yaml,persistent_warm_cli,same_run01_x2,2,0.658942927,0.264972525,0.192158168,0.075288311,0.000296905,2.637e-06,wrk_67f34c5d7d458afb,54,plan_9681ead327789de4,True,False,,,,
same_run01_x2_02_run01,/home/ubuntu/quantum-workload-architecture/workloads/manifests/imported/ovh_v2/01_real_dense_ring6_amplitude.yaml,persistent_warm_cli,same_run01_x2,2,0.74045061,0.249900302,0.17834064,0.074076586,0.000273669,5.691e-06,wrk_67f34c5d7d458afb,55,plan_9681ead327789de4,True,False,,,,
same_run01_x4_01_run01,/home/ubuntu/quantum-workload-architecture/workloads/manifests/imported/ovh_v2/01_real_dense_ring6_amplitude.yaml,persistent_warm_cli,same_run01_x4,2,0.570635221,0.181024786,0.130431492,0.052497243,0.000163327,2.743e-06,wrk_67f34c5d7d458afb,56,plan_9681ead327789de4,True,False,,,,
same_run01_x4_02_run01,/home/ubuntu/quantum-workload-architecture/workloads/manifests/imported/ovh_v2/01_real_dense_ring6_amplitude.yaml,persistent_warm_cli,same_run01_x4,2,0.635531701,0.269824878,0.199735903,0.072661776,0.000291814,2.629e-06,wrk_67f34c5d7d458afb,57,plan_9681ead327789de4,True,False,,,,
same_run01_x4_03_run01,/home/ubuntu/quantum-workload-architecture/workloads/manifests/imported/ovh_v2/01_real_dense_ring6_amplitude.yaml,persistent_warm_cli,same_run01_x4,2,0.644876264,0.232361372,0.156159477,0.078669652,0.000335511,2.214e-06,wrk_67f34c5d7d458afb,58,plan_9681ead327789de4,True,False,,,,
same_run01_x4_04_run01,/home/ubuntu/quantum-workload-architecture/workloads/manifests/imported/ovh_v2/01_real_dense_ring6_amplitude.yaml,persistent_warm_cli,same_run01_x4,2,0.674553509,0.267774331,0.190006671,0.080083738,0.000209296,2.477e-06,wrk_67f34c5d7d458afb,59,plan_9681ead327789de4,True,False,,,,
same_run01_x8_01_run01,/home/ubuntu/quantum-workload-architecture/workloads/manifests/imported/ovh_v2/01_real_dense_ring6_amplitude.yaml,persistent_warm_cli,same_run01_x8,2,0.659445064,0.281297759,0.190635647,0.093174999,0.000306557,2.475e-06,wrk_67f34c5d7d458afb,60,plan_9681ead327789de4,True,False,,,,
same_run01_x8_02_run01,/home/ubuntu/quantum-workload-architecture/workloads/manifests/imported/ovh_v2/01_real_dense_ring6_amplitude.yaml,persistent_warm_cli,same_run01_x8,2,0.635894004,0.236125459,0.171386775,0.066923881,0.000179846,2.412e-06,wrk_67f34c5d7d458afb,61,plan_9681ead327789de4,True,False,,,,
same_run01_x8_03_run01,/home/ubuntu/quantum-workload-architecture/workloads/manifests/imported/ovh_v2/01_real_dense_ring6_amplitude.yaml,persistent_warm_cli,same_run01_x8,2,0.6465869,0.235625284,0.146693306,0.091493199,0.000316408,2.665e-06,wrk_67f34c5d7d458afb,62,plan_9681ead327789de4,True,False,,,,
same_run01_x8_04_run01,/home/ubuntu/quantum-workload-architecture/workloads/manifests/imported/ovh_v2/01_real_dense_ring6_amplitude.yaml,persistent_warm_cli,same_run01_x8,2,0.664172301,0.240729237,0.16310893,0.080105046,0.000311866,2.571e-06,wrk_67f34c5d7d458afb,63,plan_9681ead327789de4,True,False,,,,
same_run01_x8_05_run01,/home/ubuntu/quantum-workload-architecture/workloads/manifests/imported/ovh_v2/01_real_dense_ring6_amplitude.yaml,persistent_warm_cli,same_run01_x8,2,0.64106196,0.216228853,0.146245694,0.072433888,0.000349911,2.536e-06,wrk_67f34c5d7d458afb,64,plan_9681ead327789de4,True,False,,,,
same_run01_x8_06_run01,/home/ubuntu/quantum-workload-architecture/workloads/manifests/imported/ovh_v2/01_real_dense_ring6_amplitude.yaml,persistent_warm_cli,same_run01_x8,2,0.69263369,0.302487884,0.187154332,0.118532262,0.000296144,2.966e-06,wrk_67f34c5d7d458afb,65,plan_9681ead327789de4,True,False,,,,
same_run01_x8_07_run01,/home/ubuntu/quantum-workload-architecture/workloads/manifests/imported/ovh_v2/01_real_dense_ring6_amplitude.yaml,persistent_warm_cli,same_run01_x8,2,0.709979693,0.286566715,0.201107159,0.08812439,0.000312619,2.57e-06,wrk_67f34c5d7d458afb,66,plan_9681ead327789de4,True,False,,,,
same_run01_x8_08_run01,/home/ubuntu/quantum-workload-architecture/workloads/manifests/imported/ovh_v2/01_real_dense_ring6_amplitude.yaml,persistent_warm_cli,same_run01_x8,2,0.666468468,0.246783204,0.182195239,0.066924602,0.000204092,2.262e-06,wrk_67f34c5d7d458afb,67,plan_9681ead327789de4,True,False,,,,
same_run06_x1_01_run06,/home/ubuntu/quantum-workload-architecture/workloads/manifests/imported/ovh_v2/06_star_graph_phase_amplitude_heldout_low.yaml,persistent_warm_cli,same_run06_x1,2,0.547413316,0.191160079,0.132645214,0.060702106,0.000174239,2.222e-06,wrk_67f34c5d7d458afb,68,plan_1e9bb43cfe444bbb,True,False,,,,
same_run06_x2_01_run06,/home/ubuntu/quantum-workload-architecture/workloads/manifests/imported/ovh_v2/06_star_graph_phase_amplitude_heldout_low.yaml,persistent_warm_cli,same_run06_x2,2,0.698528182,0.290004211,0.203957538,0.088724796,0.000392449,2.72e-06,wrk_67f34c5d7d458afb,69,plan_1e9bb43cfe444bbb,True,False,,,,
same_run06_x2_02_run06,/home/ubuntu/quantum-workload-architecture/workloads/manifests/imported/ovh_v2/06_star_graph_phase_amplitude_heldout_low.yaml,persistent_warm_cli,same_run06_x2,2,0.56847865,0.190223544,0.119036015,0.073508896,0.000199104,2.127e-06,wrk_67f34c5d7d458afb,70,plan_1e9bb43cfe444bbb,True,False,,,,
same_run06_x4_01_run06,/home/ubuntu/quantum-workload-architecture/workloads/manifests/imported/ovh_v2/06_star_graph_phase_amplitude_heldout_low.yaml,persistent_warm_cli,same_run06_x4,2,0.673943097,0.267423202,0.183265784,0.086758966,0.000392259,2.658e-06,wrk_67f34c5d7d458afb,71,plan_1e9bb43cfe444bbb,True,False,,,,
same_run06_x4_02_run06,/home/ubuntu/quantum-workload-architecture/workloads/manifests/imported/ovh_v2/06_star_graph_phase_amplitude_heldout_low.yaml,persistent_warm_cli,same_run06_x4,2,0.668517792,0.289215871,0.204142916,0.087721575,0.000365956,2.654e-06,wrk_67f34c5d7d458afb,72,plan_1e9bb43cfe444bbb,True,False,,,,
same_run06_x4_03_run06,/home/ubuntu/quantum-workload-architecture/workloads/manifests/imported/ovh_v2/06_star_graph_phase_amplitude_heldout_low.yaml,persistent_warm_cli,same_run06_x4,2,0.665420275,0.279812598,0.204598478,0.077611014,0.000229689,2.617e-06,wrk_67f34c5d7d458afb,73,plan_1e9bb43cfe444bbb,True,False,,,,
same_run06_x4_04_run06,/home/ubuntu/quantum-workload-architecture/workloads/manifests/imported/ovh_v2/06_star_graph_phase_amplitude_heldout_low.yaml,persistent_warm_cli,same_run06_x4,2,0.717386105,0.289783006,0.201483992,0.090892486,0.00034478,2.667e-06,wrk_67f34c5d7d458afb,74,plan_1e9bb43cfe444bbb,True,False,,,,
same_run06_x8_01_run06,/home/ubuntu/quantum-workload-architecture/workloads/manifests/imported/ovh_v2/06_star_graph_phase_amplitude_heldout_low.yaml,persistent_warm_cli,same_run06_x8,2,0.683918745,0.274328616,0.185415845,0.091531817,0.000288801,2.614e-06,wrk_67f34c5d7d458afb,75,plan_1e9bb43cfe444bbb,True,False,,,,
same_run06_x8_02_run06,/home/ubuntu/quantum-workload-architecture/workloads/manifests/imported/ovh_v2/06_star_graph_phase_amplitude_heldout_low.yaml,persistent_warm_cli,same_run06_x8,2,0.674445093,0.294802362,0.201140595,0.096411446,0.000303778,2.636e-06,wrk_67f34c5d7d458afb,76,plan_1e9bb43cfe444bbb,True,False,,,,
same_run06_x8_03_run06,/home/ubuntu/quantum-workload-architecture/workloads/manifests/imported/ovh_v2/06_star_graph_phase_amplitude_heldout_low.yaml,persistent_warm_cli,same_run06_x8,2,0.689616011,0.283539067,0.195159036,0.091122361,0.000295955,2.561e-06,wrk_67f34c5d7d458afb,77,plan_1e9bb43cfe444bbb,True,False,,,,
same_run06_x8_04_run06,/home/ubuntu/quantum-workload-architecture/workloads/manifests/imported/ovh_v2/06_star_graph_phase_amplitude_heldout_low.yaml,persistent_warm_cli,same_run06_x8,2,0.669407277,0.283868176,0.194539826,0.091833628,0.000315601,2.333e-06,wrk_67f34c5d7d458afb,78,plan_1e9bb43cfe444bbb,True,False,,,,
same_run06_x8_05_run06,/home/ubuntu/quantum-workload-architecture/workloads/manifests/imported/ovh_v2/06_star_graph_phase_amplitude_heldout_low.yaml,persistent_warm_cli,same_run06_x8,2,0.699270219,0.277089002,0.190325845,0.089375207,0.000324016,2.253e-06,wrk_67f34c5d7d458afb,79,plan_1e9bb43cfe444bbb,True,False,,,,
same_run06_x8_06_run06,/home/ubuntu/quantum-workload-architecture/workloads/manifests/imported/ovh_v2/06_star_graph_phase_amplitude_heldout_low.yaml,persistent_warm_cli,same_run06_x8,2,0.695861479,0.272725239,0.197206768,0.07791878,0.00020957,2.887e-06,wrk_67f34c5d7d458afb,80,plan_1e9bb43cfe444bbb,True,False,,,,
same_run06_x8_07_run06,/home/ubuntu/quantum-workload-architecture/workloads/manifests/imported/ovh_v2/06_star_graph_phase_amplitude_heldout_low.yaml,persistent_warm_cli,same_run06_x8,2,0.658577364,0.275813591,0.194433371,0.083958221,0.000411698,2.532e-06,wrk_67f34c5d7d458afb,81,plan_1e9bb43cfe444bbb,True,False,,,,
same_run06_x8_08_run06,/home/ubuntu/quantum-workload-architecture/workloads/manifests/imported/ovh_v2/06_star_graph_phase_amplitude_heldout_low.yaml,persistent_warm_cli,same_run06_x8,2,0.719674316,0.320706801,0.202831167,0.121184737,0.000266572,3.76e-06,wrk_67f34c5d7d458afb,82,plan_1e9bb43cfe444bbb,True,False,,,,
same_run08_x1_01_run08,/home/ubuntu/quantum-workload-architecture/workloads/manifests/imported/ovh_v2/08_parity_iqp_batched_heldout_medium.yaml,persistent_warm_cli,same_run08_x1,2,0.67390277,0.302309893,0.194312181,0.111894812,0.000290337,4.242e-06,wrk_67f34c5d7d458afb,83,plan_7209297490c788dd,True,False,,,,
same_run08_x2_01_run08,/home/ubuntu/quantum-workload-architecture/workloads/manifests/imported/ovh_v2/08_parity_iqp_batched_heldout_medium.yaml,persistent_warm_cli,same_run08_x2,2,0.643859238,0.225277548,0.136204479,0.091571942,0.000347639,1.4735e-05,wrk_67f34c5d7d458afb,84,plan_7209297490c788dd,True,False,,,,
same_run08_x2_02_run08,/home/ubuntu/quantum-workload-architecture/workloads/manifests/imported/ovh_v2/08_parity_iqp_batched_heldout_medium.yaml,persistent_warm_cli,same_run08_x2,2,0.646563247,0.257803623,0.184643825,0.075562469,0.000216456,2.505e-06,wrk_67f34c5d7d458afb,85,plan_7209297490c788dd,True,False,,,,
same_run08_x4_01_run08,/home/ubuntu/quantum-workload-architecture/workloads/manifests/imported/ovh_v2/08_parity_iqp_batched_heldout_medium.yaml,persistent_warm_cli,same_run08_x4,2,0.646422294,0.285474203,0.200441073,0.087539037,0.000286755,2.214e-06,wrk_67f34c5d7d458afb,86,plan_7209297490c788dd,True,False,,,,
same_run08_x4_02_run08,/home/ubuntu/quantum-workload-architecture/workloads/manifests/imported/ovh_v2/08_parity_iqp_batched_heldout_medium.yaml,persistent_warm_cli,same_run08_x4,2,0.708587889,0.285764651,0.202697151,0.085633899,0.000348903,2.581e-06,wrk_67f34c5d7d458afb,87,plan_7209297490c788dd,True,False,,,,
same_run08_x4_03_run08,/home/ubuntu/quantum-workload-architecture/workloads/manifests/imported/ovh_v2/08_parity_iqp_batched_heldout_medium.yaml,persistent_warm_cli,same_run08_x4,2,0.665445833,0.26020658,0.176567153,0.086097358,0.00035336,2.276e-06,wrk_67f34c5d7d458afb,88,plan_7209297490c788dd,True,False,,,,
same_run08_x4_04_run08,/home/ubuntu/quantum-workload-architecture/workloads/manifests/imported/ovh_v2/08_parity_iqp_batched_heldout_medium.yaml,persistent_warm_cli,same_run08_x4,2,0.657248755,0.261893966,0.187355942,0.077037054,0.000288329,2.392e-06,wrk_67f34c5d7d458afb,89,plan_7209297490c788dd,True,False,,,,
same_run08_x8_01_run08,/home/ubuntu/quantum-workload-architecture/workloads/manifests/imported/ovh_v2/08_parity_iqp_batched_heldout_medium.yaml,persistent_warm_cli,same_run08_x8,2,0.651744943,0.257972408,0.177847041,0.082716888,0.000337292,2.888e-06,wrk_67f34c5d7d458afb,90,plan_7209297490c788dd,True,False,,,,
same_run08_x8_02_run08,/home/ubuntu/quantum-workload-architecture/workloads/manifests/imported/ovh_v2/08_parity_iqp_batched_heldout_medium.yaml,persistent_warm_cli,same_run08_x8,2,0.657611433,0.274346654,0.187844162,0.089093038,0.000293566,2.895e-06,wrk_67f34c5d7d458afb,91,plan_7209297490c788dd,True,False,,,,
same_run08_x8_03_run08,/home/ubuntu/quantum-workload-architecture/workloads/manifests/imported/ovh_v2/08_parity_iqp_batched_heldout_medium.yaml,persistent_warm_cli,same_run08_x8,2,0.652442847,0.275749091,0.206582959,0.071590292,0.000306153,2.565e-06,wrk_67f34c5d7d458afb,92,plan_7209297490c788dd,True,False,,,,
same_run08_x8_04_run08,/home/ubuntu/quantum-workload-architecture/workloads/manifests/imported/ovh_v2/08_parity_iqp_batched_heldout_medium.yaml,persistent_warm_cli,same_run08_x8,2,0.68030747,0.296668606,0.213293029,0.085798672,0.000270559,2.388e-06,wrk_67f34c5d7d458afb,93,plan_7209297490c788dd,True,False,,,,
same_run08_x8_05_run08,/home/ubuntu/quantum-workload-architecture/workloads/manifests/imported/ovh_v2/08_parity_iqp_batched_heldout_medium.yaml,persistent_warm_cli,same_run08_x8,2,0.706628525,0.278988163,0.197799858,0.083734971,0.000362316,2.573e-06,wrk_67f34c5d7d458afb,94,plan_7209297490c788dd,True,False,,,,
same_run08_x8_06_run08,/home/ubuntu/quantum-workload-architecture/workloads/manifests/imported/ovh_v2/08_parity_iqp_batched_heldout_medium.yaml,persistent_warm_cli,same_run08_x8,2,0.652725344,0.271153237,0.193924468,0.079738426,0.000319494,2.739e-06,wrk_67f34c5d7d458afb,95,plan_7209297490c788dd,True,False,,,,
same_run08_x8_07_run08,/home/ubuntu/quantum-workload-architecture/workloads/manifests/imported/ovh_v2/08_parity_iqp_batched_heldout_medium.yaml,persistent_warm_cli,same_run08_x8,2,0.647892558,0.270058558,0.191268482,0.081326011,0.00028886,2.778e-06,wrk_67f34c5d7d458afb,96,plan_7209297490c788dd,True,False,,,,
same_run08_x8_08_run08,/home/ubuntu/quantum-workload-architecture/workloads/manifests/imported/ovh_v2/08_parity_iqp_batched_heldout_medium.yaml,persistent_warm_cli,same_run08_x8,2,0.650637172,0.274066752,0.192342836,0.084257305,0.000348229,2.377e-06,wrk_67f34c5d7d458afb,97,plan_7209297490c788dd,True,False,,,,
mixed_trio_x6_01_run01,/home/ubuntu/quantum-workload-architecture/workloads/manifests/imported/ovh_v2/01_real_dense_ring6_amplitude.yaml,persistent_warm_cli,mixed_trio_x6,2,0.62872757,0.257803393,0.206731456,0.053548813,0.000245936,2.377e-06,wrk_67f34c5d7d458afb,98,plan_9681ead327789de4,True,False,,,,
mixed_trio_x6_02_run06,/home/ubuntu/quantum-workload-architecture/workloads/manifests/imported/ovh_v2/06_star_graph_phase_amplitude_heldout_low.yaml,persistent_warm_cli,mixed_trio_x6,2,0.656718475,0.268130474,0.19281934,0.077714067,0.000240043,2.223e-06,wrk_67f34c5d7d458afb,99,plan_1e9bb43cfe444bbb,True,False,,,,
mixed_trio_x6_03_run08,/home/ubuntu/quantum-workload-architecture/workloads/manifests/imported/ovh_v2/08_parity_iqp_batched_heldout_medium.yaml,persistent_warm_cli,mixed_trio_x6,2,0.717190685,0.27604661,0.191708975,0.08689214,0.000331463,2.599e-06,wrk_67f34c5d7d458afb,100,plan_7209297490c788dd,True,False,,,,
mixed_trio_x6_04_run01,/home/ubuntu/quantum-workload-architecture/workloads/manifests/imported/ovh_v2/01_real_dense_ring6_amplitude.yaml,persistent_warm_cli,mixed_trio_x6,2,0.640439818,0.254468165,0.182154537,0.07457717,0.000276576,2.651e-06,wrk_67f34c5d7d458afb,101,plan_9681ead327789de4,True,False,,,,
mixed_trio_x6_05_run06,/home/ubuntu/quantum-workload-architecture/workloads/manifests/imported/ovh_v2/06_star_graph_phase_amplitude_heldout_low.yaml,persistent_warm_cli,mixed_trio_x6,2,0.632880851,0.220460609,0.143294973,0.079783643,0.000289573,2.186e-06,wrk_67f34c5d7d458afb,102,plan_1e9bb43cfe444bbb,True,False,,,,
mixed_trio_x6_06_run08,/home/ubuntu/quantum-workload-architecture/workloads/manifests/imported/ovh_v2/08_parity_iqp_batched_heldout_medium.yaml,persistent_warm_cli,mixed_trio_x6,2,0.726710604,0.324949481,0.205859574,0.123521201,0.000286524,5.065e-06,wrk_67f34c5d7d458afb,103,plan_7209297490c788dd,True,False,,,,
same_run01_x1_01_run01,/home/ubuntu/quantum-workload-architecture/workloads/manifests/imported/ovh_v2/01_real_dense_ring6_amplitude.yaml,persistent_warm_cli,same_run01_x1,3,0.707718875,0.281854784,0.177911996,0.106647168,0.000331956,2.603e-06,wrk_67f34c5d7d458afb,104,plan_9681ead327789de4,True,False,,,,
same_run01_x2_01_run01,/home/ubuntu/quantum-workload-architecture/workloads/manifests/imported/ovh_v2/01_real_dense_ring6_amplitude.yaml,persistent_warm_cli,same_run01_x2,3,0.607020447,0.224508517,0.152855811,0.0741137,0.000323608,2.262e-06,wrk_67f34c5d7d458afb,105,plan_9681ead327789de4,True,False,,,,
same_run01_x2_02_run01,/home/ubuntu/quantum-workload-architecture/workloads/manifests/imported/ovh_v2/01_real_dense_ring6_amplitude.yaml,persistent_warm_cli,same_run01_x2,3,0.649563444,0.259503557,0.178120848,0.083889523,0.000286029,2.686e-06,wrk_67f34c5d7d458afb,106,plan_9681ead327789de4,True,False,,,,
same_run01_x4_01_run01,/home/ubuntu/quantum-workload-architecture/workloads/manifests/imported/ovh_v2/01_real_dense_ring6_amplitude.yaml,persistent_warm_cli,same_run01_x4,3,0.683629984,0.266286135,0.199376446,0.069426701,0.000314032,2.45e-06,wrk_67f34c5d7d458afb,107,plan_9681ead327789de4,True,False,,,,
same_run01_x4_02_run01,/home/ubuntu/quantum-workload-architecture/workloads/manifests/imported/ovh_v2/01_real_dense_ring6_amplitude.yaml,persistent_warm_cli,same_run01_x4,3,0.699973706,0.283099809,0.199316012,0.086283682,0.00028989,2.256e-06,wrk_67f34c5d7d458afb,108,plan_9681ead327789de4,True,False,,,,
same_run01_x4_03_run01,/home/ubuntu/quantum-workload-architecture/workloads/manifests/imported/ovh_v2/01_real_dense_ring6_amplitude.yaml,persistent_warm_cli,same_run01_x4,3,0.700255895,0.28130925,0.192622224,0.091310714,0.000287683,2.623e-06,wrk_67f34c5d7d458afb,109,plan_9681ead327789de4,True,False,,,,
same_run01_x4_04_run01,/home/ubuntu/quantum-workload-architecture/workloads/manifests/imported/ovh_v2/01_real_dense_ring6_amplitude.yaml,persistent_warm_cli,same_run01_x4,3,0.626515916,0.246588628,0.171057408,0.077897203,0.000287207,2.138e-06,wrk_67f34c5d7d458afb,110,plan_9681ead327789de4,True,False,,,,
same_run01_x8_01_run01,/home/ubuntu/quantum-workload-architecture/workloads/manifests/imported/ovh_v2/01_real_dense_ring6_amplitude.yaml,persistent_warm_cli,same_run01_x8,3,0.660792455,0.264823609,0.179936399,0.087404713,0.000301267,3.092e-06,wrk_67f34c5d7d458afb,111,plan_9681ead327789de4,True,False,,,,
same_run01_x8_02_run01,/home/ubuntu/quantum-workload-architecture/workloads/manifests/imported/ovh_v2/01_real_dense_ring6_amplitude.yaml,persistent_warm_cli,same_run01_x8,3,0.69199869,0.273881371,0.197122529,0.079263105,0.000305611,2.434e-06,wrk_67f34c5d7d458afb,112,plan_9681ead327789de4,True,False,,,,
same_run01_x8_03_run01,/home/ubuntu/quantum-workload-architecture/workloads/manifests/imported/ovh_v2/01_real_dense_ring6_amplitude.yaml,persistent_warm_cli,same_run01_x8,3,0.635744888,0.280246806,0.201921361,0.080906428,0.000276766,2.563e-06,wrk_67f34c5d7d458afb,113,plan_9681ead327789de4,True,False,,,,
same_run01_x8_04_run01,/home/ubuntu/quantum-workload-architecture/workloads/manifests/imported/ovh_v2/01_real_dense_ring6_amplitude.yaml,persistent_warm_cli,same_run01_x8,3,0.641368528,0.26321918,0.177596056,0.088178931,0.000322101,2.494e-06,wrk_67f34c5d7d458afb,114,plan_9681ead327789de4,True,False,,,,
same_run01_x8_05_run01,/home/ubuntu/quantum-workload-architecture/workloads/manifests/imported/ovh_v2/01_real_dense_ring6_amplitude.yaml,persistent_warm_cli,same_run01_x8,3,0.719741276,0.293045239,0.191317969,0.104218229,0.00020972,2.513e-06,wrk_67f34c5d7d458afb,115,plan_9681ead327789de4,True,False,,,,
same_run01_x8_06_run01,/home/ubuntu/quantum-workload-architecture/workloads/manifests/imported/ovh_v2/01_real_dense_ring6_amplitude.yaml,persistent_warm_cli,same_run01_x8,3,0.632768412,0.243750735,0.177752961,0.068152606,0.000224988,2.236e-06,wrk_67f34c5d7d458afb,116,plan_9681ead327789de4,True,False,,,,
same_run01_x8_07_run01,/home/ubuntu/quantum-workload-architecture/workloads/manifests/imported/ovh_v2/01_real_dense_ring6_amplitude.yaml,persistent_warm_cli,same_run01_x8,3,0.683823168,0.264383593,0.181480887,0.085416863,0.000286586,2.768e-06,wrk_67f34c5d7d458afb,117,plan_9681ead327789de4,True,False,,,,
same_run01_x8_08_run01,/home/ubuntu/quantum-workload-architecture/workloads/manifests/imported/ovh_v2/01_real_dense_ring6_amplitude.yaml,persistent_warm_cli,same_run01_x8,3,0.648011417,0.249194885,0.169696927,0.082350859,0.00030089,2.559e-06,wrk_67f34c5d7d458afb,118,plan_9681ead327789de4,True,False,,,,
same_run06_x1_01_run06,/home/ubuntu/quantum-workload-architecture/workloads/manifests/imported/ovh_v2/06_star_graph_phase_amplitude_heldout_low.yaml,persistent_warm_cli,same_run06_x1,3,0.564195682,0.181506179,0.126144956,0.057406594,0.000137122,2.459e-06,wrk_67f34c5d7d458afb,119,plan_1e9bb43cfe444bbb,True,False,,,,
same_run06_x2_01_run06,/home/ubuntu/quantum-workload-architecture/workloads/manifests/imported/ovh_v2/06_star_graph_phase_amplitude_heldout_low.yaml,persistent_warm_cli,same_run06_x2,3,0.66593241,0.231791866,0.143488906,0.091035805,0.000304413,2.526e-06,wrk_67f34c5d7d458afb,120,plan_1e9bb43cfe444bbb,True,False,,,,
same_run06_x2_02_run06,/home/ubuntu/quantum-workload-architecture/workloads/manifests/imported/ovh_v2/06_star_graph_phase_amplitude_heldout_low.yaml,persistent_warm_cli,same_run06_x2,3,0.659576126,0.256896164,0.174271196,0.085242845,0.000295562,2.459e-06,wrk_67f34c5d7d458afb,121,plan_1e9bb43cfe444bbb,True,False,,,,
same_run06_x4_01_run06,/home/ubuntu/quantum-workload-architecture/workloads/manifests/imported/ovh_v2/06_star_graph_phase_amplitude_heldout_low.yaml,persistent_warm_cli,same_run06_x4,3,0.659106935,0.241908173,0.156666644,0.087746933,0.000286638,2.5e-06,wrk_67f34c5d7d458afb,122,plan_1e9bb43cfe444bbb,True,False,,,,
same_run06_x4_02_run06,/home/ubuntu/quantum-workload-architecture/workloads/manifests/imported/ovh_v2/06_star_graph_phase_amplitude_heldout_low.yaml,persistent_warm_cli,same_run06_x4,3,0.677368391,0.31482825,0.199240509,0.118620792,0.000348036,2.781e-06,wrk_67f34c5d7d458afb,123,plan_1e9bb43cfe444bbb,True,False,,,,
same_run06_x4_03_run06,/home/ubuntu/quantum-workload-architecture/workloads/manifests/imported/ovh_v2/06_star_graph_phase_amplitude_heldout_low.yaml,persistent_warm_cli,same_run06_x4,3,0.713874381,0.275727796,0.190244642,0.088097743,0.00029845,2.512e-06,wrk_67f34c5d7d458afb,124,plan_1e9bb43cfe444bbb,True,False,,,,
same_run06_x4_04_run06,/home/ubuntu/quantum-workload-architecture/workloads/manifests/imported/ovh_v2/06_star_graph_phase_amplitude_heldout_low.yaml,persistent_warm_cli,same_run06_x4,3,0.644932791,0.230133515,0.175117032,0.057119795,0.000166846,2.319e-06,wrk_67f34c5d7d458afb,125,plan_1e9bb43cfe444bbb,True,False,,,,
same_run06_x8_01_run06,/home/ubuntu/quantum-workload-architecture/workloads/manifests/imported/ovh_v2/06_star_graph_phase_amplitude_heldout_low.yaml,persistent_warm_cli,same_run06_x8,3,0.679307528,0.259132508,0.160432174,0.101484419,0.000336916,2.442e-06,wrk_67f34c5d7d458afb,126,plan_1e9bb43cfe444bbb,True,False,,,,
same_run06_x8_02_run06,/home/ubuntu/quantum-workload-architecture/workloads/manifests/imported/ovh_v2/06_star_graph_phase_amplitude_heldout_low.yaml,persistent_warm_cli,same_run06_x8,3,0.679093509,0.274996979,0.180563659,0.097148508,0.000294051,2.504e-06,wrk_67f34c5d7d458afb,127,plan_1e9bb43cfe444bbb,True,False,,,,
same_run06_x8_03_run06,/home/ubuntu/quantum-workload-architecture/workloads/manifests/imported/ovh_v2/06_star_graph_phase_amplitude_heldout_low.yaml,persistent_warm_cli,same_run06_x8,3,0.643372075,0.249633253,0.156700976,0.095074176,0.000199219,2.512e-06,wrk_67f34c5d7d458afb,128,plan_1e9bb43cfe444bbb,True,False,,,,
same_run06_x8_04_run06,/home/ubuntu/quantum-workload-architecture/workloads/manifests/imported/ovh_v2/06_star_graph_phase_amplitude_heldout_low.yaml,persistent_warm_cli,same_run06_x8,3,0.590745954,0.230598713,0.145494386,0.087383787,0.000268896,2.317e-06,wrk_67f34c5d7d458afb,129,plan_1e9bb43cfe444bbb,True,False,,,,
same_run06_x8_05_run06,/home/ubuntu/quantum-workload-architecture/workloads/manifests/imported/ovh_v2/06_star_graph_phase_amplitude_heldout_low.yaml,persistent_warm_cli,same_run06_x8,3,0.628995758,0.228005138,0.137028513,0.093159006,0.000238877,2.289e-06,wrk_67f34c5d7d458afb,130,plan_1e9bb43cfe444bbb,True,False,,,,
same_run06_x8_06_run06,/home/ubuntu/quantum-workload-architecture/workloads/manifests/imported/ovh_v2/06_star_graph_phase_amplitude_heldout_low.yaml,persistent_warm_cli,same_run06_x8,3,0.631946007,0.217567432,0.143815059,0.075798477,0.000141791,2.673e-06,wrk_67f34c5d7d458afb,131,plan_1e9bb43cfe444bbb,True,False,,,,
same_run06_x8_07_run06,/home/ubuntu/quantum-workload-architecture/workloads/manifests/imported/ovh_v2/06_star_graph_phase_amplitude_heldout_low.yaml,persistent_warm_cli,same_run06_x8,3,0.512571983,0.166910917,0.114289043,0.054558243,0.000119312,2.138e-06,wrk_67f34c5d7d458afb,132,plan_1e9bb43cfe444bbb,True,False,,,,
same_run06_x8_08_run06,/home/ubuntu/quantum-workload-architecture/workloads/manifests/imported/ovh_v2/06_star_graph_phase_amplitude_heldout_low.yaml,persistent_warm_cli,same_run06_x8,3,0.679519391,0.271359769,0.179858391,0.094121508,0.000321943,2.285e-06,wrk_67f34c5d7d458afb,133,plan_1e9bb43cfe444bbb,True,False,,,,
same_run08_x1_01_run08,/home/ubuntu/quantum-workload-architecture/workloads/manifests/imported/ovh_v2/08_parity_iqp_batched_heldout_medium.yaml,persistent_warm_cli,same_run08_x1,3,0.661884653,0.242060466,0.162093612,0.082471715,0.000305629,2.557e-06,wrk_67f34c5d7d458afb,134,plan_7209297490c788dd,True,False,,,,
same_run08_x2_01_run08,/home/ubuntu/quantum-workload-architecture/workloads/manifests/imported/ovh_v2/08_parity_iqp_batched_heldout_medium.yaml,persistent_warm_cli,same_run08_x2,3,0.668059826,0.275071906,0.194847266,0.082637586,0.000337469,2.492e-06,wrk_67f34c5d7d458afb,135,plan_7209297490c788dd,True,False,,,,
same_run08_x2_02_run08,/home/ubuntu/quantum-workload-architecture/workloads/manifests/imported/ovh_v2/08_parity_iqp_batched_heldout_medium.yaml,persistent_warm_cli,same_run08_x2,3,0.653634969,0.267799288,0.180479922,0.089775336,0.000286809,2.489e-06,wrk_67f34c5d7d458afb,136,plan_7209297490c788dd,True,False,,,,
same_run08_x4_01_run08,/home/ubuntu/quantum-workload-architecture/workloads/manifests/imported/ovh_v2/08_parity_iqp_batched_heldout_medium.yaml,persistent_warm_cli,same_run08_x4,3,0.665028411,0.275836393,0.196705434,0.081653498,0.000287885,2.536e-06,wrk_67f34c5d7d458afb,137,plan_7209297490c788dd,True,False,,,,
same_run08_x4_02_run08,/home/ubuntu/quantum-workload-architecture/workloads/manifests/imported/ovh_v2/08_parity_iqp_batched_heldout_medium.yaml,persistent_warm_cli,same_run08_x4,3,0.627245373,0.237863688,0.153408955,0.086842276,0.000285302,3.157e-06,wrk_67f34c5d7d458afb,138,plan_7209297490c788dd,True,False,,,,
same_run08_x4_03_run08,/home/ubuntu/quantum-workload-architecture/workloads/manifests/imported/ovh_v2/08_parity_iqp_batched_heldout_medium.yaml,persistent_warm_cli,same_run08_x4,3,0.664464636,0.28331218,0.200566195,0.0852691,0.00031445,2.878e-06,wrk_67f34c5d7d458afb,139,plan_7209297490c788dd,True,False,,,,
same_run08_x4_04_run08,/home/ubuntu/quantum-workload-architecture/workloads/manifests/imported/ovh_v2/08_parity_iqp_batched_heldout_medium.yaml,persistent_warm_cli,same_run08_x4,3,0.662701554,0.250260251,0.149580014,0.103231895,0.000281265,2.723e-06,wrk_67f34c5d7d458afb,140,plan_7209297490c788dd,True,False,,,,
same_run08_x8_01_run08,/home/ubuntu/quantum-workload-architecture/workloads/manifests/imported/ovh_v2/08_parity_iqp_batched_heldout_medium.yaml,persistent_warm_cli,same_run08_x8,3,0.706170103,0.269251069,0.19881165,0.073053411,0.000274588,2.236e-06,wrk_67f34c5d7d458afb,141,plan_7209297490c788dd,True,False,,,,
same_run08_x8_02_run08,/home/ubuntu/quantum-workload-architecture/workloads/manifests/imported/ovh_v2/08_parity_iqp_batched_heldout_medium.yaml,persistent_warm_cli,same_run08_x8,3,0.67565322,0.243374002,0.173314685,0.072270109,0.000246404,2.703e-06,wrk_67f34c5d7d458afb,142,plan_7209297490c788dd,True,False,,,,
same_run08_x8_03_run08,/home/ubuntu/quantum-workload-architecture/workloads/manifests/imported/ovh_v2/08_parity_iqp_batched_heldout_medium.yaml,persistent_warm_cli,same_run08_x8,3,0.658696389,0.231489014,0.148077364,0.085835126,0.000318513,2.91e-06,wrk_67f34c5d7d458afb,143,plan_7209297490c788dd,True,False,,,,
same_run08_x8_04_run08,/home/ubuntu/quantum-workload-architecture/workloads/manifests/imported/ovh_v2/08_parity_iqp_batched_heldout_medium.yaml,persistent_warm_cli,same_run08_x8,3,0.645277189,0.261836279,0.18484925,0.079346705,0.000215649,3.027e-06,wrk_67f34c5d7d458afb,144,plan_7209297490c788dd,True,False,,,,
same_run08_x8_05_run08,/home/ubuntu/quantum-workload-architecture/workloads/manifests/imported/ovh_v2/08_parity_iqp_batched_heldout_medium.yaml,persistent_warm_cli,same_run08_x8,3,0.631864202,0.261691717,0.181822849,0.082263776,0.000283488,2.346e-06,wrk_67f34c5d7d458afb,145,plan_7209297490c788dd,True,False,,,,
same_run08_x8_06_run08,/home/ubuntu/quantum-workload-architecture/workloads/manifests/imported/ovh_v2/08_parity_iqp_batched_heldout_medium.yaml,persistent_warm_cli,same_run08_x8,3,0.590614418,0.21541262,0.129479035,0.08841896,0.000284099,2.308e-06,wrk_67f34c5d7d458afb,146,plan_7209297490c788dd,True,False,,,,
same_run08_x8_07_run08,/home/ubuntu/quantum-workload-architecture/workloads/manifests/imported/ovh_v2/08_parity_iqp_batched_heldout_medium.yaml,persistent_warm_cli,same_run08_x8,3,0.669497016,0.283476578,0.197918917,0.088162532,0.00031788,2.569e-06,wrk_67f34c5d7d458afb,147,plan_7209297490c788dd,True,False,,,,
same_run08_x8_08_run08,/home/ubuntu/quantum-workload-architecture/workloads/manifests/imported/ovh_v2/08_parity_iqp_batched_heldout_medium.yaml,persistent_warm_cli,same_run08_x8,3,0.648500201,0.234090229,0.167714575,0.068574596,0.000271826,2.234e-06,wrk_67f34c5d7d458afb,148,plan_7209297490c788dd,True,False,,,,
mixed_trio_x6_01_run01,/home/ubuntu/quantum-workload-architecture/workloads/manifests/imported/ovh_v2/01_real_dense_ring6_amplitude.yaml,persistent_warm_cli,mixed_trio_x6,3,0.660942034,0.265610818,0.184080831,0.084004066,0.000368606,2.733e-06,wrk_67f34c5d7d458afb,149,plan_9681ead327789de4,True,False,,,,
mixed_trio_x6_02_run06,/home/ubuntu/quantum-workload-architecture/workloads/manifests/imported/ovh_v2/06_star_graph_phase_amplitude_heldout_low.yaml,persistent_warm_cli,mixed_trio_x6,3,0.642653582,0.275114232,0.198097199,0.079610831,0.000273929,2.482e-06,wrk_67f34c5d7d458afb,150,plan_1e9bb43cfe444bbb,True,False,,,,
mixed_trio_x6_03_run08,/home/ubuntu/quantum-workload-architecture/workloads/manifests/imported/ovh_v2/08_parity_iqp_batched_heldout_medium.yaml,persistent_warm_cli,mixed_trio_x6,3,0.646874953,0.269880612,0.185264297,0.087073152,0.000322051,2.373e-06,wrk_67f34c5d7d458afb,151,plan_7209297490c788dd,True,False,,,,
mixed_trio_x6_04_run01,/home/ubuntu/quantum-workload-architecture/workloads/manifests/imported/ovh_v2/01_real_dense_ring6_amplitude.yaml,persistent_warm_cli,mixed_trio_x6,3,0.706871021,0.271892691,0.193583209,0.080789024,0.000271425,2.312e-06,wrk_67f34c5d7d458afb,152,plan_9681ead327789de4,True,False,,,,
mixed_trio_x6_05_run06,/home/ubuntu/quantum-workload-architecture/workloads/manifests/imported/ovh_v2/06_star_graph_phase_amplitude_heldout_low.yaml,persistent_warm_cli,mixed_trio_x6,3,0.580812798,0.217314786,0.142687575,0.076987327,0.000248008,2.135e-06,wrk_67f34c5d7d458afb,153,plan_1e9bb43cfe444bbb,True,False,,,,
mixed_trio_x6_06_run08,/home/ubuntu/quantum-workload-architecture/workloads/manifests/imported/ovh_v2/08_parity_iqp_batched_heldout_medium.yaml,persistent_warm_cli,mixed_trio_x6,3,0.729950583,0.283619643,0.199101508,0.087022365,0.000337127,2.542e-06,wrk_67f34c5d7d458afb,154,plan_7209297490c788dd,True,False,,,,
same_run01_x1_01_run01,/home/ubuntu/quantum-workload-architecture/workloads/manifests/imported/ovh_v2/01_real_dense_ring6_amplitude.yaml,persistent_warm_cli,same_run01_x1,4,0.664466207,0.280584032,0.192209089,0.091039112,0.000297982,2.469e-06,wrk_67f34c5d7d458afb,155,plan_9681ead327789de4,True,False,,,,
same_run01_x2_01_run01,/home/ubuntu/quantum-workload-architecture/workloads/manifests/imported/ovh_v2/01_real_dense_ring6_amplitude.yaml,persistent_warm_cli,same_run01_x2,4,0.694592317,0.273860019,0.188996744,0.087404324,0.000351553,2.327e-06,wrk_67f34c5d7d458afb,156,plan_9681ead327789de4,True,False,,,,
same_run01_x2_02_run01,/home/ubuntu/quantum-workload-architecture/workloads/manifests/imported/ovh_v2/01_real_dense_ring6_amplitude.yaml,persistent_warm_cli,same_run01_x2,4,0.651811481,0.232376934,0.155429709,0.079535772,0.000343344,2.668e-06,wrk_67f34c5d7d458afb,157,plan_9681ead327789de4,True,False,,,,
same_run01_x4_01_run01,/home/ubuntu/quantum-workload-architecture/workloads/manifests/imported/ovh_v2/01_real_dense_ring6_amplitude.yaml,persistent_warm_cli,same_run01_x4,4,0.626733203,0.214202516,0.154903285,0.061453413,0.000222867,2.351e-06,wrk_67f34c5d7d458afb,158,plan_9681ead327789de4,True,False,,,,
same_run01_x4_02_run01,/home/ubuntu/quantum-workload-architecture/workloads/manifests/imported/ovh_v2/01_real_dense_ring6_amplitude.yaml,persistent_warm_cli,same_run01_x4,4,0.626307689,0.245811123,0.158625457,0.089742654,0.000290298,2.797e-06,wrk_67f34c5d7d458afb,159,plan_9681ead327789de4,True,False,,,,
same_run01_x4_03_run01,/home/ubuntu/quantum-workload-architecture/workloads/manifests/imported/ovh_v2/01_real_dense_ring6_amplitude.yaml,persistent_warm_cli,same_run01_x4,4,0.688411559,0.288868921,0.201120252,0.090363506,0.000305082,2.497e-06,wrk_67f34c5d7d458afb,160,plan_9681ead327789de4,True,False,,,,
same_run01_x4_04_run01,/home/ubuntu/quantum-workload-architecture/workloads/manifests/imported/ovh_v2/01_real_dense_ring6_amplitude.yaml,persistent_warm_cli,same_run01_x4,4,0.568378484,0.197335311,0.147184852,0.052069861,0.000154319,2.544e-06,wrk_67f34c5d7d458afb,161,plan_9681ead327789de4,True,False,,,,
same_run01_x8_01_run01,/home/ubuntu/quantum-workload-architecture/workloads/manifests/imported/ovh_v2/01_real_dense_ring6_amplitude.yaml,persistent_warm_cli,same_run01_x8,4,0.599426908,0.219173704,0.156677917,0.064597878,0.00019277,2.164e-06,wrk_67f34c5d7d458afb,162,plan_9681ead327789de4,True,False,,,,
same_run01_x8_02_run01,/home/ubuntu/quantum-workload-architecture/workloads/manifests/imported/ovh_v2/01_real_dense_ring6_amplitude.yaml,persistent_warm_cli,same_run01_x8,4,0.656615174,0.237554218,0.158769602,0.08127717,0.000293009,2.289e-06,wrk_67f34c5d7d458afb,163,plan_9681ead327789de4,True,False,,,,
same_run01_x8_03_run01,/home/ubuntu/quantum-workload-architecture/workloads/manifests/imported/ovh_v2/01_real_dense_ring6_amplitude.yaml,persistent_warm_cli,same_run01_x8,4,0.603953358,0.217019602,0.166165676,0.052897699,0.000154663,2.378e-06,wrk_67f34c5d7d458afb,164,plan_9681ead327789de4,True,False,,,,
same_run01_x8_04_run01,/home/ubuntu/quantum-workload-architecture/workloads/manifests/imported/ovh_v2/01_real_dense_ring6_amplitude.yaml,persistent_warm_cli,same_run01_x8,4,0.654151626,0.249375289,0.165512937,0.086431779,0.000330536,2.986e-06,wrk_67f34c5d7d458afb,165,plan_9681ead327789de4,True,False,,,,
same_run01_x8_05_run01,/home/ubuntu/quantum-workload-architecture/workloads/manifests/imported/ovh_v2/01_real_dense_ring6_amplitude.yaml,persistent_warm_cli,same_run01_x8,4,0.653297697,0.268582334,0.186517267,0.084683464,0.000287677,3.549e-06,wrk_67f34c5d7d458afb,166,plan_9681ead327789de4,True,False,,,,
same_run01_x8_06_run01,/home/ubuntu/quantum-workload-architecture/workloads/manifests/imported/ovh_v2/01_real_dense_ring6_amplitude.yaml,persistent_warm_cli,same_run01_x8,4,0.653466773,0.279073507,0.168328951,0.113663618,0.000300096,2.942e-06,wrk_67f34c5d7d458afb,167,plan_9681ead327789de4,True,False,,,,
same_run01_x8_07_run01,/home/ubuntu/quantum-workload-architecture/workloads/manifests/imported/ovh_v2/01_real_dense_ring6_amplitude.yaml,persistent_warm_cli,same_run01_x8,4,0.679974187,0.258085888,0.186933834,0.073669702,0.000258507,2.643e-06,wrk_67f34c5d7d458afb,168,plan_9681ead327789de4,True,False,,,,
same_run01_x8_08_run01,/home/ubuntu/quantum-workload-architecture/workloads/manifests/imported/ovh_v2/01_real_dense_ring6_amplitude.yaml,persistent_warm_cli,same_run01_x8,4,0.663255915,0.240991438,0.170880768,0.073582713,0.000303119,2.419e-06,wrk_67f34c5d7d458afb,169,plan_9681ead327789de4,True,False,,,,
same_run06_x1_01_run06,/home/ubuntu/quantum-workload-architecture/workloads/manifests/imported/ovh_v2/06_star_graph_phase_amplitude_heldout_low.yaml,persistent_warm_cli,same_run06_x1,4,0.623008661,0.248844626,0.165550745,0.085904017,0.000321161,2.746e-06,wrk_67f34c5d7d458afb,170,plan_1e9bb43cfe444bbb,True,False,,,,
same_run06_x2_01_run06,/home/ubuntu/quantum-workload-architecture/workloads/manifests/imported/ovh_v2/06_star_graph_phase_amplitude_heldout_low.yaml,persistent_warm_cli,same_run06_x2,4,0.704560304,0.287657261,0.18670685,0.103447055,0.000285617,2.208e-06,wrk_67f34c5d7d458afb,171,plan_1e9bb43cfe444bbb,True,False,,,,
same_run06_x2_02_run06,/home/ubuntu/quantum-workload-architecture/workloads/manifests/imported/ovh_v2/06_star_graph_phase_amplitude_heldout_low.yaml,persistent_warm_cli,same_run06_x2,4,0.64704293,0.266303416,0.176850245,0.092106101,0.000291957,2.338e-06,wrk_67f34c5d7d458afb,172,plan_1e9bb43cfe444bbb,True,False,,,,
same_run06_x4_01_run06,/home/ubuntu/quantum-workload-architecture/workloads/manifests/imported/ovh_v2/06_star_graph_phase_amplitude_heldout_low.yaml,persistent_warm_cli,same_run06_x4,4,0.647891328,0.264947546,0.175234428,0.092310057,0.000336759,2.307e-06,wrk_67f34c5d7d458afb,173,plan_1e9bb43cfe444bbb,True,False,,,,
same_run06_x4_02_run06,/home/ubuntu/quantum-workload-architecture/workloads/manifests/imported/ovh_v2/06_star_graph_phase_amplitude_heldout_low.yaml,persistent_warm_cli,same_run06_x4,4,0.654526009,0.271514916,0.186103929,0.090031086,0.000321118,2.558e-06,wrk_67f34c5d7d458afb,174,plan_1e9bb43cfe444bbb,True,False,,,,
same_run06_x4_03_run06,/home/ubuntu/quantum-workload-architecture/workloads/manifests/imported/ovh_v2/06_star_graph_phase_amplitude_heldout_low.yaml,persistent_warm_cli,same_run06_x4,4,0.611878393,0.220033045,0.132305651,0.090346388,0.000335696,3.112e-06,wrk_67f34c5d7d458afb,175,plan_1e9bb43cfe444bbb,True,False,,,,
same_run06_x4_04_run06,/home/ubuntu/quantum-workload-architecture/workloads/manifests/imported/ovh_v2/06_star_graph_phase_amplitude_heldout_low.yaml,persistent_warm_cli,same_run06_x4,4,0.619131439,0.24529766,0.164168355,0.083650636,0.000281544,2.581e-06,wrk_67f34c5d7d458afb,176,plan_1e9bb43cfe444bbb,True,False,,,,
same_run06_x8_01_run06,/home/ubuntu/quantum-workload-architecture/workloads/manifests/imported/ovh_v2/06_star_graph_phase_amplitude_heldout_low.yaml,persistent_warm_cli,same_run06_x8,4,0.628371997,0.255062363,0.172706551,0.084944263,0.000295754,2.806e-06,wrk_67f34c5d7d458afb,177,plan_1e9bb43cfe444bbb,True,False,,,,
same_run06_x8_02_run06,/home/ubuntu/quantum-workload-architecture/workloads/manifests/imported/ovh_v2/06_star_graph_phase_amplitude_heldout_low.yaml,persistent_warm_cli,same_run06_x8,4,0.643628613,0.285339395,0.192409214,0.095572575,0.0003263,2.475e-06,wrk_67f34c5d7d458afb,178,plan_1e9bb43cfe444bbb,True,False,,,,
same_run06_x8_03_run06,/home/ubuntu/quantum-workload-architecture/workloads/manifests/imported/ovh_v2/06_star_graph_phase_amplitude_heldout_low.yaml,persistent_warm_cli,same_run06_x8,4,0.693930396,0.27761868,0.18881247,0.091454114,0.000328382,2.27e-06,wrk_67f34c5d7d458afb,179,plan_1e9bb43cfe444bbb,True,False,,,,
same_run06_x8_04_run06,/home/ubuntu/quantum-workload-architecture/workloads/manifests/imported/ovh_v2/06_star_graph_phase_amplitude_heldout_low.yaml,persistent_warm_cli,same_run06_x8,4,0.668672393,0.240918873,0.1515271,0.092074323,0.000353606,3.146e-06,wrk_67f34c5d7d458afb,180,plan_1e9bb43cfe444bbb,True,False,,,,
same_run06_x8_05_run06,/home/ubuntu/quantum-workload-architecture/workloads/manifests/imported/ovh_v2/06_star_graph_phase_amplitude_heldout_low.yaml,persistent_warm_cli,same_run06_x8,4,0.674992361,0.26092113,0.177750966,0.085776163,0.000324491,2.566e-06,wrk_67f34c5d7d458afb,181,plan_1e9bb43cfe444bbb,True,False,,,,
same_run06_x8_06_run06,/home/ubuntu/quantum-workload-architecture/workloads/manifests/imported/ovh_v2/06_star_graph_phase_amplitude_heldout_low.yaml,persistent_warm_cli,same_run06_x8,4,0.70048014,0.284489574,0.194672896,0.092480292,0.000322038,2.393e-06,wrk_67f34c5d7d458afb,182,plan_1e9bb43cfe444bbb,True,False,,,,
same_run06_x8_07_run06,/home/ubuntu/quantum-workload-architecture/workloads/manifests/imported/ovh_v2/06_star_graph_phase_amplitude_heldout_low.yaml,persistent_warm_cli,same_run06_x8,4,0.617739519,0.201143076,0.131655773,0.071875853,0.000226112,2.459e-06,wrk_67f34c5d7d458afb,183,plan_1e9bb43cfe444bbb,True,False,,,,
same_run06_x8_08_run06,/home/ubuntu/quantum-workload-architecture/workloads/manifests/imported/ovh_v2/06_star_graph_phase_amplitude_heldout_low.yaml,persistent_warm_cli,same_run06_x8,4,0.670595575,0.268621043,0.190918586,0.080316082,0.000251817,2.61e-06,wrk_67f34c5d7d458afb,184,plan_1e9bb43cfe444bbb,True,False,,,,
same_run08_x1_01_run08,/home/ubuntu/quantum-workload-architecture/workloads/manifests/imported/ovh_v2/08_parity_iqp_batched_heldout_medium.yaml,persistent_warm_cli,same_run08_x1,4,0.589288653,0.211691266,0.143023549,0.070770666,0.000172116,4.922e-06,wrk_67f34c5d7d458afb,185,plan_7209297490c788dd,True,False,,,,
same_run08_x2_01_run08,/home/ubuntu/quantum-workload-architecture/workloads/manifests/imported/ovh_v2/08_parity_iqp_batched_heldout_medium.yaml,persistent_warm_cli,same_run08_x2,4,0.620933384,0.244823276,0.178556148,0.068683141,0.000283396,2.818e-06,wrk_67f34c5d7d458afb,186,plan_7209297490c788dd,True,False,,,,
same_run08_x2_02_run08,/home/ubuntu/quantum-workload-architecture/workloads/manifests/imported/ovh_v2/08_parity_iqp_batched_heldout_medium.yaml,persistent_warm_cli,same_run08_x2,4,0.617564391,0.241675447,0.176067923,0.067777159,0.000212217,2.295e-06,wrk_67f34c5d7d458afb,187,plan_7209297490c788dd,True,False,,,,
same_run08_x4_01_run08,/home/ubuntu/quantum-workload-architecture/workloads/manifests/imported/ovh_v2/08_parity_iqp_batched_heldout_medium.yaml,persistent_warm_cli,same_run08_x4,4,0.676552351,0.25373721,0.167889847,0.088357095,0.000302464,2.728e-06,wrk_67f34c5d7d458afb,188,plan_7209297490c788dd,True,False,,,,
same_run08_x4_02_run08,/home/ubuntu/quantum-workload-architecture/workloads/manifests/imported/ovh_v2/08_parity_iqp_batched_heldout_medium.yaml,persistent_warm_cli,same_run08_x4,4,0.640058271,0.245747566,0.167684698,0.080464888,0.000336888,2.394e-06,wrk_67f34c5d7d458afb,189,plan_7209297490c788dd,True,False,,,,
same_run08_x4_03_run08,/home/ubuntu/quantum-workload-architecture/workloads/manifests/imported/ovh_v2/08_parity_iqp_batched_heldout_medium.yaml,persistent_warm_cli,same_run08_x4,4,0.661204706,0.247386004,0.16809665,0.081658238,0.000284128,2.225e-06,wrk_67f34c5d7d458afb,190,plan_7209297490c788dd,True,False,,,,
same_run08_x4_04_run08,/home/ubuntu/quantum-workload-architecture/workloads/manifests/imported/ovh_v2/08_parity_iqp_batched_heldout_medium.yaml,persistent_warm_cli,same_run08_x4,4,0.653531811,0.25945047,0.171682809,0.090299091,0.000337476,2.443e-06,wrk_67f34c5d7d458afb,191,plan_7209297490c788dd,True,False,,,,
same_run08_x8_01_run08,/home/ubuntu/quantum-workload-architecture/workloads/manifests/imported/ovh_v2/08_parity_iqp_batched_heldout_medium.yaml,persistent_warm_cli,same_run08_x8,4,0.680462795,0.259855533,0.173610616,0.08873534,0.000295535,2.646e-06,wrk_67f34c5d7d458afb,192,plan_7209297490c788dd,True,False,,,,
same_run08_x8_02_run08,/home/ubuntu/quantum-workload-architecture/workloads/manifests/imported/ovh_v2/08_parity_iqp_batched_heldout_medium.yaml,persistent_warm_cli,same_run08_x8,4,0.697294173,0.278828414,0.193758773,0.087665624,0.000294879,2.666e-06,wrk_67f34c5d7d458afb,193,plan_7209297490c788dd,True,False,,,,
same_run08_x8_03_run08,/home/ubuntu/quantum-workload-architecture/workloads/manifests/imported/ovh_v2/08_parity_iqp_batched_heldout_medium.yaml,persistent_warm_cli,same_run08_x8,4,0.707390537,0.282601914,0.20065837,0.08455867,0.000319965,2.541e-06,wrk_67f34c5d7d458afb,194,plan_7209297490c788dd,True,False,,,,
same_run08_x8_04_run08,/home/ubuntu/quantum-workload-architecture/workloads/manifests/imported/ovh_v2/08_parity_iqp_batched_heldout_medium.yaml,persistent_warm_cli,same_run08_x8,4,0.645384873,0.259668417,0.181395385,0.08083443,0.000302741,2.556e-06,wrk_67f34c5d7d458afb,195,plan_7209297490c788dd,True,False,,,,
same_run08_x8_05_run08,/home/ubuntu/quantum-workload-architecture/workloads/manifests/imported/ovh_v2/08_parity_iqp_batched_heldout_medium.yaml,persistent_warm_cli,same_run08_x8,4,0.691428209,0.266034431,0.181785711,0.086709762,0.000289734,2.233e-06,wrk_67f34c5d7d458afb,196,plan_7209297490c788dd,True,False,,,,
same_run08_x8_06_run08,/home/ubuntu/quantum-workload-architecture/workloads/manifests/imported/ovh_v2/08_parity_iqp_batched_heldout_medium.yaml,persistent_warm_cli,same_run08_x8,4,0.591296604,0.213554489,0.162677415,0.052847036,0.000147413,2.922e-06,wrk_67f34c5d7d458afb,197,plan_7209297490c788dd,True,False,,,,
same_run08_x8_07_run08,/home/ubuntu/quantum-workload-architecture/workloads/manifests/imported/ovh_v2/08_parity_iqp_batched_heldout_medium.yaml,persistent_warm_cli,same_run08_x8,4,0.653015801,0.265371359,0.192273592,0.07536859,0.00024296,2.644e-06,wrk_67f34c5d7d458afb,198,plan_7209297490c788dd,True,False,,,,
same_run08_x8_08_run08,/home/ubuntu/quantum-workload-architecture/workloads/manifests/imported/ovh_v2/08_parity_iqp_batched_heldout_medium.yaml,persistent_warm_cli,same_run08_x8,4,0.658227546,0.24025089,0.159107177,0.083665571,0.000289518,2.382e-06,wrk_67f34c5d7d458afb,199,plan_7209297490c788dd,True,False,,,,
mixed_trio_x6_01_run01,/home/ubuntu/quantum-workload-architecture/workloads/manifests/imported/ovh_v2/01_real_dense_ring6_amplitude.yaml,persistent_warm_cli,mixed_trio_x6,4,0.716089482,0.292299338,0.204811126,0.090152168,0.000325042,2.661e-06,wrk_67f34c5d7d458afb,200,plan_9681ead327789de4,True,False,,,,
mixed_trio_x6_02_run06,/home/ubuntu/quantum-workload-architecture/workloads/manifests/imported/ovh_v2/06_star_graph_phase_amplitude_heldout_low.yaml,persistent_warm_cli,mixed_trio_x6,4,0.666305356,0.240966743,0.155140945,0.088610316,0.000336663,2.474e-06,wrk_67f34c5d7d458afb,201,plan_1e9bb43cfe444bbb,True,False,,,,
mixed_trio_x6_03_run08,/home/ubuntu/quantum-workload-architecture/workloads/manifests/imported/ovh_v2/08_parity_iqp_batched_heldout_medium.yaml,persistent_warm_cli,mixed_trio_x6,4,0.612251665,0.182148382,0.112599628,0.071935898,0.000295096,2.501e-06,wrk_67f34c5d7d458afb,202,plan_7209297490c788dd,True,False,,,,
mixed_trio_x6_04_run01,/home/ubuntu/quantum-workload-architecture/workloads/manifests/imported/ovh_v2/01_real_dense_ring6_amplitude.yaml,persistent_warm_cli,mixed_trio_x6,4,0.625022022,0.193792494,0.138609633,0.057397534,0.000274342,2.678e-06,wrk_67f34c5d7d458afb,203,plan_9681ead327789de4,True,False,,,,
mixed_trio_x6_05_run06,/home/ubuntu/quantum-workload-architecture/workloads/manifests/imported/ovh_v2/06_star_graph_phase_amplitude_heldout_low.yaml,persistent_warm_cli,mixed_trio_x6,4,0.605446826,0.211104423,0.122727796,0.091157105,0.000402862,2.137e-06,wrk_67f34c5d7d458afb,204,plan_1e9bb43cfe444bbb,True,False,,,,
mixed_trio_x6_06_run08,/home/ubuntu/quantum-workload-architecture/workloads/manifests/imported/ovh_v2/08_parity_iqp_batched_heldout_medium.yaml,persistent_warm_cli,mixed_trio_x6,4,0.615484566,0.236422155,0.159606304,0.079246362,0.000307445,1.989e-06,wrk_67f34c5d7d458afb,205,plan_7209297490c788dd,True,False,,,,
same_run01_x1_01_run01,/home/ubuntu/quantum-workload-architecture/workloads/manifests/imported/ovh_v2/01_real_dense_ring6_amplitude.yaml,persistent_warm_cli,same_run01_x1,5,0.505323709,0.162836728,0.113785254,0.05102498,0.000128757,2.106e-06,wrk_67f34c5d7d458afb,206,plan_9681ead327789de4,True,False,,,,
same_run01_x2_01_run01,/home/ubuntu/quantum-workload-architecture/workloads/manifests/imported/ovh_v2/01_real_dense_ring6_amplitude.yaml,persistent_warm_cli,same_run01_x2,5,0.612263369,0.221185568,0.150749117,0.072686506,0.00020716,2.415e-06,wrk_67f34c5d7d458afb,207,plan_9681ead327789de4,True,False,,,,
same_run01_x2_02_run01,/home/ubuntu/quantum-workload-architecture/workloads/manifests/imported/ovh_v2/01_real_dense_ring6_amplitude.yaml,persistent_warm_cli,same_run01_x2,5,0.588673172,0.214496692,0.150211075,0.066731259,0.00025609,2.447e-06,wrk_67f34c5d7d458afb,208,plan_9681ead327789de4,True,False,,,,
same_run01_x4_01_run01,/home/ubuntu/quantum-workload-architecture/workloads/manifests/imported/ovh_v2/01_real_dense_ring6_amplitude.yaml,persistent_warm_cli,same_run01_x4,5,0.630187809,0.230174589,0.174680362,0.057410503,0.000132101,2.541e-06,wrk_67f34c5d7d458afb,209,plan_9681ead327789de4,True,False,,,,
same_run01_x4_02_run01,/home/ubuntu/quantum-workload-architecture/workloads/manifests/imported/ovh_v2/01_real_dense_ring6_amplitude.yaml,persistent_warm_cli,same_run01_x4,5,0.544724968,0.159267043,0.108340275,0.052806956,0.000130132,2.505e-06,wrk_67f34c5d7d458afb,210,plan_9681ead327789de4,True,False,,,,
same_run01_x4_03_run01,/home/ubuntu/quantum-workload-architecture/workloads/manifests/imported/ovh_v2/01_real_dense_ring6_amplitude.yaml,persistent_warm_cli,same_run01_x4,5,0.669246627,0.247217438,0.179163444,0.071038392,0.000291709,2.329e-06,wrk_67f34c5d7d458afb,211,plan_9681ead327789de4,True,False,,,,
same_run01_x4_04_run01,/home/ubuntu/quantum-workload-architecture/workloads/manifests/imported/ovh_v2/01_real_dense_ring6_amplitude.yaml,persistent_warm_cli,same_run01_x4,5,0.529053649,0.1497561,0.100436884,0.051262098,0.000124919,2.815e-06,wrk_67f34c5d7d458afb,212,plan_9681ead327789de4,True,False,,,,
same_run01_x8_01_run01,/home/ubuntu/quantum-workload-architecture/workloads/manifests/imported/ovh_v2/01_real_dense_ring6_amplitude.yaml,persistent_warm_cli,same_run01_x8,5,0.586011323,0.198209854,0.119064315,0.081829663,0.000110499,3.641e-06,wrk_67f34c5d7d458afb,213,plan_9681ead327789de4,True,False,,,,
same_run01_x8_02_run01,/home/ubuntu/quantum-workload-architecture/workloads/manifests/imported/ovh_v2/01_real_dense_ring6_amplitude.yaml,persistent_warm_cli,same_run01_x8,5,0.530456701,0.169321568,0.12019978,0.050987489,0.000122322,2.258e-06,wrk_67f34c5d7d458afb,214,plan_9681ead327789de4,True,False,,,,
same_run01_x8_03_run01,/home/ubuntu/quantum-workload-architecture/workloads/manifests/imported/ovh_v2/01_real_dense_ring6_amplitude.yaml,persistent_warm_cli,same_run01_x8,5,0.579447215,0.217149448,0.153551464,0.065514916,0.000184885,2.189e-06,wrk_67f34c5d7d458afb,215,plan_9681ead327789de4,True,False,,,,
same_run01_x8_04_run01,/home/ubuntu/quantum-workload-architecture/workloads/manifests/imported/ovh_v2/01_real_dense_ring6_amplitude.yaml,persistent_warm_cli,same_run01_x8,5,0.538251648,0.184273412,0.117192606,0.069137505,0.000200276,2.548e-06,wrk_67f34c5d7d458afb,216,plan_9681ead327789de4,True,False,,,,
same_run01_x8_05_run01,/home/ubuntu/quantum-workload-architecture/workloads/manifests/imported/ovh_v2/01_real_dense_ring6_amplitude.yaml,persistent_warm_cli,same_run01_x8,5,0.526114188,0.151410508,0.100354719,0.053102028,0.000186808,2.631e-06,wrk_67f34c5d7d458afb,217,plan_9681ead327789de4,True,False,,,,
same_run01_x8_06_run01,/home/ubuntu/quantum-workload-architecture/workloads/manifests/imported/ovh_v2/01_real_dense_ring6_amplitude.yaml,persistent_warm_cli,same_run01_x8,5,0.563690451,0.216530657,0.132409902,0.086534857,0.000311655,1.97e-06,wrk_67f34c5d7d458afb,218,plan_9681ead327789de4,True,False,,,,
same_run01_x8_07_run01,/home/ubuntu/quantum-workload-architecture/workloads/manifests/imported/ovh_v2/01_real_dense_ring6_amplitude.yaml,persistent_warm_cli,same_run01_x8,5,0.594352051,0.186894467,0.13315695,0.05564786,0.000155522,2.18e-06,wrk_67f34c5d7d458afb,219,plan_9681ead327789de4,True,False,,,,
same_run01_x8_08_run01,/home/ubuntu/quantum-workload-architecture/workloads/manifests/imported/ovh_v2/01_real_dense_ring6_amplitude.yaml,persistent_warm_cli,same_run01_x8,5,0.621626545,0.230356558,0.172533436,0.059812733,0.000180237,2.32e-06,wrk_67f34c5d7d458afb,220,plan_9681ead327789de4,True,False,,,,
same_run06_x1_01_run06,/home/ubuntu/quantum-workload-architecture/workloads/manifests/imported/ovh_v2/06_star_graph_phase_amplitude_heldout_low.yaml,persistent_warm_cli,same_run06_x1,5,0.733730146,0.300785772,0.210082812,0.093279225,0.000296237,3.029e-06,wrk_67f34c5d7d458afb,221,plan_1e9bb43cfe444bbb,True,False,,,,
same_run06_x2_01_run06,/home/ubuntu/quantum-workload-architecture/workloads/manifests/imported/ovh_v2/06_star_graph_phase_amplitude_heldout_low.yaml,persistent_warm_cli,same_run06_x2,5,0.523267083,0.171497503,0.118623756,0.054814218,0.000144883,2.336e-06,wrk_67f34c5d7d458afb,222,plan_1e9bb43cfe444bbb,True,False,,,,
same_run06_x2_02_run06,/home/ubuntu/quantum-workload-architecture/workloads/manifests/imported/ovh_v2/06_star_graph_phase_amplitude_heldout_low.yaml,persistent_warm_cli,same_run06_x2,5,0.690795383,0.276600771,0.197173665,0.08222699,0.000395131,2.454e-06,wrk_67f34c5d7d458afb,223,plan_1e9bb43cfe444bbb,True,False,,,,
same_run06_x4_01_run06,/home/ubuntu/quantum-workload-architecture/workloads/manifests/imported/ovh_v2/06_star_graph_phase_amplitude_heldout_low.yaml,persistent_warm_cli,same_run06_x4,5,0.647392818,0.262719945,0.173066657,0.092422207,0.0002935,2.549e-06,wrk_67f34c5d7d458afb,224,plan_1e9bb43cfe444bbb,True,False,,,,
same_run06_x4_02_run06,/home/ubuntu/quantum-workload-architecture/workloads/manifests/imported/ovh_v2/06_star_graph_phase_amplitude_heldout_low.yaml,persistent_warm_cli,same_run06_x4,5,0.58360271,0.221151658,0.149587725,0.074031247,0.000230788,2.313e-06,wrk_67f34c5d7d458afb,225,plan_1e9bb43cfe444bbb,True,False,,,,
same_run06_x4_03_run06,/home/ubuntu/quantum-workload-architecture/workloads/manifests/imported/ovh_v2/06_star_graph_phase_amplitude_heldout_low.yaml,persistent_warm_cli,same_run06_x4,5,0.554093837,0.199508298,0.143946932,0.057804984,0.00017394,2.622e-06,wrk_67f34c5d7d458afb,226,plan_1e9bb43cfe444bbb,True,False,,,,
same_run06_x4_04_run06,/home/ubuntu/quantum-workload-architecture/workloads/manifests/imported/ovh_v2/06_star_graph_phase_amplitude_heldout_low.yaml,persistent_warm_cli,same_run06_x4,5,0.665247385,0.253824872,0.18837948,0.068014105,0.000298509,2.754e-06,wrk_67f34c5d7d458afb,227,plan_1e9bb43cfe444bbb,True,False,,,,
same_run06_x8_01_run06,/home/ubuntu/quantum-workload-architecture/workloads/manifests/imported/ovh_v2/06_star_graph_phase_amplitude_heldout_low.yaml,persistent_warm_cli,same_run06_x8,5,0.638832315,0.284958947,0.192291426,0.095110575,0.00032033,2.233e-06,wrk_67f34c5d7d458afb,228,plan_1e9bb43cfe444bbb,True,False,,,,
same_run06_x8_02_run06,/home/ubuntu/quantum-workload-architecture/workloads/manifests/imported/ovh_v2/06_star_graph_phase_amplitude_heldout_low.yaml,persistent_warm_cli,same_run06_x8,5,0.624171341,0.242360767,0.150077023,0.094895043,0.000324825,2.346e-06,wrk_67f34c5d7d458afb,229,plan_1e9bb43cfe444bbb,True,False,,,,
same_run06_x8_03_run06,/home/ubuntu/quantum-workload-architecture/workloads/manifests/imported/ovh_v2/06_star_graph_phase_amplitude_heldout_low.yaml,persistent_warm_cli,same_run06_x8,5,0.587674536,0.194145899,0.125714303,0.070796474,0.000231391,2.52e-06,wrk_67f34c5d7d458afb,230,plan_1e9bb43cfe444bbb,True,False,,,,
same_run06_x8_04_run06,/home/ubuntu/quantum-workload-architecture/workloads/manifests/imported/ovh_v2/06_star_graph_phase_amplitude_heldout_low.yaml,persistent_warm_cli,same_run06_x8,5,0.657624608,0.284630819,0.194248134,0.092882236,0.000323544,2.759e-06,wrk_67f34c5d7d458afb,231,plan_1e9bb43cfe444bbb,True,False,,,,
same_run06_x8_05_run06,/home/ubuntu/quantum-workload-architecture/workloads/manifests/imported/ovh_v2/06_star_graph_phase_amplitude_heldout_low.yaml,persistent_warm_cli,same_run06_x8,5,0.634196423,0.261479438,0.180282954,0.083934366,0.000288133,4.018e-06,wrk_67f34c5d7d458afb,232,plan_1e9bb43cfe444bbb,True,False,,,,
same_run06_x8_06_run06,/home/ubuntu/quantum-workload-architecture/workloads/manifests/imported/ovh_v2/06_star_graph_phase_amplitude_heldout_low.yaml,persistent_warm_cli,same_run06_x8,5,0.683157207,0.286467421,0.195216353,0.093731676,0.000283557,2.765e-06,wrk_67f34c5d7d458afb,233,plan_1e9bb43cfe444bbb,True,False,,,,
same_run06_x8_07_run06,/home/ubuntu/quantum-workload-architecture/workloads/manifests/imported/ovh_v2/06_star_graph_phase_amplitude_heldout_low.yaml,persistent_warm_cli,same_run06_x8,5,0.613210408,0.239493402,0.153317192,0.089236434,0.000162226,3.145e-06,wrk_67f34c5d7d458afb,234,plan_1e9bb43cfe444bbb,True,False,,,,
same_run06_x8_08_run06,/home/ubuntu/quantum-workload-architecture/workloads/manifests/imported/ovh_v2/06_star_graph_phase_amplitude_heldout_low.yaml,persistent_warm_cli,same_run06_x8,5,0.665842368,0.278825341,0.203185924,0.078256982,0.000346121,2.314e-06,wrk_67f34c5d7d458afb,235,plan_1e9bb43cfe444bbb,True,False,,,,
same_run08_x1_01_run08,/home/ubuntu/quantum-workload-architecture/workloads/manifests/imported/ovh_v2/08_parity_iqp_batched_heldout_medium.yaml,persistent_warm_cli,same_run08_x1,5,0.646945633,0.253845511,0.171598362,0.085195182,0.000416803,2.573e-06,wrk_67f34c5d7d458afb,236,plan_7209297490c788dd,True,False,,,,
same_run08_x2_01_run08,/home/ubuntu/quantum-workload-architecture/workloads/manifests/imported/ovh_v2/08_parity_iqp_batched_heldout_medium.yaml,persistent_warm_cli,same_run08_x2,5,0.68898932,0.299296418,0.18944821,0.113007041,0.000272866,3.48e-06,wrk_67f34c5d7d458afb,237,plan_7209297490c788dd,True,False,,,,
same_run08_x2_02_run08,/home/ubuntu/quantum-workload-architecture/workloads/manifests/imported/ovh_v2/08_parity_iqp_batched_heldout_medium.yaml,persistent_warm_cli,same_run08_x2,5,0.621890192,0.194294125,0.116018616,0.08078456,0.000290692,2.989e-06,wrk_67f34c5d7d458afb,238,plan_7209297490c788dd,True,False,,,,
same_run08_x4_01_run08,/home/ubuntu/quantum-workload-architecture/workloads/manifests/imported/ovh_v2/08_parity_iqp_batched_heldout_medium.yaml,persistent_warm_cli,same_run08_x4,5,0.658121073,0.282908183,0.198011134,0.087379427,0.000306194,2.252e-06,wrk_67f34c5d7d458afb,239,plan_7209297490c788dd,True,False,,,,
same_run08_x4_02_run08,/home/ubuntu/quantum-workload-architecture/workloads/manifests/imported/ovh_v2/08_parity_iqp_batched_heldout_medium.yaml,persistent_warm_cli,same_run08_x4,5,0.670572444,0.284974461,0.203666808,0.083783533,0.00028621,2.527e-06,wrk_67f34c5d7d458afb,240,plan_7209297490c788dd,True,False,,,,
same_run08_x4_03_run08,/home/ubuntu/quantum-workload-architecture/workloads/manifests/imported/ovh_v2/08_parity_iqp_batched_heldout_medium.yaml,persistent_warm_cli,same_run08_x4,5,0.645961138,0.260507378,0.182222859,0.080751233,0.000287919,2.704e-06,wrk_67f34c5d7d458afb,241,plan_7209297490c788dd,True,False,,,,
same_run08_x4_04_run08,/home/ubuntu/quantum-workload-architecture/workloads/manifests/imported/ovh_v2/08_parity_iqp_batched_heldout_medium.yaml,persistent_warm_cli,same_run08_x4,5,0.65647055,0.282072172,0.204170042,0.080368144,0.000288208,2.297e-06,wrk_67f34c5d7d458afb,242,plan_7209297490c788dd,True,False,,,,
same_run08_x8_01_run08,/home/ubuntu/quantum-workload-architecture/workloads/manifests/imported/ovh_v2/08_parity_iqp_batched_heldout_medium.yaml,persistent_warm_cli,same_run08_x8,5,0.684301228,0.291313985,0.18362857,0.110384381,0.00029542,2.672e-06,wrk_67f34c5d7d458afb,243,plan_7209297490c788dd,True,False,,,,
same_run08_x8_02_run08,/home/ubuntu/quantum-workload-architecture/workloads/manifests/imported/ovh_v2/08_parity_iqp_batched_heldout_medium.yaml,persistent_warm_cli,same_run08_x8,5,0.649022254,0.26848347,0.187292908,0.083614637,0.000268734,2.521e-06,wrk_67f34c5d7d458afb,244,plan_7209297490c788dd,True,False,,,,
same_run08_x8_03_run08,/home/ubuntu/quantum-workload-architecture/workloads/manifests/imported/ovh_v2/08_parity_iqp_batched_heldout_medium.yaml,persistent_warm_cli,same_run08_x8,5,0.663010265,0.251452932,0.169025086,0.084929475,0.000312208,2.74e-06,wrk_67f34c5d7d458afb,245,plan_7209297490c788dd,True,False,,,,
same_run08_x8_04_run08,/home/ubuntu/quantum-workload-architecture/workloads/manifests/imported/ovh_v2/08_parity_iqp_batched_heldout_medium.yaml,persistent_warm_cli,same_run08_x8,5,0.721943986,0.274803306,0.194380388,0.082759974,0.000336441,2.167e-06,wrk_67f34c5d7d458afb,246,plan_7209297490c788dd,True,False,,,,
same_run08_x8_05_run08,/home/ubuntu/quantum-workload-architecture/workloads/manifests/imported/ovh_v2/08_parity_iqp_batched_heldout_medium.yaml,persistent_warm_cli,same_run08_x8,5,0.557622321,0.165129418,0.117815234,0.049225964,0.000130994,2.452e-06,wrk_67f34c5d7d458afb,247,plan_7209297490c788dd,True,False,,,,
same_run08_x8_06_run08,/home/ubuntu/quantum-workload-architecture/workloads/manifests/imported/ovh_v2/08_parity_iqp_batched_heldout_medium.yaml,persistent_warm_cli,same_run08_x8,5,0.544341946,0.171600204,0.115901689,0.057666831,0.000154339,2.687e-06,wrk_67f34c5d7d458afb,248,plan_7209297490c788dd,True,False,,,,
same_run08_x8_07_run08,/home/ubuntu/quantum-workload-architecture/workloads/manifests/imported/ovh_v2/08_parity_iqp_batched_heldout_medium.yaml,persistent_warm_cli,same_run08_x8,5,0.635560257,0.259741399,0.17472803,0.087471439,0.000283169,2.566e-06,wrk_67f34c5d7d458afb,249,plan_7209297490c788dd,True,False,,,,
same_run08_x8_08_run08,/home/ubuntu/quantum-workload-architecture/workloads/manifests/imported/ovh_v2/08_parity_iqp_batched_heldout_medium.yaml,persistent_warm_cli,same_run08_x8,5,0.664022551,0.27912409,0.195477298,0.086197103,0.000292287,2.658e-06,wrk_67f34c5d7d458afb,250,plan_7209297490c788dd,True,False,,,,
mixed_trio_x6_01_run01,/home/ubuntu/quantum-workload-architecture/workloads/manifests/imported/ovh_v2/01_real_dense_ring6_amplitude.yaml,persistent_warm_cli,mixed_trio_x6,5,0.650318881,0.266748651,0.181901162,0.087397719,0.000292453,2.391e-06,wrk_67f34c5d7d458afb,251,plan_9681ead327789de4,True,False,,,,
mixed_trio_x6_02_run06,/home/ubuntu/quantum-workload-architecture/workloads/manifests/imported/ovh_v2/06_star_graph_phase_amplitude_heldout_low.yaml,persistent_warm_cli,mixed_trio_x6,5,0.620009052,0.241090608,0.152959479,0.090629554,0.000327809,2.411e-06,wrk_67f34c5d7d458afb,252,plan_1e9bb43cfe444bbb,True,False,,,,
mixed_trio_x6_03_run08,/home/ubuntu/quantum-workload-architecture/workloads/manifests/imported/ovh_v2/08_parity_iqp_batched_heldout_medium.yaml,persistent_warm_cli,mixed_trio_x6,5,0.612619395,0.235444446,0.187240802,0.050090966,0.000135436,2.575e-06,wrk_67f34c5d7d458afb,253,plan_7209297490c788dd,True,False,,,,
mixed_trio_x6_04_run01,/home/ubuntu/quantum-workload-architecture/workloads/manifests/imported/ovh_v2/01_real_dense_ring6_amplitude.yaml,persistent_warm_cli,mixed_trio_x6,5,0.631294237,0.27780781,0.188749603,0.091529769,0.000316449,2.877e-06,wrk_67f34c5d7d458afb,254,plan_9681ead327789de4,True,False,,,,
mixed_trio_x6_05_run06,/home/ubuntu/quantum-workload-architecture/workloads/manifests/imported/ovh_v2/06_star_graph_phase_amplitude_heldout_low.yaml,persistent_warm_cli,mixed_trio_x6,5,0.646808,0.249973213,0.157799758,0.094944258,0.000286897,2.147e-06,wrk_67f34c5d7d458afb,255,plan_1e9bb43cfe444bbb,True,False,,,,
mixed_trio_x6_06_run08,/home/ubuntu/quantum-workload-architecture/workloads/manifests/imported/ovh_v2/08_parity_iqp_batched_heldout_medium.yaml,persistent_warm_cli,mixed_trio_x6,5,0.677725517,0.260349379,0.189445707,0.073185307,0.000366474,2.167e-06,wrk_67f34c5d7d458afb,256,plan_7209297490c788dd,True,False,,,,
same_run01_x1_r1_01_run01,/home/ubuntu/quantum-workload-architecture/workloads/manifests/imported/ovh_v2/01_real_dense_ring6_amplitude.yaml,session_runner_existing_worker,same_run01_x1,1,0.066154342,0.066154342,0.003115817,0.065058609,0.000173591,2.961e-06,wrk_05cab10594c0cba2,2,plan_9681ead327789de4,True,False,,session_runner_existing_worker,0.066154342,/home/ubuntu/quantum-workload-architecture/artifacts/embedded_session/ovh_embedded_session_client_v1/sessions/session_runner_existing_worker/same_run01_x1/repeat_1/requests/same_run01_x1_r1_01_run01.execution.json
same_run01_x2_r1_01_run01,/home/ubuntu/quantum-workload-architecture/workloads/manifests/imported/ovh_v2/01_real_dense_ring6_amplitude.yaml,session_runner_existing_worker,same_run01_x2,1,0.067188514,0.067188514,0.004227421,0.065465568,0.000292811,2.412e-06,wrk_05cab10594c0cba2,3,plan_9681ead327789de4,True,False,,session_runner_existing_worker,0.067188514,/home/ubuntu/quantum-workload-architecture/artifacts/embedded_session/ovh_embedded_session_client_v1/sessions/session_runner_existing_worker/same_run01_x2/repeat_1/requests/same_run01_x2_r1_01_run01.execution.json
same_run01_x2_r1_02_run01,/home/ubuntu/quantum-workload-architecture/workloads/manifests/imported/ovh_v2/01_real_dense_ring6_amplitude.yaml,session_runner_existing_worker,same_run01_x2,1,0.054178004,0.054178004,0.003369167,0.052781163,0.000109766,2.751e-06,wrk_05cab10594c0cba2,4,plan_9681ead327789de4,True,False,,session_runner_existing_worker,0.054178004,/home/ubuntu/quantum-workload-architecture/artifacts/embedded_session/ovh_embedded_session_client_v1/sessions/session_runner_existing_worker/same_run01_x2/repeat_1/requests/same_run01_x2_r1_02_run01.execution.json
same_run01_x4_r1_01_run01,/home/ubuntu/quantum-workload-architecture/workloads/manifests/imported/ovh_v2/01_real_dense_ring6_amplitude.yaml,session_runner_existing_worker,same_run01_x4,1,0.063207162,0.063207162,0.004428015,0.061410644,0.000265439,2.935e-06,wrk_05cab10594c0cba2,5,plan_9681ead327789de4,True,False,,session_runner_existing_worker,0.063207162,/home/ubuntu/quantum-workload-architecture/artifacts/embedded_session/ovh_embedded_session_client_v1/sessions/session_runner_existing_worker/same_run01_x4/repeat_1/requests/same_run01_x4_r1_01_run01.execution.json
same_run01_x4_r1_02_run01,/home/ubuntu/quantum-workload-architecture/workloads/manifests/imported/ovh_v2/01_real_dense_ring6_amplitude.yaml,session_runner_existing_worker,same_run01_x4,1,0.053643456,0.053643456,0.003375203,0.052256322,0.000118758,2.776e-06,wrk_05cab10594c0cba2,6,plan_9681ead327789de4,True,False,,session_runner_existing_worker,0.053643456,/home/ubuntu/quantum-workload-architecture/artifacts/embedded_session/ovh_embedded_session_client_v1/sessions/session_runner_existing_worker/same_run01_x4/repeat_1/requests/same_run01_x4_r1_02_run01.execution.json
same_run01_x4_r1_03_run01,/home/ubuntu/quantum-workload-architecture/workloads/manifests/imported/ovh_v2/01_real_dense_ring6_amplitude.yaml,session_runner_existing_worker,same_run01_x4,1,0.053663857,0.053663857,0.003428716,0.052261214,0.000119259,2.606e-06,wrk_05cab10594c0cba2,7,plan_9681ead327789de4,True,False,,session_runner_existing_worker,0.053663857,/home/ubuntu/quantum-workload-architecture/artifacts/embedded_session/ovh_embedded_session_client_v1/sessions/session_runner_existing_worker/same_run01_x4/repeat_1/requests/same_run01_x4_r1_03_run01.execution.json
same_run01_x4_r1_04_run01,/home/ubuntu/quantum-workload-architecture/workloads/manifests/imported/ovh_v2/01_real_dense_ring6_amplitude.yaml,session_runner_existing_worker,same_run01_x4,1,0.05330286,0.05330286,0.003360302,0.051955312,0.000110594,2.624e-06,wrk_05cab10594c0cba2,8,plan_9681ead327789de4,True,False,,session_runner_existing_worker,0.05330286,/home/ubuntu/quantum-workload-architecture/artifacts/embedded_session/ovh_embedded_session_client_v1/sessions/session_runner_existing_worker/same_run01_x4/repeat_1/requests/same_run01_x4_r1_04_run01.execution.json
same_run01_x8_r1_01_run01,/home/ubuntu/quantum-workload-architecture/workloads/manifests/imported/ovh_v2/01_real_dense_ring6_amplitude.yaml,session_runner_existing_worker,same_run01_x8,1,0.094975214,0.094975214,0.004249854,0.093302578,0.000264236,2.675e-06,wrk_05cab10594c0cba2,9,plan_9681ead327789de4,True,False,,session_runner_existing_worker,0.094975214,/home/ubuntu/quantum-workload-architecture/artifacts/embedded_session/ovh_embedded_session_client_v1/sessions/session_runner_existing_worker/same_run01_x8/repeat_1/requests/same_run01_x8_r1_01_run01.execution.json
same_run01_x8_r1_02_run01,/home/ubuntu/quantum-workload-architecture/workloads/manifests/imported/ovh_v2/01_real_dense_ring6_amplitude.yaml,session_runner_existing_worker,same_run01_x8,1,0.054089457,0.054089457,0.002809511,0.053189656,0.000106993,2.477e-06,wrk_05cab10594c0cba2,10,plan_9681ead327789de4,True,False,,session_runner_existing_worker,0.054089457,/home/ubuntu/quantum-workload-architecture/artifacts/embedded_session/ovh_embedded_session_client_v1/sessions/session_runner_existing_worker/same_run01_x8/repeat_1/requests/same_run01_x8_r1_02_run01.execution.json
same_run01_x8_r1_03_run01,/home/ubuntu/quantum-workload-architecture/workloads/manifests/imported/ovh_v2/01_real_dense_ring6_amplitude.yaml,session_runner_existing_worker,same_run01_x8,1,0.05275534,0.05275534,0.003053878,0.051772001,0.000129184,2.798e-06,wrk_05cab10594c0cba2,11,plan_9681ead327789de4,True,False,,session_runner_existing_worker,0.05275534,/home/ubuntu/quantum-workload-architecture/artifacts/embedded_session/ovh_embedded_session_client_v1/sessions/session_runner_existing_worker/same_run01_x8/repeat_1/requests/same_run01_x8_r1_03_run01.execution.json
same_run01_x8_r1_04_run01,/home/ubuntu/quantum-workload-architecture/workloads/manifests/imported/ovh_v2/01_real_dense_ring6_amplitude.yaml,session_runner_existing_worker,same_run01_x8,1,0.052665956,0.052665956,0.00294856,0.051558558,0.000103864,2.789e-06,wrk_05cab10594c0cba2,12,plan_9681ead327789de4,True,False,,session_runner_existing_worker,0.052665956,/home/ubuntu/quantum-workload-architecture/artifacts/embedded_session/ovh_embedded_session_client_v1/sessions/session_runner_existing_worker/same_run01_x8/repeat_1/requests/same_run01_x8_r1_04_run01.execution.json
same_run01_x8_r1_05_run01,/home/ubuntu/quantum-workload-architecture/workloads/manifests/imported/ovh_v2/01_real_dense_ring6_amplitude.yaml,session_runner_existing_worker,same_run01_x8,1,0.053016983,0.053016983,0.003305023,0.051636209,0.000113716,2.843e-06,wrk_05cab10594c0cba2,13,plan_9681ead327789de4,True,False,,session_runner_existing_worker,0.053016983,/home/ubuntu/quantum-workload-architecture/artifacts/embedded_session/ovh_embedded_session_client_v1/sessions/session_runner_existing_worker/same_run01_x8/repeat_1/requests/same_run01_x8_r1_05_run01.execution.json
same_run01_x8_r1_06_run01,/home/ubuntu/quantum-workload-architecture/workloads/manifests/imported/ovh_v2/01_real_dense_ring6_amplitude.yaml,session_runner_existing_worker,same_run01_x8,1,0.051973815,0.051973815,0.00303393,0.05078768,9.8225e-05,2.538e-06,wrk_05cab10594c0cba2,14,plan_9681ead327789de4,True,False,,session_runner_existing_worker,0.051973815,/home/ubuntu/quantum-workload-architecture/artifacts/embedded_session/ovh_embedded_session_client_v1/sessions/session_runner_existing_worker/same_run01_x8/repeat_1/requests/same_run01_x8_r1_06_run01.execution.json
same_run01_x8_r1_07_run01,/home/ubuntu/quantum-workload-architecture/workloads/manifests/imported/ovh_v2/01_real_dense_ring6_amplitude.yaml,session_runner_existing_worker,same_run01_x8,1,0.053702188,0.053702188,0.003666961,0.051923566,0.000104805,2.366e-06,wrk_05cab10594c0cba2,15,plan_9681ead327789de4,True,False,,session_runner_existing_worker,0.053702188,/home/ubuntu/quantum-workload-architecture/artifacts/embedded_session/ovh_embedded_session_client_v1/sessions/session_runner_existing_worker/same_run01_x8/repeat_1/requests/same_run01_x8_r1_07_run01.execution.json
same_run01_x8_r1_08_run01,/home/ubuntu/quantum-workload-architecture/workloads/manifests/imported/ovh_v2/01_real_dense_ring6_amplitude.yaml,session_runner_existing_worker,same_run01_x8,1,0.053030663,0.053030663,0.003470547,0.051438805,0.000104052,2.577e-06,wrk_05cab10594c0cba2,16,plan_9681ead327789de4,True,False,,session_runner_existing_worker,0.053030663,/home/ubuntu/quantum-workload-architecture/artifacts/embedded_session/ovh_embedded_session_client_v1/sessions/session_runner_existing_worker/same_run01_x8/repeat_1/requests/same_run01_x8_r1_08_run01.execution.json
same_run06_x1_r1_01_run06,/home/ubuntu/quantum-workload-architecture/workloads/manifests/imported/ovh_v2/06_star_graph_phase_amplitude_heldout_low.yaml,session_runner_existing_worker,same_run06_x1,1,0.089996239,0.089996239,0.004231759,0.088355469,0.000264549,3.096e-06,wrk_05cab10594c0cba2,17,plan_1e9bb43cfe444bbb,True,False,,session_runner_existing_worker,0.089996239,/home/ubuntu/quantum-workload-architecture/artifacts/embedded_session/ovh_embedded_session_client_v1/sessions/session_runner_existing_worker/same_run06_x1/repeat_1/requests/same_run06_x1_r1_01_run06.execution.json
same_run06_x2_r1_01_run06,/home/ubuntu/quantum-workload-architecture/workloads/manifests/imported/ovh_v2/06_star_graph_phase_amplitude_heldout_low.yaml,session_runner_existing_worker,same_run06_x2,1,0.093475457,0.093475457,0.004351471,0.091868349,0.000260672,2.372e-06,wrk_05cab10594c0cba2,18,plan_1e9bb43cfe444bbb,True,False,,session_runner_existing_worker,0.093475457,/home/ubuntu/quantum-workload-architecture/artifacts/embedded_session/ovh_embedded_session_client_v1/sessions/session_runner_existing_worker/same_run06_x2/repeat_1/requests/same_run06_x2_r1_01_run06.execution.json
same_run06_x2_r1_02_run06,/home/ubuntu/quantum-workload-architecture/workloads/manifests/imported/ovh_v2/06_star_graph_phase_amplitude_heldout_low.yaml,session_runner_existing_worker,same_run06_x2,1,0.056079506,0.056079506,0.00310701,0.054920821,0.000101505,2.672e-06,wrk_05cab10594c0cba2,19,plan_1e9bb43cfe444bbb,True,False,,session_runner_existing_worker,0.056079506,/home/ubuntu/quantum-workload-architecture/artifacts/embedded_session/ovh_embedded_session_client_v1/sessions/session_runner_existing_worker/same_run06_x2/repeat_1/requests/same_run06_x2_r1_02_run06.execution.json
same_run06_x4_r1_01_run06,/home/ubuntu/quantum-workload-architecture/workloads/manifests/imported/ovh_v2/06_star_graph_phase_amplitude_heldout_low.yaml,session_runner_existing_worker,same_run06_x4,1,0.097987243,0.097987243,0.004371802,0.096203835,0.000301085,2.465e-06,wrk_05cab10594c0cba2,20,plan_1e9bb43cfe444bbb,True,False,,session_runner_existing_worker,0.097987243,/home/ubuntu/quantum-workload-architecture/artifacts/embedded_session/ovh_embedded_session_client_v1/sessions/session_runner_existing_worker/same_run06_x4/repeat_1/requests/same_run06_x4_r1_01_run06.execution.json
same_run06_x4_r1_02_run06,/home/ubuntu/quantum-workload-architecture/workloads/manifests/imported/ovh_v2/06_star_graph_phase_amplitude_heldout_low.yaml,session_runner_existing_worker,same_run06_x4,1,0.056142612,0.056142612,0.003452495,0.05472298,0.000106857,2.396e-06,wrk_05cab10594c0cba2,21,plan_1e9bb43cfe444bbb,True,False,,session_runner_existing_worker,0.056142612,/home/ubuntu/quantum-workload-architecture/artifacts/embedded_session/ovh_embedded_session_client_v1/sessions/session_runner_existing_worker/same_run06_x4/repeat_1/requests/same_run06_x4_r1_02_run06.execution.json
same_run06_x4_r1_03_run06,/home/ubuntu/quantum-workload-architecture/workloads/manifests/imported/ovh_v2/06_star_graph_phase_amplitude_heldout_low.yaml,session_runner_existing_worker,same_run06_x4,1,0.056154735,0.056154735,0.003300432,0.054789563,0.000102079,2.413e-06,wrk_05cab10594c0cba2,22,plan_1e9bb43cfe444bbb,True,False,,session_runner_existing_worker,0.056154735,/home/ubuntu/quantum-workload-architecture/artifacts/embedded_session/ovh_embedded_session_client_v1/sessions/session_runner_existing_worker/same_run06_x4/repeat_1/requests/same_run06_x4_r1_03_run06.execution.json
same_run06_x4_r1_04_run06,/home/ubuntu/quantum-workload-architecture/workloads/manifests/imported/ovh_v2/06_star_graph_phase_amplitude_heldout_low.yaml,session_runner_existing_worker,same_run06_x4,1,0.056514566,0.056514566,0.003317144,0.055108897,0.000101671,2.418e-06,wrk_05cab10594c0cba2,23,plan_1e9bb43cfe444bbb,True,False,,session_runner_existing_worker,0.056514566,/home/ubuntu/quantum-workload-architecture/artifacts/embedded_session/ovh_embedded_session_client_v1/sessions/session_runner_existing_worker/same_run06_x4/repeat_1/requests/same_run06_x4_r1_04_run06.execution.json
same_run06_x8_r1_01_run06,/home/ubuntu/quantum-workload-architecture/workloads/manifests/imported/ovh_v2/06_star_graph_phase_amplitude_heldout_low.yaml,session_runner_existing_worker,same_run06_x8,1,0.090510915,0.090510915,0.004191529,0.088842383,0.000271793,2.449e-06,wrk_05cab10594c0cba2,24,plan_1e9bb43cfe444bbb,True,False,,session_runner_existing_worker,0.090510915,/home/ubuntu/quantum-workload-architecture/artifacts/embedded_session/ovh_embedded_session_client_v1/sessions/session_runner_existing_worker/same_run06_x8/repeat_1/requests/same_run06_x8_r1_01_run06.execution.json
same_run06_x8_r1_02_run06,/home/ubuntu/quantum-workload-architecture/workloads/manifests/imported/ovh_v2/06_star_graph_phase_amplitude_heldout_low.yaml,session_runner_existing_worker,same_run06_x8,1,0.055995954,0.055995954,0.00312245,0.054829943,0.000130371,2.859e-06,wrk_05cab10594c0cba2,25,plan_1e9bb43cfe444bbb,True,False,,session_runner_existing_worker,0.055995954,/home/ubuntu/quantum-workload-architecture/artifacts/embedded_session/ovh_embedded_session_client_v1/sessions/session_runner_existing_worker/same_run06_x8/repeat_1/requests/same_run06_x8_r1_02_run06.execution.json
same_run06_x8_r1_03_run06,/home/ubuntu/quantum-workload-architecture/workloads/manifests/imported/ovh_v2/06_star_graph_phase_amplitude_heldout_low.yaml,session_runner_existing_worker,same_run06_x8,1,0.055238012,0.055238012,0.002835688,0.05430544,0.000105174,2.364e-06,wrk_05cab10594c0cba2,26,plan_1e9bb43cfe444bbb,True,False,,session_runner_existing_worker,0.055238012,/home/ubuntu/quantum-workload-architecture/artifacts/embedded_session/ovh_embedded_session_client_v1/sessions/session_runner_existing_worker/same_run06_x8/repeat_1/requests/same_run06_x8_r1_03_run06.execution.json
same_run06_x8_r1_04_run06,/home/ubuntu/quantum-workload-architecture/workloads/manifests/imported/ovh_v2/06_star_graph_phase_amplitude_heldout_low.yaml,session_runner_existing_worker,same_run06_x8,1,0.055205459,0.055205459,0.002833083,0.054383655,0.000100245,2.904e-06,wrk_05cab10594c0cba2,27,plan_1e9bb43cfe444bbb,True,False,,session_runner_existing_worker,0.055205459,/home/ubuntu/quantum-workload-architecture/artifacts/embedded_session/ovh_embedded_session_client_v1/sessions/session_runner_existing_worker/same_run06_x8/repeat_1/requests/same_run06_x8_r1_04_run06.execution.json
same_run06_x8_r1_05_run06,/home/ubuntu/quantum-workload-architecture/workloads/manifests/imported/ovh_v2/06_star_graph_phase_amplitude_heldout_low.yaml,session_runner_existing_worker,same_run06_x8,1,0.055257964,0.055257964,0.002731783,0.054413607,0.000100176,2.497e-06,wrk_05cab10594c0cba2,28,plan_1e9bb43cfe444bbb,True,False,,session_runner_existing_worker,0.055257964,/home/ubuntu/quantum-workload-architecture/artifacts/embedded_session/ovh_embedded_session_client_v1/sessions/session_runner_existing_worker/same_run06_x8/repeat_1/requests/same_run06_x8_r1_05_run06.execution.json
same_run06_x8_r1_06_run06,/home/ubuntu/quantum-workload-architecture/workloads/manifests/imported/ovh_v2/06_star_graph_phase_amplitude_heldout_low.yaml,session_runner_existing_worker,same_run06_x8,1,0.05535519,0.05535519,0.002882179,0.05446493,0.000100276,2.788e-06,wrk_05cab10594c0cba2,29,plan_1e9bb43cfe444bbb,True,False,,session_runner_existing_worker,0.05535519,/home/ubuntu/quantum-workload-architecture/artifacts/embedded_session/ovh_embedded_session_client_v1/sessions/session_runner_existing_worker/same_run06_x8/repeat_1/requests/same_run06_x8_r1_06_run06.execution.json
same_run06_x8_r1_07_run06,/home/ubuntu/quantum-workload-architecture/workloads/manifests/imported/ovh_v2/06_star_graph_phase_amplitude_heldout_low.yaml,session_runner_existing_worker,same_run06_x8,1,0.055487632,0.055487632,0.002843282,0.054645754,0.000100513,2.494e-06,wrk_05cab10594c0cba2,30,plan_1e9bb43cfe444bbb,True,False,,session_runner_existing_worker,0.055487632,/home/ubuntu/quantum-workload-architecture/artifacts/embedded_session/ovh_embedded_session_client_v1/sessions/session_runner_existing_worker/same_run06_x8/repeat_1/requests/same_run06_x8_r1_07_run06.execution.json
same_run06_x8_r1_08_run06,/home/ubuntu/quantum-workload-architecture/workloads/manifests/imported/ovh_v2/06_star_graph_phase_amplitude_heldout_low.yaml,session_runner_existing_worker,same_run06_x8,1,0.055240833,0.055240833,0.00279232,0.054389919,9.9866e-05,2.526e-06,wrk_05cab10594c0cba2,31,plan_1e9bb43cfe444bbb,True,False,,session_runner_existing_worker,0.055240833,/home/ubuntu/quantum-workload-architecture/artifacts/embedded_session/ovh_embedded_session_client_v1/sessions/session_runner_existing_worker/same_run06_x8/repeat_1/requests/same_run06_x8_r1_08_run06.execution.json
same_run08_x1_r1_01_run08,/home/ubuntu/quantum-workload-architecture/workloads/manifests/imported/ovh_v2/08_parity_iqp_batched_heldout_medium.yaml,session_runner_existing_worker,same_run08_x1,1,0.090731356,0.090731356,0.00419857,0.089019192,0.000273599,2.809e-06,wrk_05cab10594c0cba2,32,plan_7209297490c788dd,True,False,,session_runner_existing_worker,0.090731356,/home/ubuntu/quantum-workload-architecture/artifacts/embedded_session/ovh_embedded_session_client_v1/sessions/session_runner_existing_worker/same_run08_x1/repeat_1/requests/same_run08_x1_r1_01_run08.execution.json
same_run08_x2_r1_01_run08,/home/ubuntu/quantum-workload-architecture/workloads/manifests/imported/ovh_v2/08_parity_iqp_batched_heldout_medium.yaml,session_runner_existing_worker,same_run08_x2,1,0.088385513,0.088385513,0.004310892,0.086660412,0.000261112,2.98e-06,wrk_05cab10594c0cba2,33,plan_7209297490c788dd,True,False,,session_runner_existing_worker,0.088385513,/home/ubuntu/quantum-workload-architecture/artifacts/embedded_session/ovh_embedded_session_client_v1/sessions/session_runner_existing_worker/same_run08_x2/repeat_1/requests/same_run08_x2_r1_01_run08.execution.json
same_run08_x2_r1_02_run08,/home/ubuntu/quantum-workload-architecture/workloads/manifests/imported/ovh_v2/08_parity_iqp_batched_heldout_medium.yaml,session_runner_existing_worker,same_run08_x2,1,0.051017484,0.051017484,0.003204656,0.04967774,0.000112433,2.366e-06,wrk_05cab10594c0cba2,34,plan_7209297490c788dd,True,False,,session_runner_existing_worker,0.051017484,/home/ubuntu/quantum-workload-architecture/artifacts/embedded_session/ovh_embedded_session_client_v1/sessions/session_runner_existing_worker/same_run08_x2/repeat_1/requests/same_run08_x2_r1_02_run08.execution.json
same_run08_x4_r1_01_run08,/home/ubuntu/quantum-workload-architecture/workloads/manifests/imported/ovh_v2/08_parity_iqp_batched_heldout_medium.yaml,session_runner_existing_worker,same_run08_x4,1,0.084065468,0.084065468,0.004160437,0.082425342,0.000300586,2.362e-06,wrk_05cab10594c0cba2,35,plan_7209297490c788dd,True,False,,session_runner_existing_worker,0.084065468,/home/ubuntu/quantum-workload-architecture/artifacts/embedded_session/ovh_embedded_session_client_v1/sessions/session_runner_existing_worker/same_run08_x4/repeat_1/requests/same_run08_x4_r1_01_run08.execution.json
same_run08_x4_r1_02_run08,/home/ubuntu/quantum-workload-architecture/workloads/manifests/imported/ovh_v2/08_parity_iqp_batched_heldout_medium.yaml,session_runner_existing_worker,same_run08_x4,1,0.05244497,0.05244497,0.003452029,0.0508921,0.000121838,2.546e-06,wrk_05cab10594c0cba2,36,plan_7209297490c788dd,True,False,,session_runner_existing_worker,0.05244497,/home/ubuntu/quantum-workload-architecture/artifacts/embedded_session/ovh_embedded_session_client_v1/sessions/session_runner_existing_worker/same_run08_x4/repeat_1/requests/same_run08_x4_r1_02_run08.execution.json
same_run08_x4_r1_03_run08,/home/ubuntu/quantum-workload-architecture/workloads/manifests/imported/ovh_v2/08_parity_iqp_batched_heldout_medium.yaml,session_runner_existing_worker,same_run08_x4,1,0.051636004,0.051636004,0.003243874,0.050248868,0.000104848,2.527e-06,wrk_05cab10594c0cba2,37,plan_7209297490c788dd,True,False,,session_runner_existing_worker,0.051636004,/home/ubuntu/quantum-workload-architecture/artifacts/embedded_session/ovh_embedded_session_client_v1/sessions/session_runner_existing_worker/same_run08_x4/repeat_1/requests/same_run08_x4_r1_03_run08.execution.json
same_run08_x4_r1_04_run08,/home/ubuntu/quantum-workload-architecture/workloads/manifests/imported/ovh_v2/08_parity_iqp_batched_heldout_medium.yaml,session_runner_existing_worker,same_run08_x4,1,0.05085911,0.05085911,0.003195243,0.049547592,0.000104548,2.968e-06,wrk_05cab10594c0cba2,38,plan_7209297490c788dd,True,False,,session_runner_existing_worker,0.05085911,/home/ubuntu/quantum-workload-architecture/artifacts/embedded_session/ovh_embedded_session_client_v1/sessions/session_runner_existing_worker/same_run08_x4/repeat_1/requests/same_run08_x4_r1_04_run08.execution.json
same_run08_x8_r1_01_run08,/home/ubuntu/quantum-workload-architecture/workloads/manifests/imported/ovh_v2/08_parity_iqp_batched_heldout_medium.yaml,session_runner_existing_worker,same_run08_x8,1,0.061536202,0.061536202,0.003570176,0.060141666,0.000193368,2.453e-06,wrk_05cab10594c0cba2,39,plan_7209297490c788dd,True,False,,session_runner_existing_worker,0.061536202,/home/ubuntu/quantum-workload-architecture/artifacts/embedded_session/ovh_embedded_session_client_v1/sessions/session_runner_existing_worker/same_run08_x8/repeat_1/requests/same_run08_x8_r1_01_run08.execution.json
same_run08_x8_r1_02_run08,/home/ubuntu/quantum-workload-architecture/workloads/manifests/imported/ovh_v2/08_parity_iqp_batched_heldout_medium.yaml,session_runner_existing_worker,same_run08_x8,1,0.05090511,0.05090511,0.002731248,0.050033014,0.000107901,2.357e-06,wrk_05cab10594c0cba2,40,plan_7209297490c788dd,True,False,,session_runner_existing_worker,0.05090511,/home/ubuntu/quantum-workload-architecture/artifacts/embedded_session/ovh_embedded_session_client_v1/sessions/session_runner_existing_worker/same_run08_x8/repeat_1/requests/same_run08_x8_r1_02_run08.execution.json
same_run08_x8_r1_03_run08,/home/ubuntu/quantum-workload-architecture/workloads/manifests/imported/ovh_v2/08_parity_iqp_batched_heldout_medium.yaml,session_runner_existing_worker,same_run08_x8,1,0.050477655,0.050477655,0.002667547,0.049632187,0.000101058,3.077e-06,wrk_05cab10594c0cba2,41,plan_7209297490c788dd,True,False,,session_runner_existing_worker,0.050477655,/home/ubuntu/quantum-workload-architecture/artifacts/embedded_session/ovh_embedded_session_client_v1/sessions/session_runner_existing_worker/same_run08_x8/repeat_1/requests/same_run08_x8_r1_03_run08.execution.json
same_run08_x8_r1_04_run08,/home/ubuntu/quantum-workload-architecture/workloads/manifests/imported/ovh_v2/08_parity_iqp_batched_heldout_medium.yaml,session_runner_existing_worker,same_run08_x8,1,0.050610792,0.050610792,0.002755856,0.049729126,9.9185e-05,2.519e-06,wrk_05cab10594c0cba2,42,plan_7209297490c788dd,True,False,,session_runner_existing_worker,0.050610792,/home/ubuntu/quantum-workload-architecture/artifacts/embedded_session/ovh_embedded_session_client_v1/sessions/session_runner_existing_worker/same_run08_x8/repeat_1/requests/same_run08_x8_r1_04_run08.execution.json
same_run08_x8_r1_05_run08,/home/ubuntu/quantum-workload-architecture/workloads/manifests/imported/ovh_v2/08_parity_iqp_batched_heldout_medium.yaml,session_runner_existing_worker,same_run08_x8,1,0.051364927,0.051364927,0.002758731,0.05047071,0.000101731,2.224e-06,wrk_05cab10594c0cba2,43,plan_7209297490c788dd,True,False,,session_runner_existing_worker,0.051364927,/home/ubuntu/quantum-workload-architecture/artifacts/embedded_session/ovh_embedded_session_client_v1/sessions/session_runner_existing_worker/same_run08_x8/repeat_1/requests/same_run08_x8_r1_05_run08.execution.json
same_run08_x8_r1_06_run08,/home/ubuntu/quantum-workload-architecture/workloads/manifests/imported/ovh_v2/08_parity_iqp_batched_heldout_medium.yaml,session_runner_existing_worker,same_run08_x8,1,0.049872275,0.049872275,0.002653305,0.049014263,0.000101369,2.262e-06,wrk_05cab10594c0cba2,44,plan_7209297490c788dd,True,False,,session_runner_existing_worker,0.049872275,/home/ubuntu/quantum-workload-architecture/artifacts/embedded_session/ovh_embedded_session_client_v1/sessions/session_runner_existing_worker/same_run08_x8/repeat_1/requests/same_run08_x8_r1_06_run08.execution.json
same_run08_x8_r1_07_run08,/home/ubuntu/quantum-workload-architecture/workloads/manifests/imported/ovh_v2/08_parity_iqp_batched_heldout_medium.yaml,session_runner_existing_worker,same_run08_x8,1,0.091275183,0.091275183,0.003810149,0.089890908,0.000277197,2.515e-06,wrk_05cab10594c0cba2,45,plan_7209297490c788dd,True,False,,session_runner_existing_worker,0.091275183,/home/ubuntu/quantum-workload-architecture/artifacts/embedded_session/ovh_embedded_session_client_v1/sessions/session_runner_existing_worker/same_run08_x8/repeat_1/requests/same_run08_x8_r1_07_run08.execution.json
same_run08_x8_r1_08_run08,/home/ubuntu/quantum-workload-architecture/workloads/manifests/imported/ovh_v2/08_parity_iqp_batched_heldout_medium.yaml,session_runner_existing_worker,same_run08_x8,1,0.052997465,0.052997465,0.003277503,0.051590654,0.000109175,2.272e-06,wrk_05cab10594c0cba2,46,plan_7209297490c788dd,True,False,,session_runner_existing_worker,0.052997465,/home/ubuntu/quantum-workload-architecture/artifacts/embedded_session/ovh_embedded_session_client_v1/sessions/session_runner_existing_worker/same_run08_x8/repeat_1/requests/same_run08_x8_r1_08_run08.execution.json
mixed_trio_x6_r1_01_run01,/home/ubuntu/quantum-workload-architecture/workloads/manifests/imported/ovh_v2/01_real_dense_ring6_amplitude.yaml,session_runner_existing_worker,mixed_trio_x6,1,0.091388917,0.091388917,0.004119278,0.08978643,0.000299078,2.679e-06,wrk_05cab10594c0cba2,47,plan_9681ead327789de4,True,False,,session_runner_existing_worker,0.091388917,/home/ubuntu/quantum-workload-architecture/artifacts/embedded_session/ovh_embedded_session_client_v1/sessions/session_runner_existing_worker/mixed_trio_x6/repeat_1/requests/mixed_trio_x6_r1_01_run01.execution.json
mixed_trio_x6_r1_02_run06,/home/ubuntu/quantum-workload-architecture/workloads/manifests/imported/ovh_v2/06_star_graph_phase_amplitude_heldout_low.yaml,session_runner_existing_worker,mixed_trio_x6,1,0.05655386,0.05655386,0.003421886,0.055124715,0.00011401,2.269e-06,wrk_05cab10594c0cba2,48,plan_1e9bb43cfe444bbb,True,False,,session_runner_existing_worker,0.05655386,/home/ubuntu/quantum-workload-architecture/artifacts/embedded_session/ovh_embedded_session_client_v1/sessions/session_runner_existing_worker/mixed_trio_x6/repeat_1/requests/mixed_trio_x6_r1_02_run06.execution.json
mixed_trio_x6_r1_03_run08,/home/ubuntu/quantum-workload-architecture/workloads/manifests/imported/ovh_v2/08_parity_iqp_batched_heldout_medium.yaml,session_runner_existing_worker,mixed_trio_x6,1,0.050122572,0.050122572,0.003120748,0.048815647,0.00011492,2.603e-06,wrk_05cab10594c0cba2,49,plan_7209297490c788dd,True,False,,session_runner_existing_worker,0.050122572,/home/ubuntu/quantum-workload-architecture/artifacts/embedded_session/ovh_embedded_session_client_v1/sessions/session_runner_existing_worker/mixed_trio_x6/repeat_1/requests/mixed_trio_x6_r1_03_run08.execution.json
mixed_trio_x6_r1_04_run01,/home/ubuntu/quantum-workload-architecture/workloads/manifests/imported/ovh_v2/01_real_dense_ring6_amplitude.yaml,session_runner_existing_worker,mixed_trio_x6,1,0.052118947,0.052118947,0.003237234,0.050772414,0.000106163,2.338e-06,wrk_05cab10594c0cba2,50,plan_9681ead327789de4,True,False,,session_runner_existing_worker,0.052118947,/home/ubuntu/quantum-workload-architecture/artifacts/embedded_session/ovh_embedded_session_client_v1/sessions/session_runner_existing_worker/mixed_trio_x6/repeat_1/requests/mixed_trio_x6_r1_04_run01.execution.json
mixed_trio_x6_r1_05_run06,/home/ubuntu/quantum-workload-architecture/workloads/manifests/imported/ovh_v2/06_star_graph_phase_amplitude_heldout_low.yaml,session_runner_existing_worker,mixed_trio_x6,1,0.056305136,0.056305136,0.003343988,0.054944816,0.000108699,2.409e-06,wrk_05cab10594c0cba2,51,plan_1e9bb43cfe444bbb,True,False,,session_runner_existing_worker,0.056305136,/home/ubuntu/quantum-workload-architecture/artifacts/embedded_session/ovh_embedded_session_client_v1/sessions/session_runner_existing_worker/mixed_trio_x6/repeat_1/requests/mixed_trio_x6_r1_05_run06.execution.json
mixed_trio_x6_r1_06_run08,/home/ubuntu/quantum-workload-architecture/workloads/manifests/imported/ovh_v2/08_parity_iqp_batched_heldout_medium.yaml,session_runner_existing_worker,mixed_trio_x6,1,0.050198465,0.050198465,0.003196784,0.048816914,0.000105161,3.001e-06,wrk_05cab10594c0cba2,52,plan_7209297490c788dd,True,False,,session_runner_existing_worker,0.050198465,/home/ubuntu/quantum-workload-architecture/artifacts/embedded_session/ovh_embedded_session_client_v1/sessions/session_runner_existing_worker/mixed_trio_x6/repeat_1/requests/mixed_trio_x6_r1_06_run08.execution.json
same_run01_x1_r2_01_run01,/home/ubuntu/quantum-workload-architecture/workloads/manifests/imported/ovh_v2/01_real_dense_ring6_amplitude.yaml,session_runner_existing_worker,same_run01_x1,2,0.092071506,0.092071506,0.004220316,0.090319053,0.000260981,2.581e-06,wrk_05cab10594c0cba2,53,plan_9681ead327789de4,True,False,,session_runner_existing_worker,0.092071506,/home/ubuntu/quantum-workload-architecture/artifacts/embedded_session/ovh_embedded_session_client_v1/sessions/session_runner_existing_worker/same_run01_x1/repeat_2/requests/same_run01_x1_r2_01_run01.execution.json
same_run01_x2_r2_01_run01,/home/ubuntu/quantum-workload-architecture/workloads/manifests/imported/ovh_v2/01_real_dense_ring6_amplitude.yaml,session_runner_existing_worker,same_run01_x2,2,0.085812702,0.085812702,0.00412716,0.084090557,0.000263193,2.716e-06,wrk_05cab10594c0cba2,54,plan_9681ead327789de4,True,False,,session_runner_existing_worker,0.085812702,/home/ubuntu/quantum-workload-architecture/artifacts/embedded_session/ovh_embedded_session_client_v1/sessions/session_runner_existing_worker/same_run01_x2/repeat_2/requests/same_run01_x2_r2_01_run01.execution.json
same_run01_x2_r2_02_run01,/home/ubuntu/quantum-workload-architecture/workloads/manifests/imported/ovh_v2/01_real_dense_ring6_amplitude.yaml,session_runner_existing_worker,same_run01_x2,2,0.051984461,0.051984461,0.003028907,0.05090042,0.000100497,2.734e-06,wrk_05cab10594c0cba2,55,plan_9681ead327789de4,True,False,,session_runner_existing_worker,0.051984461,/home/ubuntu/quantum-workload-architecture/artifacts/embedded_session/ovh_embedded_session_client_v1/sessions/session_runner_existing_worker/same_run01_x2/repeat_2/requests/same_run01_x2_r2_02_run01.execution.json
same_run01_x4_r2_01_run01,/home/ubuntu/quantum-workload-architecture/workloads/manifests/imported/ovh_v2/01_real_dense_ring6_amplitude.yaml,session_runner_existing_worker,same_run01_x4,2,0.079738333,0.079738333,0.004010457,0.078064611,0.000242466,2.773e-06,wrk_05cab10594c0cba2,56,plan_9681ead327789de4,True,False,,session_runner_existing_worker,0.079738333,/home/ubuntu/quantum-workload-architecture/artifacts/embedded_session/ovh_embedded_session_client_v1/sessions/session_runner_existing_worker/same_run01_x4/repeat_2/requests/same_run01_x4_r2_01_run01.execution.json
same_run01_x4_r2_02_run01,/home/ubuntu/quantum-workload-architecture/workloads/manifests/imported/ovh_v2/01_real_dense_ring6_amplitude.yaml,session_runner_existing_worker,same_run01_x4,2,0.052890553,0.052890553,0.003395052,0.05143646,0.000108407,2.411e-06,wrk_05cab10594c0cba2,57,plan_9681ead327789de4,True,False,,session_runner_existing_worker,0.052890553,/home/ubuntu/quantum-workload-architecture/artifacts/embedded_session/ovh_embedded_session_client_v1/sessions/session_runner_existing_worker/same_run01_x4/repeat_2/requests/same_run01_x4_r2_02_run01.execution.json
same_run01_x4_r2_03_run01,/home/ubuntu/quantum-workload-architecture/workloads/manifests/imported/ovh_v2/01_real_dense_ring6_amplitude.yaml,session_runner_existing_worker,same_run01_x4,2,0.052129487,0.052129487,0.00328284,0.050733204,0.000127034,2.395e-06,wrk_05cab10594c0cba2,58,plan_9681ead327789de4,True,False,,session_runner_existing_worker,0.052129487,/home/ubuntu/quantum-workload-architecture/artifacts/embedded_session/ovh_embedded_session_client_v1/sessions/session_runner_existing_worker/same_run01_x4/repeat_2/requests/same_run01_x4_r2_03_run01.execution.json
same_run01_x4_r2_04_run01,/home/ubuntu/quantum-workload-architecture/workloads/manifests/imported/ovh_v2/01_real_dense_ring6_amplitude.yaml,session_runner_existing_worker,same_run01_x4,2,0.052256174,0.052256174,0.003315151,0.050830885,0.000109681,2.514e-06,wrk_05cab10594c0cba2,59,plan_9681ead327789de4,True,False,,session_runner_existing_worker,0.052256174,/home/ubuntu/quantum-workload-architecture/artifacts/embedded_session/ovh_embedded_session_client_v1/sessions/session_runner_existing_worker/same_run01_x4/repeat_2/requests/same_run01_x4_r2_04_run01.execution.json
same_run01_x8_r2_01_run01,/home/ubuntu/quantum-workload-architecture/workloads/manifests/imported/ovh_v2/01_real_dense_ring6_amplitude.yaml,session_runner_existing_worker,same_run01_x8,2,0.094700154,0.094700154,0.004071436,0.09313394,0.000289855,2.513e-06,wrk_05cab10594c0cba2,60,plan_9681ead327789de4,True,False,,session_runner_existing_worker,0.094700154,/home/ubuntu/quantum-workload-architecture/artifacts/embedded_session/ovh_embedded_session_client_v1/sessions/session_runner_existing_worker/same_run01_x8/repeat_2/requests/same_run01_x8_r2_01_run01.execution.json
same_run01_x8_r2_02_run01,/home/ubuntu/quantum-workload-architecture/workloads/manifests/imported/ovh_v2/01_real_dense_ring6_amplitude.yaml,session_runner_existing_worker,same_run01_x8,2,0.052800793,0.052800793,0.00329319,0.051383401,0.000121875,2.774e-06,wrk_05cab10594c0cba2,61,plan_9681ead327789de4,True,False,,session_runner_existing_worker,0.052800793,/home/ubuntu/quantum-workload-architecture/artifacts/embedded_session/ovh_embedded_session_client_v1/sessions/session_runner_existing_worker/same_run01_x8/repeat_2/requests/same_run01_x8_r2_02_run01.execution.json
same_run01_x8_r2_03_run01,/home/ubuntu/quantum-workload-architecture/workloads/manifests/imported/ovh_v2/01_real_dense_ring6_amplitude.yaml,session_runner_existing_worker,same_run01_x8,2,0.053186653,0.053186653,0.003289833,0.051911295,0.000105643,2.512e-06,wrk_05cab10594c0cba2,62,plan_9681ead327789de4,True,False,,session_runner_existing_worker,0.053186653,/home/ubuntu/quantum-workload-architecture/artifacts/embedded_session/ovh_embedded_session_client_v1/sessions/session_runner_existing_worker/same_run01_x8/repeat_2/requests/same_run01_x8_r2_03_run01.execution.json
same_run01_x8_r2_04_run01,/home/ubuntu/quantum-workload-architecture/workloads/manifests/imported/ovh_v2/01_real_dense_ring6_amplitude.yaml,session_runner_existing_worker,same_run01_x8,2,0.05274546,0.05274546,0.003274067,0.051340908,0.00010658,2.396e-06,wrk_05cab10594c0cba2,63,plan_9681ead327789de4,True,False,,session_runner_existing_worker,0.05274546,/home/ubuntu/quantum-workload-architecture/artifacts/embedded_session/ovh_embedded_session_client_v1/sessions/session_runner_existing_worker/same_run01_x8/repeat_2/requests/same_run01_x8_r2_04_run01.execution.json
same_run01_x8_r2_05_run01,/home/ubuntu/quantum-workload-architecture/workloads/manifests/imported/ovh_v2/01_real_dense_ring6_amplitude.yaml,session_runner_existing_worker,same_run01_x8,2,0.056060361,0.056060361,0.003383112,0.054681144,0.000106027,3.064e-06,wrk_05cab10594c0cba2,64,plan_9681ead327789de4,True,False,,session_runner_existing_worker,0.056060361,/home/ubuntu/quantum-workload-architecture/artifacts/embedded_session/ovh_embedded_session_client_v1/sessions/session_runner_existing_worker/same_run01_x8/repeat_2/requests/same_run01_x8_r2_05_run01.execution.json
same_run01_x8_r2_06_run01,/home/ubuntu/quantum-workload-architecture/workloads/manifests/imported/ovh_v2/01_real_dense_ring6_amplitude.yaml,session_runner_existing_worker,same_run01_x8,2,0.05420686,0.05420686,0.004572917,0.052776253,0.000118159,2.512e-06,wrk_05cab10594c0cba2,65,plan_9681ead327789de4,True,False,,session_runner_existing_worker,0.05420686,/home/ubuntu/quantum-workload-architecture/artifacts/embedded_session/ovh_embedded_session_client_v1/sessions/session_runner_existing_worker/same_run01_x8/repeat_2/requests/same_run01_x8_r2_06_run01.execution.json
same_run01_x8_r2_07_run01,/home/ubuntu/quantum-workload-architecture/workloads/manifests/imported/ovh_v2/01_real_dense_ring6_amplitude.yaml,session_runner_existing_worker,same_run01_x8,2,0.05219611,0.05219611,0.003321392,0.050775245,0.000103632,2.545e-06,wrk_05cab10594c0cba2,66,plan_9681ead327789de4,True,False,,session_runner_existing_worker,0.05219611,/home/ubuntu/quantum-workload-architecture/artifacts/embedded_session/ovh_embedded_session_client_v1/sessions/session_runner_existing_worker/same_run01_x8/repeat_2/requests/same_run01_x8_r2_07_run01.execution.json
same_run01_x8_r2_08_run01,/home/ubuntu/quantum-workload-architecture/workloads/manifests/imported/ovh_v2/01_real_dense_ring6_amplitude.yaml,session_runner_existing_worker,same_run01_x8,2,0.052154426,0.052154426,0.003390809,0.050605148,0.000103779,2.55e-06,wrk_05cab10594c0cba2,67,plan_9681ead327789de4,True,False,,session_runner_existing_worker,0.052154426,/home/ubuntu/quantum-workload-architecture/artifacts/embedded_session/ovh_embedded_session_client_v1/sessions/session_runner_existing_worker/same_run01_x8/repeat_2/requests/same_run01_x8_r2_08_run01.execution.json
same_run06_x1_r2_01_run06,/home/ubuntu/quantum-workload-architecture/workloads/manifests/imported/ovh_v2/06_star_graph_phase_amplitude_heldout_low.yaml,session_runner_existing_worker,same_run06_x1,2,0.09372671,0.09372671,0.00427367,0.092085787,0.000262872,2.924e-06,wrk_05cab10594c0cba2,68,plan_1e9bb43cfe444bbb,True,False,,session_runner_existing_worker,0.09372671,/home/ubuntu/quantum-workload-architecture/artifacts/embedded_session/ovh_embedded_session_client_v1/sessions/session_runner_existing_worker/same_run06_x1/repeat_2/requests/same_run06_x1_r2_01_run06.execution.json
same_run06_x2_r2_01_run06,/home/ubuntu/quantum-workload-architecture/workloads/manifests/imported/ovh_v2/06_star_graph_phase_amplitude_heldout_low.yaml,session_runner_existing_worker,same_run06_x2,2,0.074130513,0.074130513,0.003562462,0.072995707,0.000237861,2.345e-06,wrk_05cab10594c0cba2,69,plan_1e9bb43cfe444bbb,True,False,,session_runner_existing_worker,0.074130513,/home/ubuntu/quantum-workload-architecture/artifacts/embedded_session/ovh_embedded_session_client_v1/sessions/session_runner_existing_worker/same_run06_x2/repeat_2/requests/same_run06_x2_r2_01_run06.execution.json
same_run06_x2_r2_02_run06,/home/ubuntu/quantum-workload-architecture/workloads/manifests/imported/ovh_v2/06_star_graph_phase_amplitude_heldout_low.yaml,session_runner_existing_worker,same_run06_x2,2,0.055561301,0.055561301,0.002876755,0.054606648,0.00012722,2.557e-06,wrk_05cab10594c0cba2,70,plan_1e9bb43cfe444bbb,True,False,,session_runner_existing_worker,0.055561301,/home/ubuntu/quantum-workload-architecture/artifacts/embedded_session/ovh_embedded_session_client_v1/sessions/session_runner_existing_worker/same_run06_x2/repeat_2/requests/same_run06_x2_r2_02_run06.execution.json
same_run06_x4_r2_01_run06,/home/ubuntu/quantum-workload-architecture/workloads/manifests/imported/ovh_v2/06_star_graph_phase_amplitude_heldout_low.yaml,session_runner_existing_worker,same_run06_x4,2,0.101842799,0.101842799,0.004402841,0.100020822,0.000322048,2.473e-06,wrk_05cab10594c0cba2,71,plan_1e9bb43cfe444bbb,True,False,,session_runner_existing_worker,0.101842799,/home/ubuntu/quantum-workload-architecture/artifacts/embedded_session/ovh_embedded_session_client_v1/sessions/session_runner_existing_worker/same_run06_x4/repeat_2/requests/same_run06_x4_r2_01_run06.execution.json
same_run06_x4_r2_02_run06,/home/ubuntu/quantum-workload-architecture/workloads/manifests/imported/ovh_v2/06_star_graph_phase_amplitude_heldout_low.yaml,session_runner_existing_worker,same_run06_x4,2,0.062113881,0.062113881,0.004559793,0.059771648,0.000232782,2.362e-06,wrk_05cab10594c0cba2,72,plan_1e9bb43cfe444bbb,True,False,,session_runner_existing_worker,0.062113881,/home/ubuntu/quantum-workload-architecture/artifacts/embedded_session/ovh_embedded_session_client_v1/sessions/session_runner_existing_worker/same_run06_x4/repeat_2/requests/same_run06_x4_r2_02_run06.execution.json
same_run06_x4_r2_03_run06,/home/ubuntu/quantum-workload-architecture/workloads/manifests/imported/ovh_v2/06_star_graph_phase_amplitude_heldout_low.yaml,session_runner_existing_worker,same_run06_x4,2,0.055760393,0.055760393,0.003179325,0.054554217,0.000104508,2.573e-06,wrk_05cab10594c0cba2,73,plan_1e9bb43cfe444bbb,True,False,,session_runner_existing_worker,0.055760393,/home/ubuntu/quantum-workload-architecture/artifacts/embedded_session/ovh_embedded_session_client_v1/sessions/session_runner_existing_worker/same_run06_x4/repeat_2/requests/same_run06_x4_r2_03_run06.execution.json
same_run06_x4_r2_04_run06,/home/ubuntu/quantum-workload-architecture/workloads/manifests/imported/ovh_v2/06_star_graph_phase_amplitude_heldout_low.yaml,session_runner_existing_worker,same_run06_x4,2,0.056215686,0.056215686,0.003373029,0.054841317,0.000109858,2.957e-06,wrk_05cab10594c0cba2,74,plan_1e9bb43cfe444bbb,True,False,,session_runner_existing_worker,0.056215686,/home/ubuntu/quantum-workload-architecture/artifacts/embedded_session/ovh_embedded_session_client_v1/sessions/session_runner_existing_worker/same_run06_x4/repeat_2/requests/same_run06_x4_r2_04_run06.execution.json
same_run06_x8_r2_01_run06,/home/ubuntu/quantum-workload-architecture/workloads/manifests/imported/ovh_v2/06_star_graph_phase_amplitude_heldout_low.yaml,session_runner_existing_worker,same_run06_x8,2,0.067898273,0.067898273,0.004046072,0.066198661,0.000203813,2.404e-06,wrk_05cab10594c0cba2,75,plan_1e9bb43cfe444bbb,True,False,,session_runner_existing_worker,0.067898273,/home/ubuntu/quantum-workload-architecture/artifacts/embedded_session/ovh_embedded_session_client_v1/sessions/session_runner_existing_worker/same_run06_x8/repeat_2/requests/same_run06_x8_r2_01_run06.execution.json
same_run06_x8_r2_02_run06,/home/ubuntu/quantum-workload-architecture/workloads/manifests/imported/ovh_v2/06_star_graph_phase_amplitude_heldout_low.yaml,session_runner_existing_worker,same_run06_x8,2,0.057369187,0.057369187,0.003422985,0.055973566,0.000110315,2.649e-06,wrk_05cab10594c0cba2,76,plan_1e9bb43cfe444bbb,True,False,,session_runner_existing_worker,0.057369187,/home/ubuntu/quantum-workload-architecture/artifacts/embedded_session/ovh_embedded_session_client_v1/sessions/session_runner_existing_worker/same_run06_x8/repeat_2/requests/same_run06_x8_r2_02_run06.execution.json
same_run06_x8_r2_03_run06,/home/ubuntu/quantum-workload-architecture/workloads/manifests/imported/ovh_v2/06_star_graph_phase_amplitude_heldout_low.yaml,session_runner_existing_worker,same_run06_x8,2,0.056233932,0.056233932,0.003414614,0.054821006,0.000104056,2.612e-06,wrk_05cab10594c0cba2,77,plan_1e9bb43cfe444bbb,True,False,,session_runner_existing_worker,0.056233932,/home/ubuntu/quantum-workload-architecture/artifacts/embedded_session/ovh_embedded_session_client_v1/sessions/session_runner_existing_worker/same_run06_x8/repeat_2/requests/same_run06_x8_r2_03_run06.execution.json
same_run06_x8_r2_04_run06,/home/ubuntu/quantum-workload-architecture/workloads/manifests/imported/ovh_v2/06_star_graph_phase_amplitude_heldout_low.yaml,session_runner_existing_worker,same_run06_x8,2,0.055807055,0.055807055,0.003327818,0.054419074,0.000102001,2.532e-06,wrk_05cab10594c0cba2,78,plan_1e9bb43cfe444bbb,True,False,,session_runner_existing_worker,0.055807055,/home/ubuntu/quantum-workload-architecture/artifacts/embedded_session/ovh_embedded_session_client_v1/sessions/session_runner_existing_worker/same_run06_x8/repeat_2/requests/same_run06_x8_r2_04_run06.execution.json
same_run06_x8_r2_05_run06,/home/ubuntu/quantum-workload-architecture/workloads/manifests/imported/ovh_v2/06_star_graph_phase_amplitude_heldout_low.yaml,session_runner_existing_worker,same_run06_x8,2,0.0561555,0.0561555,0.003378105,0.054750082,0.00010514,2.677e-06,wrk_05cab10594c0cba2,79,plan_1e9bb43cfe444bbb,True,False,,session_runner_existing_worker,0.0561555,/home/ubuntu/quantum-workload-architecture/artifacts/embedded_session/ovh_embedded_session_client_v1/sessions/session_runner_existing_worker/same_run06_x8/repeat_2/requests/same_run06_x8_r2_05_run06.execution.json
same_run06_x8_r2_06_run06,/home/ubuntu/quantum-workload-architecture/workloads/manifests/imported/ovh_v2/06_star_graph_phase_amplitude_heldout_low.yaml,session_runner_existing_worker,same_run06_x8,2,0.056293794,0.056293794,0.003385457,0.054890378,0.000126614,3.256e-06,wrk_05cab10594c0cba2,80,plan_1e9bb43cfe444bbb,True,False,,session_runner_existing_worker,0.056293794,/home/ubuntu/quantum-workload-architecture/artifacts/embedded_session/ovh_embedded_session_client_v1/sessions/session_runner_existing_worker/same_run06_x8/repeat_2/requests/same_run06_x8_r2_06_run06.execution.json
same_run06_x8_r2_07_run06,/home/ubuntu/quantum-workload-architecture/workloads/manifests/imported/ovh_v2/06_star_graph_phase_amplitude_heldout_low.yaml,session_runner_existing_worker,same_run06_x8,2,0.056182082,0.056182082,0.003393958,0.054816582,0.000107215,2.681e-06,wrk_05cab10594c0cba2,81,plan_1e9bb43cfe444bbb,True,False,,session_runner_existing_worker,0.056182082,/home/ubuntu/quantum-workload-architecture/artifacts/embedded_session/ovh_embedded_session_client_v1/sessions/session_runner_existing_worker/same_run06_x8/repeat_2/requests/same_run06_x8_r2_07_run06.execution.json
same_run06_x8_r2_08_run06,/home/ubuntu/quantum-workload-architecture/workloads/manifests/imported/ovh_v2/06_star_graph_phase_amplitude_heldout_low.yaml,session_runner_existing_worker,same_run06_x8,2,0.057681739,0.057681739,0.003280376,0.056310858,0.00011006,2.393e-06,wrk_05cab10594c0cba2,82,plan_1e9bb43cfe444bbb,True,False,,session_runner_existing_worker,0.057681739,/home/ubuntu/quantum-workload-architecture/artifacts/embedded_session/ovh_embedded_session_client_v1/sessions/session_runner_existing_worker/same_run06_x8/repeat_2/requests/same_run06_x8_r2_08_run06.execution.json
same_run08_x1_r2_01_run08,/home/ubuntu/quantum-workload-architecture/workloads/manifests/imported/ovh_v2/08_parity_iqp_batched_heldout_medium.yaml,session_runner_existing_worker,same_run08_x1,2,0.086872467,0.086872467,0.004301359,0.085115069,0.000272967,2.848e-06,wrk_05cab10594c0cba2,83,plan_7209297490c788dd,True,False,,session_runner_existing_worker,0.086872467,/home/ubuntu/quantum-workload-architecture/artifacts/embedded_session/ovh_embedded_session_client_v1/sessions/session_runner_existing_worker/same_run08_x1/repeat_2/requests/same_run08_x1_r2_01_run08.execution.json
same_run08_x2_r2_01_run08,/home/ubuntu/quantum-workload-architecture/workloads/manifests/imported/ovh_v2/08_parity_iqp_batched_heldout_medium.yaml,session_runner_existing_worker,same_run08_x2,2,0.082023009,0.082023009,0.004278651,0.080269178,0.00027317,2.746e-06,wrk_05cab10594c0cba2,84,plan_7209297490c788dd,True,False,,session_runner_existing_worker,0.082023009,/home/ubuntu/quantum-workload-architecture/artifacts/embedded_session/ovh_embedded_session_client_v1/sessions/session_runner_existing_worker/same_run08_x2/repeat_2/requests/same_run08_x2_r2_01_run08.execution.json
same_run08_x2_r2_02_run08,/home/ubuntu/quantum-workload-architecture/workloads/manifests/imported/ovh_v2/08_parity_iqp_batched_heldout_medium.yaml,session_runner_existing_worker,same_run08_x2,2,0.05186337,0.05186337,0.003078904,0.050688002,0.000112807,2.562e-06,wrk_05cab10594c0cba2,85,plan_7209297490c788dd,True,False,,session_runner_existing_worker,0.05186337,/home/ubuntu/quantum-workload-architecture/artifacts/embedded_session/ovh_embedded_session_client_v1/sessions/session_runner_existing_worker/same_run08_x2/repeat_2/requests/same_run08_x2_r2_02_run08.execution.json
same_run08_x4_r2_01_run08,/home/ubuntu/quantum-workload-architecture/workloads/manifests/imported/ovh_v2/08_parity_iqp_batched_heldout_medium.yaml,session_runner_existing_worker,same_run08_x4,2,0.073976364,0.073976364,0.004153641,0.072297852,0.000264794,2.77e-06,wrk_05cab10594c0cba2,86,plan_7209297490c788dd,True,False,,session_runner_existing_worker,0.073976364,/home/ubuntu/quantum-workload-architecture/artifacts/embedded_session/ovh_embedded_session_client_v1/sessions/session_runner_existing_worker/same_run08_x4/repeat_2/requests/same_run08_x4_r2_01_run08.execution.json
same_run08_x4_r2_02_run08,/home/ubuntu/quantum-workload-architecture/workloads/manifests/imported/ovh_v2/08_parity_iqp_batched_heldout_medium.yaml,session_runner_existing_worker,same_run08_x4,2,0.092459444,0.092459444,0.003977659,0.091037343,0.000284444,2.936e-06,wrk_05cab10594c0cba2,87,plan_7209297490c788dd,True,False,,session_runner_existing_worker,0.092459444,/home/ubuntu/quantum-workload-architecture/artifacts/embedded_session/ovh_embedded_session_client_v1/sessions/session_runner_existing_worker/same_run08_x4/repeat_2/requests/same_run08_x4_r2_02_run08.execution.json
same_run08_x4_r2_03_run08,/home/ubuntu/quantum-workload-architecture/workloads/manifests/imported/ovh_v2/08_parity_iqp_batched_heldout_medium.yaml,session_runner_existing_worker,same_run08_x4,2,0.052517438,0.052517438,0.003268392,0.05109689,0.000108193,2.334e-06,wrk_05cab10594c0cba2,88,plan_7209297490c788dd,True,False,,session_runner_existing_worker,0.052517438,/home/ubuntu/quantum-workload-architecture/artifacts/embedded_session/ovh_embedded_session_client_v1/sessions/session_runner_existing_worker/same_run08_x4/repeat_2/requests/same_run08_x4_r2_03_run08.execution.json
same_run08_x4_r2_04_run08,/home/ubuntu/quantum-workload-architecture/workloads/manifests/imported/ovh_v2/08_parity_iqp_batched_heldout_medium.yaml,session_runner_existing_worker,same_run08_x4,2,0.050330598,0.050330598,0.003143629,0.048997042,0.000103252,2.026e-05,wrk_05cab10594c0cba2,89,plan_7209297490c788dd,True,False,,session_runner_existing_worker,0.050330598,/home/ubuntu/quantum-workload-architecture/artifacts/embedded_session/ovh_embedded_session_client_v1/sessions/session_runner_existing_worker/same_run08_x4/repeat_2/requests/same_run08_x4_r2_04_run08.execution.json
same_run08_x8_r2_01_run08,/home/ubuntu/quantum-workload-architecture/workloads/manifests/imported/ovh_v2/08_parity_iqp_batched_heldout_medium.yaml,session_runner_existing_worker,same_run08_x8,2,0.090478726,0.090478726,0.004369686,0.08881087,0.000294358,2.663e-06,wrk_05cab10594c0cba2,90,plan_7209297490c788dd,True,False,,session_runner_existing_worker,0.090478726,/home/ubuntu/quantum-workload-architecture/artifacts/embedded_session/ovh_embedded_session_client_v1/sessions/session_runner_existing_worker/same_run08_x8/repeat_2/requests/same_run08_x8_r2_01_run08.execution.json
same_run08_x8_r2_02_run08,/home/ubuntu/quantum-workload-architecture/workloads/manifests/imported/ovh_v2/08_parity_iqp_batched_heldout_medium.yaml,session_runner_existing_worker,same_run08_x8,2,0.05134336,0.05134336,0.003221392,0.049937321,0.000125571,2.1046e-05,wrk_05cab10594c0cba2,91,plan_7209297490c788dd,True,False,,session_runner_existing_worker,0.05134336,/home/ubuntu/quantum-workload-architecture/artifacts/embedded_session/ovh_embedded_session_client_v1/sessions/session_runner_existing_worker/same_run08_x8/repeat_2/requests/same_run08_x8_r2_02_run08.execution.json
same_run08_x8_r2_03_run08,/home/ubuntu/quantum-workload-architecture/workloads/manifests/imported/ovh_v2/08_parity_iqp_batched_heldout_medium.yaml,session_runner_existing_worker,same_run08_x8,2,0.051313432,0.051313432,0.003215835,0.049940378,0.000109545,2.415e-06,wrk_05cab10594c0cba2,92,plan_7209297490c788dd,True,False,,session_runner_existing_worker,0.051313432,/home/ubuntu/quantum-workload-architecture/artifacts/embedded_session/ovh_embedded_session_client_v1/sessions/session_runner_existing_worker/same_run08_x8/repeat_2/requests/same_run08_x8_r2_03_run08.execution.json
same_run08_x8_r2_04_run08,/home/ubuntu/quantum-workload-architecture/workloads/manifests/imported/ovh_v2/08_parity_iqp_batched_heldout_medium.yaml,session_runner_existing_worker,same_run08_x8,2,0.051318625,0.051318625,0.00323454,0.049905064,0.000107668,3.415e-06,wrk_05cab10594c0cba2,93,plan_7209297490c788dd,True,False,,session_runner_existing_worker,0.051318625,/home/ubuntu/quantum-workload-architecture/artifacts/embedded_session/ovh_embedded_session_client_v1/sessions/session_runner_existing_worker/same_run08_x8/repeat_2/requests/same_run08_x8_r2_04_run08.execution.json
same_run08_x8_r2_05_run08,/home/ubuntu/quantum-workload-architecture/workloads/manifests/imported/ovh_v2/08_parity_iqp_batched_heldout_medium.yaml,session_runner_existing_worker,same_run08_x8,2,0.051198765,0.051198765,0.003325365,0.049853463,0.000106178,2.403e-06,wrk_05cab10594c0cba2,94,plan_7209297490c788dd,True,False,,session_runner_existing_worker,0.051198765,/home/ubuntu/quantum-workload-architecture/artifacts/embedded_session/ovh_embedded_session_client_v1/sessions/session_runner_existing_worker/same_run08_x8/repeat_2/requests/same_run08_x8_r2_05_run08.execution.json
same_run08_x8_r2_06_run08,/home/ubuntu/quantum-workload-architecture/workloads/manifests/imported/ovh_v2/08_parity_iqp_batched_heldout_medium.yaml,session_runner_existing_worker,same_run08_x8,2,0.051104698,0.051104698,0.003228882,0.049686812,0.00012707,2.635e-06,wrk_05cab10594c0cba2,95,plan_7209297490c788dd,True,False,,session_runner_existing_worker,0.051104698,/home/ubuntu/quantum-workload-architecture/artifacts/embedded_session/ovh_embedded_session_client_v1/sessions/session_runner_existing_worker/same_run08_x8/repeat_2/requests/same_run08_x8_r2_06_run08.execution.json
same_run08_x8_r2_07_run08,/home/ubuntu/quantum-workload-architecture/workloads/manifests/imported/ovh_v2/08_parity_iqp_batched_heldout_medium.yaml,session_runner_existing_worker,same_run08_x8,2,0.051320129,0.051320129,0.003320376,0.049878782,0.000104962,2.513e-06,wrk_05cab10594c0cba2,96,plan_7209297490c788dd,True,False,,session_runner_existing_worker,0.051320129,/home/ubuntu/quantum-workload-architecture/artifacts/embedded_session/ovh_embedded_session_client_v1/sessions/session_runner_existing_worker/same_run08_x8/repeat_2/requests/same_run08_x8_r2_07_run08.execution.json
same_run08_x8_r2_08_run08,/home/ubuntu/quantum-workload-architecture/workloads/manifests/imported/ovh_v2/08_parity_iqp_batched_heldout_medium.yaml,session_runner_existing_worker,same_run08_x8,2,0.051579041,0.051579041,0.003328413,0.050197061,0.000102441,2.543e-06,wrk_05cab10594c0cba2,97,plan_7209297490c788dd,True,False,,session_runner_existing_worker,0.051579041,/home/ubuntu/quantum-workload-architecture/artifacts/embedded_session/ovh_embedded_session_client_v1/sessions/session_runner_existing_worker/same_run08_x8/repeat_2/requests/same_run08_x8_r2_08_run08.execution.json
mixed_trio_x6_r2_01_run01,/home/ubuntu/quantum-workload-architecture/workloads/manifests/imported/ovh_v2/01_real_dense_ring6_amplitude.yaml,session_runner_existing_worker,mixed_trio_x6,2,0.08602097,0.08602097,0.004293686,0.084297572,0.000275995,2.445e-06,wrk_05cab10594c0cba2,98,plan_9681ead327789de4,True,False,,session_runner_existing_worker,0.08602097,/home/ubuntu/quantum-workload-architecture/artifacts/embedded_session/ovh_embedded_session_client_v1/sessions/session_runner_existing_worker/mixed_trio_x6/repeat_2/requests/mixed_trio_x6_r2_01_run01.execution.json
mixed_trio_x6_r2_02_run06,/home/ubuntu/quantum-workload-architecture/workloads/manifests/imported/ovh_v2/06_star_graph_phase_amplitude_heldout_low.yaml,session_runner_existing_worker,mixed_trio_x6,2,0.056691065,0.056691065,0.003402712,0.055264901,0.000109902,2.503e-06,wrk_05cab10594c0cba2,99,plan_1e9bb43cfe444bbb,True,False,,session_runner_existing_worker,0.056691065,/home/ubuntu/quantum-workload-architecture/artifacts/embedded_session/ovh_embedded_session_client_v1/sessions/session_runner_existing_worker/mixed_trio_x6/repeat_2/requests/mixed_trio_x6_r2_02_run06.execution.json
mixed_trio_x6_r2_03_run08,/home/ubuntu/quantum-workload-architecture/workloads/manifests/imported/ovh_v2/08_parity_iqp_batched_heldout_medium.yaml,session_runner_existing_worker,mixed_trio_x6,2,0.050829685,0.050829685,0.003189508,0.049486768,0.000107204,2.731e-06,wrk_05cab10594c0cba2,100,plan_7209297490c788dd,True,False,,session_runner_existing_worker,0.050829685,/home/ubuntu/quantum-workload-architecture/artifacts/embedded_session/ovh_embedded_session_client_v1/sessions/session_runner_existing_worker/mixed_trio_x6/repeat_2/requests/mixed_trio_x6_r2_03_run08.execution.json
mixed_trio_x6_r2_04_run01,/home/ubuntu/quantum-workload-architecture/workloads/manifests/imported/ovh_v2/01_real_dense_ring6_amplitude.yaml,session_runner_existing_worker,mixed_trio_x6,2,0.053364811,0.053364811,0.003410616,0.052005421,0.0001073,2.559e-06,wrk_05cab10594c0cba2,101,plan_9681ead327789de4,True,False,,session_runner_existing_worker,0.053364811,/home/ubuntu/quantum-workload-architecture/artifacts/embedded_session/ovh_embedded_session_client_v1/sessions/session_runner_existing_worker/mixed_trio_x6/repeat_2/requests/mixed_trio_x6_r2_04_run01.execution.json
mixed_trio_x6_r2_05_run06,/home/ubuntu/quantum-workload-architecture/workloads/manifests/imported/ovh_v2/06_star_graph_phase_amplitude_heldout_low.yaml,session_runner_existing_worker,mixed_trio_x6,2,0.056392612,0.056392612,0.003422067,0.054933739,0.000109018,2.407e-06,wrk_05cab10594c0cba2,102,plan_1e9bb43cfe444bbb,True,False,,session_runner_existing_worker,0.056392612,/home/ubuntu/quantum-workload-architecture/artifacts/embedded_session/ovh_embedded_session_client_v1/sessions/session_runner_existing_worker/mixed_trio_x6/repeat_2/requests/mixed_trio_x6_r2_05_run06.execution.json
mixed_trio_x6_r2_06_run08,/home/ubuntu/quantum-workload-architecture/workloads/manifests/imported/ovh_v2/08_parity_iqp_batched_heldout_medium.yaml,session_runner_existing_worker,mixed_trio_x6,2,0.050509222,0.050509222,0.003373004,0.049026035,0.000104638,2.456e-06,wrk_05cab10594c0cba2,103,plan_7209297490c788dd,True,False,,session_runner_existing_worker,0.050509222,/home/ubuntu/quantum-workload-architecture/artifacts/embedded_session/ovh_embedded_session_client_v1/sessions/session_runner_existing_worker/mixed_trio_x6/repeat_2/requests/mixed_trio_x6_r2_06_run08.execution.json
same_run01_x1_r3_01_run01,/home/ubuntu/quantum-workload-architecture/workloads/manifests/imported/ovh_v2/01_real_dense_ring6_amplitude.yaml,session_runner_existing_worker,same_run01_x1,3,0.114951511,0.114951511,0.004856218,0.113033605,0.000310631,2.985e-06,wrk_05cab10594c0cba2,104,plan_9681ead327789de4,True,False,,session_runner_existing_worker,0.114951511,/home/ubuntu/quantum-workload-architecture/artifacts/embedded_session/ovh_embedded_session_client_v1/sessions/session_runner_existing_worker/same_run01_x1/repeat_3/requests/same_run01_x1_r3_01_run01.execution.json
same_run01_x2_r3_01_run01,/home/ubuntu/quantum-workload-architecture/workloads/manifests/imported/ovh_v2/01_real_dense_ring6_amplitude.yaml,session_runner_existing_worker,same_run01_x2,3,0.070273807,0.070273807,0.003949454,0.068631956,0.000203111,2.653e-06,wrk_05cab10594c0cba2,105,plan_9681ead327789de4,True,False,,session_runner_existing_worker,0.070273807,/home/ubuntu/quantum-workload-architecture/artifacts/embedded_session/ovh_embedded_session_client_v1/sessions/session_runner_existing_worker/same_run01_x2/repeat_3/requests/same_run01_x2_r3_01_run01.execution.json
same_run01_x2_r3_02_run01,/home/ubuntu/quantum-workload-architecture/workloads/manifests/imported/ovh_v2/01_real_dense_ring6_amplitude.yaml,session_runner_existing_worker,same_run01_x2,3,0.053058577,0.053058577,0.003432182,0.051734129,0.000104734,2.44e-06,wrk_05cab10594c0cba2,106,plan_9681ead327789de4,True,False,,session_runner_existing_worker,0.053058577,/home/ubuntu/quantum-workload-architecture/artifacts/embedded_session/ovh_embedded_session_client_v1/sessions/session_runner_existing_worker/same_run01_x2/repeat_3/requests/same_run01_x2_r3_02_run01.execution.json
same_run01_x4_r3_01_run01,/home/ubuntu/quantum-workload-architecture/workloads/manifests/imported/ovh_v2/01_real_dense_ring6_amplitude.yaml,session_runner_existing_worker,same_run01_x4,3,0.057000834,0.057000834,0.003342051,0.055668707,0.000150425,2.748e-06,wrk_05cab10594c0cba2,107,plan_9681ead327789de4,True,False,,session_runner_existing_worker,0.057000834,/home/ubuntu/quantum-workload-architecture/artifacts/embedded_session/ovh_embedded_session_client_v1/sessions/session_runner_existing_worker/same_run01_x4/repeat_3/requests/same_run01_x4_r3_01_run01.execution.json
same_run01_x4_r3_02_run01,/home/ubuntu/quantum-workload-architecture/workloads/manifests/imported/ovh_v2/01_real_dense_ring6_amplitude.yaml,session_runner_existing_worker,same_run01_x4,3,0.052459161,0.052459161,0.003340946,0.051021727,0.000104373,2.943e-06,wrk_05cab10594c0cba2,108,plan_9681ead327789de4,True,False,,session_runner_existing_worker,0.052459161,/home/ubuntu/quantum-workload-architecture/artifacts/embedded_session/ovh_embedded_session_client_v1/sessions/session_runner_existing_worker/same_run01_x4/repeat_3/requests/same_run01_x4_r3_02_run01.execution.json
same_run01_x4_r3_03_run01,/home/ubuntu/quantum-workload-architecture/workloads/manifests/imported/ovh_v2/01_real_dense_ring6_amplitude.yaml,session_runner_existing_worker,same_run01_x4,3,0.052413362,0.052413362,0.003380886,0.050979918,0.000104574,2.383e-06,wrk_05cab10594c0cba2,109,plan_9681ead327789de4,True,False,,session_runner_existing_worker,0.052413362,/home/ubuntu/quantum-workload-architecture/artifacts/embedded_session/ovh_embedded_session_client_v1/sessions/session_runner_existing_worker/same_run01_x4/repeat_3/requests/same_run01_x4_r3_03_run01.execution.json
same_run01_x4_r3_04_run01,/home/ubuntu/quantum-workload-architecture/workloads/manifests/imported/ovh_v2/01_real_dense_ring6_amplitude.yaml,session_runner_existing_worker,same_run01_x4,3,0.05267454,0.05267454,0.003223488,0.051311345,0.000108027,2.643e-06,wrk_05cab10594c0cba2,110,plan_9681ead327789de4,True,False,,session_runner_existing_worker,0.05267454,/home/ubuntu/quantum-workload-architecture/artifacts/embedded_session/ovh_embedded_session_client_v1/sessions/session_runner_existing_worker/same_run01_x4/repeat_3/requests/same_run01_x4_r3_04_run01.execution.json
same_run01_x8_r3_01_run01,/home/ubuntu/quantum-workload-architecture/workloads/manifests/imported/ovh_v2/01_real_dense_ring6_amplitude.yaml,session_runner_existing_worker,same_run01_x8,3,0.06256442,0.06256442,0.003310786,0.061367767,0.000164831,2.684e-06,wrk_05cab10594c0cba2,111,plan_9681ead327789de4,True,False,,session_runner_existing_worker,0.06256442,/home/ubuntu/quantum-workload-architecture/artifacts/embedded_session/ovh_embedded_session_client_v1/sessions/session_runner_existing_worker/same_run01_x8/repeat_3/requests/same_run01_x8_r3_01_run01.execution.json
same_run01_x8_r3_02_run01,/home/ubuntu/quantum-workload-architecture/workloads/manifests/imported/ovh_v2/01_real_dense_ring6_amplitude.yaml,session_runner_existing_worker,same_run01_x8,3,0.052456133,0.052456133,0.003120847,0.051255594,0.000101903,2.462e-06,wrk_05cab10594c0cba2,112,plan_9681ead327789de4,True,False,,session_runner_existing_worker,0.052456133,/home/ubuntu/quantum-workload-architecture/artifacts/embedded_session/ovh_embedded_session_client_v1/sessions/session_runner_existing_worker/same_run01_x8/repeat_3/requests/same_run01_x8_r3_02_run01.execution.json
same_run01_x8_r3_03_run01,/home/ubuntu/quantum-workload-architecture/workloads/manifests/imported/ovh_v2/01_real_dense_ring6_amplitude.yaml,session_runner_existing_worker,same_run01_x8,3,0.052399199,0.052399199,0.003269446,0.051004746,0.000107095,2.654e-06,wrk_05cab10594c0cba2,113,plan_9681ead327789de4,True,False,,session_runner_existing_worker,0.052399199,/home/ubuntu/quantum-workload-architecture/artifacts/embedded_session/ovh_embedded_session_client_v1/sessions/session_runner_existing_worker/same_run01_x8/repeat_3/requests/same_run01_x8_r3_03_run01.execution.json
same_run01_x8_r3_04_run01,/home/ubuntu/quantum-workload-architecture/workloads/manifests/imported/ovh_v2/01_real_dense_ring6_amplitude.yaml,session_runner_existing_worker,same_run01_x8,3,0.052645014,0.052645014,0.003264257,0.051314723,0.000102938,2.457e-06,wrk_05cab10594c0cba2,114,plan_9681ead327789de4,True,False,,session_runner_existing_worker,0.052645014,/home/ubuntu/quantum-workload-architecture/artifacts/embedded_session/ovh_embedded_session_client_v1/sessions/session_runner_existing_worker/same_run01_x8/repeat_3/requests/same_run01_x8_r3_04_run01.execution.json
same_run01_x8_r3_05_run01,/home/ubuntu/quantum-workload-architecture/workloads/manifests/imported/ovh_v2/01_real_dense_ring6_amplitude.yaml,session_runner_existing_worker,same_run01_x8,3,0.05348002,0.05348002,0.003296527,0.052117788,0.00010463,2.538e-06,wrk_05cab10594c0cba2,115,plan_9681ead327789de4,True,False,,session_runner_existing_worker,0.05348002,/home/ubuntu/quantum-workload-architecture/artifacts/embedded_session/ovh_embedded_session_client_v1/sessions/session_runner_existing_worker/same_run01_x8/repeat_3/requests/same_run01_x8_r3_05_run01.execution.json
same_run01_x8_r3_06_run01,/home/ubuntu/quantum-workload-architecture/workloads/manifests/imported/ovh_v2/01_real_dense_ring6_amplitude.yaml,session_runner_existing_worker,same_run01_x8,3,0.052968595,0.052968595,0.003331489,0.051555282,0.000104251,2.469e-06,wrk_05cab10594c0cba2,116,plan_9681ead327789de4,True,False,,session_runner_existing_worker,0.052968595,/home/ubuntu/quantum-workload-architecture/artifacts/embedded_session/ovh_embedded_session_client_v1/sessions/session_runner_existing_worker/same_run01_x8/repeat_3/requests/same_run01_x8_r3_06_run01.execution.json
same_run01_x8_r3_07_run01,/home/ubuntu/quantum-workload-architecture/workloads/manifests/imported/ovh_v2/01_real_dense_ring6_amplitude.yaml,session_runner_existing_worker,same_run01_x8,3,0.052528072,0.052528072,0.003309015,0.051152665,0.000108194,2.672e-06,wrk_05cab10594c0cba2,117,plan_9681ead327789de4,True,False,,session_runner_existing_worker,0.052528072,/home/ubuntu/quantum-workload-architecture/artifacts/embedded_session/ovh_embedded_session_client_v1/sessions/session_runner_existing_worker/same_run01_x8/repeat_3/requests/same_run01_x8_r3_07_run01.execution.json
same_run01_x8_r3_08_run01,/home/ubuntu/quantum-workload-architecture/workloads/manifests/imported/ovh_v2/01_real_dense_ring6_amplitude.yaml,session_runner_existing_worker,same_run01_x8,3,0.052568764,0.052568764,0.003292927,0.051252136,0.000119861,2.816e-06,wrk_05cab10594c0cba2,118,plan_9681ead327789de4,True,False,,session_runner_existing_worker,0.052568764,/home/ubuntu/quantum-workload-architecture/artifacts/embedded_session/ovh_embedded_session_client_v1/sessions/session_runner_existing_worker/same_run01_x8/repeat_3/requests/same_run01_x8_r3_08_run01.execution.json
same_run06_x1_r3_01_run06,/home/ubuntu/quantum-workload-architecture/workloads/manifests/imported/ovh_v2/06_star_graph_phase_amplitude_heldout_low.yaml,session_runner_existing_worker,same_run06_x1,3,0.088224157,0.088224157,0.004096487,0.086618868,0.000257757,2.555e-06,wrk_05cab10594c0cba2,119,plan_1e9bb43cfe444bbb,True,False,,session_runner_existing_worker,0.088224157,/home/ubuntu/quantum-workload-architecture/artifacts/embedded_session/ovh_embedded_session_client_v1/sessions/session_runner_existing_worker/same_run06_x1/repeat_3/requests/same_run06_x1_r3_01_run06.execution.json
same_run06_x2_r3_01_run06,/home/ubuntu/quantum-workload-architecture/workloads/manifests/imported/ovh_v2/06_star_graph_phase_amplitude_heldout_low.yaml,session_runner_existing_worker,same_run06_x2,3,0.102934932,0.102934932,0.006481412,0.10104741,0.000287386,5.435e-06,wrk_05cab10594c0cba2,120,plan_1e9bb43cfe444bbb,True,False,,session_runner_existing_worker,0.102934932,/home/ubuntu/quantum-workload-architecture/artifacts/embedded_session/ovh_embedded_session_client_v1/sessions/session_runner_existing_worker/same_run06_x2/repeat_3/requests/same_run06_x2_r3_01_run06.execution.json
same_run06_x2_r3_02_run06,/home/ubuntu/quantum-workload-architecture/workloads/manifests/imported/ovh_v2/06_star_graph_phase_amplitude_heldout_low.yaml,session_runner_existing_worker,same_run06_x2,3,0.087121358,0.087121358,0.004126824,0.085512322,0.000282548,2.791e-06,wrk_05cab10594c0cba2,121,plan_1e9bb43cfe444bbb,True,False,,session_runner_existing_worker,0.087121358,/home/ubuntu/quantum-workload-architecture/artifacts/embedded_session/ovh_embedded_session_client_v1/sessions/session_runner_existing_worker/same_run06_x2/repeat_3/requests/same_run06_x2_r3_02_run06.execution.json
same_run06_x4_r3_01_run06,/home/ubuntu/quantum-workload-architecture/workloads/manifests/imported/ovh_v2/06_star_graph_phase_amplitude_heldout_low.yaml,session_runner_existing_worker,same_run06_x4,3,0.079220699,0.079220699,0.004393811,0.077434132,0.000300805,2.96e-06,wrk_05cab10594c0cba2,122,plan_1e9bb43cfe444bbb,True,False,,session_runner_existing_worker,0.079220699,/home/ubuntu/quantum-workload-architecture/artifacts/embedded_session/ovh_embedded_session_client_v1/sessions/session_runner_existing_worker/same_run06_x4/repeat_3/requests/same_run06_x4_r3_01_run06.execution.json
same_run06_x4_r3_02_run06,/home/ubuntu/quantum-workload-architecture/workloads/manifests/imported/ovh_v2/06_star_graph_phase_amplitude_heldout_low.yaml,session_runner_existing_worker,same_run06_x4,3,0.055656653,0.055656653,0.002850551,0.054761686,0.00010506,2.522e-06,wrk_05cab10594c0cba2,123,plan_1e9bb43cfe444bbb,True,False,,session_runner_existing_worker,0.055656653,/home/ubuntu/quantum-workload-architecture/artifacts/embedded_session/ovh_embedded_session_client_v1/sessions/session_runner_existing_worker/same_run06_x4/repeat_3/requests/same_run06_x4_r3_02_run06.execution.json
same_run06_x4_r3_03_run06,/home/ubuntu/quantum-workload-architecture/workloads/manifests/imported/ovh_v2/06_star_graph_phase_amplitude_heldout_low.yaml,session_runner_existing_worker,same_run06_x4,3,0.055633895,0.055633895,0.003149462,0.054459943,0.00010306,2.282e-06,wrk_05cab10594c0cba2,124,plan_1e9bb43cfe444bbb,True,False,,session_runner_existing_worker,0.055633895,/home/ubuntu/quantum-workload-architecture/artifacts/embedded_session/ovh_embedded_session_client_v1/sessions/session_runner_existing_worker/same_run06_x4/repeat_3/requests/same_run06_x4_r3_03_run06.execution.json
same_run06_x4_r3_04_run06,/home/ubuntu/quantum-workload-architecture/workloads/manifests/imported/ovh_v2/06_star_graph_phase_amplitude_heldout_low.yaml,session_runner_existing_worker,same_run06_x4,3,0.056380833,0.056380833,0.003431971,0.054917295,0.000103082,2.787e-06,wrk_05cab10594c0cba2,125,plan_1e9bb43cfe444bbb,True,False,,session_runner_existing_worker,0.056380833,/home/ubuntu/quantum-workload-architecture/artifacts/embedded_session/ovh_embedded_session_client_v1/sessions/session_runner_existing_worker/same_run06_x4/repeat_3/requests/same_run06_x4_r3_04_run06.execution.json
same_run06_x8_r3_01_run06,/home/ubuntu/quantum-workload-architecture/workloads/manifests/imported/ovh_v2/06_star_graph_phase_amplitude_heldout_low.yaml,session_runner_existing_worker,same_run06_x8,3,0.098970286,0.098970286,0.00416401,0.097412101,0.000289527,2.607e-06,wrk_05cab10594c0cba2,126,plan_1e9bb43cfe444bbb,True,False,,session_runner_existing_worker,0.098970286,/home/ubuntu/quantum-workload-architecture/artifacts/embedded_session/ovh_embedded_session_client_v1/sessions/session_runner_existing_worker/same_run06_x8/repeat_3/requests/same_run06_x8_r3_01_run06.execution.json
same_run06_x8_r3_02_run06,/home/ubuntu/quantum-workload-architecture/workloads/manifests/imported/ovh_v2/06_star_graph_phase_amplitude_heldout_low.yaml,session_runner_existing_worker,same_run06_x8,3,0.055990858,0.055990858,0.003337999,0.054576469,0.000103477,2.427e-06,wrk_05cab10594c0cba2,127,plan_1e9bb43cfe444bbb,True,False,,session_runner_existing_worker,0.055990858,/home/ubuntu/quantum-workload-architecture/artifacts/embedded_session/ovh_embedded_session_client_v1/sessions/session_runner_existing_worker/same_run06_x8/repeat_3/requests/same_run06_x8_r3_02_run06.execution.json
same_run06_x8_r3_03_run06,/home/ubuntu/quantum-workload-architecture/workloads/manifests/imported/ovh_v2/06_star_graph_phase_amplitude_heldout_low.yaml,session_runner_existing_worker,same_run06_x8,3,0.056129615,0.056129615,0.003325069,0.054754888,0.000104918,2.702e-06,wrk_05cab10594c0cba2,128,plan_1e9bb43cfe444bbb,True,False,,session_runner_existing_worker,0.056129615,/home/ubuntu/quantum-workload-architecture/artifacts/embedded_session/ovh_embedded_session_client_v1/sessions/session_runner_existing_worker/same_run06_x8/repeat_3/requests/same_run06_x8_r3_03_run06.execution.json
same_run06_x8_r3_04_run06,/home/ubuntu/quantum-workload-architecture/workloads/manifests/imported/ovh_v2/06_star_graph_phase_amplitude_heldout_low.yaml,session_runner_existing_worker,same_run06_x8,3,0.055933544,0.055933544,0.003276649,0.054563076,0.000102627,2.485e-06,wrk_05cab10594c0cba2,129,plan_1e9bb43cfe444bbb,True,False,,session_runner_existing_worker,0.055933544,/home/ubuntu/quantum-workload-architecture/artifacts/embedded_session/ovh_embedded_session_client_v1/sessions/session_runner_existing_worker/same_run06_x8/repeat_3/requests/same_run06_x8_r3_04_run06.execution.json
same_run06_x8_r3_05_run06,/home/ubuntu/quantum-workload-architecture/workloads/manifests/imported/ovh_v2/06_star_graph_phase_amplitude_heldout_low.yaml,session_runner_existing_worker,same_run06_x8,3,0.055780685,0.055780685,0.003320229,0.05436139,0.000104031,2.411e-06,wrk_05cab10594c0cba2,130,plan_1e9bb43cfe444bbb,True,False,,session_runner_existing_worker,0.055780685,/home/ubuntu/quantum-workload-architecture/artifacts/embedded_session/ovh_embedded_session_client_v1/sessions/session_runner_existing_worker/same_run06_x8/repeat_3/requests/same_run06_x8_r3_05_run06.execution.json
same_run06_x8_r3_06_run06,/home/ubuntu/quantum-workload-architecture/workloads/manifests/imported/ovh_v2/06_star_graph_phase_amplitude_heldout_low.yaml,session_runner_existing_worker,same_run06_x8,3,0.055953961,0.055953961,0.003276125,0.054644395,0.000102024,2.516e-06,wrk_05cab10594c0cba2,131,plan_1e9bb43cfe444bbb,True,False,,session_runner_existing_worker,0.055953961,/home/ubuntu/quantum-workload-architecture/artifacts/embedded_session/ovh_embedded_session_client_v1/sessions/session_runner_existing_worker/same_run06_x8/repeat_3/requests/same_run06_x8_r3_06_run06.execution.json
same_run06_x8_r3_07_run06,/home/ubuntu/quantum-workload-architecture/workloads/manifests/imported/ovh_v2/06_star_graph_phase_amplitude_heldout_low.yaml,session_runner_existing_worker,same_run06_x8,3,0.055464805,0.055464805,0.003278478,0.054161913,0.000119681,2.342e-06,wrk_05cab10594c0cba2,132,plan_1e9bb43cfe444bbb,True,False,,session_runner_existing_worker,0.055464805,/home/ubuntu/quantum-workload-architecture/artifacts/embedded_session/ovh_embedded_session_client_v1/sessions/session_runner_existing_worker/same_run06_x8/repeat_3/requests/same_run06_x8_r3_07_run06.execution.json
same_run06_x8_r3_08_run06,/home/ubuntu/quantum-workload-architecture/workloads/manifests/imported/ovh_v2/06_star_graph_phase_amplitude_heldout_low.yaml,session_runner_existing_worker,same_run06_x8,3,0.058335101,0.058335101,0.003308222,0.057008736,0.000107814,2.73e-06,wrk_05cab10594c0cba2,133,plan_1e9bb43cfe444bbb,True,False,,session_runner_existing_worker,0.058335101,/home/ubuntu/quantum-workload-architecture/artifacts/embedded_session/ovh_embedded_session_client_v1/sessions/session_runner_existing_worker/same_run06_x8/repeat_3/requests/same_run06_x8_r3_08_run06.execution.json
same_run08_x1_r3_01_run08,/home/ubuntu/quantum-workload-architecture/workloads/manifests/imported/ovh_v2/08_parity_iqp_batched_heldout_medium.yaml,session_runner_existing_worker,same_run08_x1,3,0.086676096,0.086676096,0.004179831,0.084906245,0.000305787,2.444e-06,wrk_05cab10594c0cba2,134,plan_7209297490c788dd,True,False,,session_runner_existing_worker,0.086676096,/home/ubuntu/quantum-workload-architecture/artifacts/embedded_session/ovh_embedded_session_client_v1/sessions/session_runner_existing_worker/same_run08_x1/repeat_3/requests/same_run08_x1_r3_01_run08.execution.json
same_run08_x2_r3_01_run08,/home/ubuntu/quantum-workload-architecture/workloads/manifests/imported/ovh_v2/08_parity_iqp_batched_heldout_medium.yaml,session_runner_existing_worker,same_run08_x2,3,0.076260227,0.076260227,0.004294748,0.07455949,0.000269449,2.307e-06,wrk_05cab10594c0cba2,135,plan_7209297490c788dd,True,False,,session_runner_existing_worker,0.076260227,/home/ubuntu/quantum-workload-architecture/artifacts/embedded_session/ovh_embedded_session_client_v1/sessions/session_runner_existing_worker/same_run08_x2/repeat_3/requests/same_run08_x2_r3_01_run08.execution.json
same_run08_x2_r3_02_run08,/home/ubuntu/quantum-workload-architecture/workloads/manifests/imported/ovh_v2/08_parity_iqp_batched_heldout_medium.yaml,session_runner_existing_worker,same_run08_x2,3,0.050538004,0.050538004,0.002880053,0.049679733,0.000103342,2.64e-06,wrk_05cab10594c0cba2,136,plan_7209297490c788dd,True,False,,session_runner_existing_worker,0.050538004,/home/ubuntu/quantum-workload-architecture/artifacts/embedded_session/ovh_embedded_session_client_v1/sessions/session_runner_existing_worker/same_run08_x2/repeat_3/requests/same_run08_x2_r3_02_run08.execution.json
same_run08_x4_r3_01_run08,/home/ubuntu/quantum-workload-architecture/workloads/manifests/imported/ovh_v2/08_parity_iqp_batched_heldout_medium.yaml,session_runner_existing_worker,same_run08_x4,3,0.088702165,0.088702165,0.003910693,0.087193342,0.000258962,2.474e-06,wrk_05cab10594c0cba2,137,plan_7209297490c788dd,True,False,,session_runner_existing_worker,0.088702165,/home/ubuntu/quantum-workload-architecture/artifacts/embedded_session/ovh_embedded_session_client_v1/sessions/session_runner_existing_worker/same_run08_x4/repeat_3/requests/same_run08_x4_r3_01_run08.execution.json
same_run08_x4_r3_02_run08,/home/ubuntu/quantum-workload-architecture/workloads/manifests/imported/ovh_v2/08_parity_iqp_batched_heldout_medium.yaml,session_runner_existing_worker,same_run08_x4,3,0.051129011,0.051129011,0.002949098,0.050034834,0.000106954,2.414e-06,wrk_05cab10594c0cba2,138,plan_7209297490c788dd,True,False,,session_runner_existing_worker,0.051129011,/home/ubuntu/quantum-workload-architecture/artifacts/embedded_session/ovh_embedded_session_client_v1/sessions/session_runner_existing_worker/same_run08_x4/repeat_3/requests/same_run08_x4_r3_02_run08.execution.json
same_run08_x4_r3_03_run08,/home/ubuntu/quantum-workload-architecture/workloads/manifests/imported/ovh_v2/08_parity_iqp_batched_heldout_medium.yaml,session_runner_existing_worker,same_run08_x4,3,0.050779629,0.050779629,0.003258902,0.049321744,0.000109509,2.529e-06,wrk_05cab10594c0cba2,139,plan_7209297490c788dd,True,False,,session_runner_existing_worker,0.050779629,/home/ubuntu/quantum-workload-architecture/artifacts/embedded_session/ovh_embedded_session_client_v1/sessions/session_runner_existing_worker/same_run08_x4/repeat_3/requests/same_run08_x4_r3_03_run08.execution.json
same_run08_x4_r3_04_run08,/home/ubuntu/quantum-workload-architecture/workloads/manifests/imported/ovh_v2/08_parity_iqp_batched_heldout_medium.yaml,session_runner_existing_worker,same_run08_x4,3,0.050433877,0.050433877,0.003247566,0.049012674,0.000104259,2.636e-06,wrk_05cab10594c0cba2,140,plan_7209297490c788dd,True,False,,session_runner_existing_worker,0.050433877,/home/ubuntu/quantum-workload-architecture/artifacts/embedded_session/ovh_embedded_session_client_v1/sessions/session_runner_existing_worker/same_run08_x4/repeat_3/requests/same_run08_x4_r3_04_run08.execution.json
same_run08_x8_r3_01_run08,/home/ubuntu/quantum-workload-architecture/workloads/manifests/imported/ovh_v2/08_parity_iqp_batched_heldout_medium.yaml,session_runner_existing_worker,same_run08_x8,3,0.090429952,0.090429952,0.004135534,0.088800416,0.000302907,2.838e-06,wrk_05cab10594c0cba2,141,plan_7209297490c788dd,True,False,,session_runner_existing_worker,0.090429952,/home/ubuntu/quantum-workload-architecture/artifacts/embedded_session/ovh_embedded_session_client_v1/sessions/session_runner_existing_worker/same_run08_x8/repeat_3/requests/same_run08_x8_r3_01_run08.execution.json
same_run08_x8_r3_02_run08,/home/ubuntu/quantum-workload-architecture/workloads/manifests/imported/ovh_v2/08_parity_iqp_batched_heldout_medium.yaml,session_runner_existing_worker,same_run08_x8,3,0.051992026,0.051992026,0.003262281,0.050536037,0.000117736,2.683e-06,wrk_05cab10594c0cba2,142,plan_7209297490c788dd,True,False,,session_runner_existing_worker,0.051992026,/home/ubuntu/quantum-workload-architecture/artifacts/embedded_session/ovh_embedded_session_client_v1/sessions/session_runner_existing_worker/same_run08_x8/repeat_3/requests/same_run08_x8_r3_02_run08.execution.json
same_run08_x8_r3_03_run08,/home/ubuntu/quantum-workload-architecture/workloads/manifests/imported/ovh_v2/08_parity_iqp_batched_heldout_medium.yaml,session_runner_existing_worker,same_run08_x8,3,0.050322933,0.050322933,0.003218379,0.048920207,0.000101853,2.599e-06,wrk_05cab10594c0cba2,143,plan_7209297490c788dd,True,False,,session_runner_existing_worker,0.050322933,/home/ubuntu/quantum-workload-architecture/artifacts/embedded_session/ovh_embedded_session_client_v1/sessions/session_runner_existing_worker/same_run08_x8/repeat_3/requests/same_run08_x8_r3_03_run08.execution.json
same_run08_x8_r3_04_run08,/home/ubuntu/quantum-workload-architecture/workloads/manifests/imported/ovh_v2/08_parity_iqp_batched_heldout_medium.yaml,session_runner_existing_worker,same_run08_x8,3,0.049852776,0.049852776,0.003130419,0.048495788,0.000101234,2.496e-06,wrk_05cab10594c0cba2,144,plan_7209297490c788dd,True,False,,session_runner_existing_worker,0.049852776,/home/ubuntu/quantum-workload-architecture/artifacts/embedded_session/ovh_embedded_session_client_v1/sessions/session_runner_existing_worker/same_run08_x8/repeat_3/requests/same_run08_x8_r3_04_run08.execution.json
same_run08_x8_r3_05_run08,/home/ubuntu/quantum-workload-architecture/workloads/manifests/imported/ovh_v2/08_parity_iqp_batched_heldout_medium.yaml,session_runner_existing_worker,same_run08_x8,3,0.050530971,0.050530971,0.003136795,0.049217301,0.000101095,2.304e-06,wrk_05cab10594c0cba2,145,plan_7209297490c788dd,True,False,,session_runner_existing_worker,0.050530971,/home/ubuntu/quantum-workload-architecture/artifacts/embedded_session/ovh_embedded_session_client_v1/sessions/session_runner_existing_worker/same_run08_x8/repeat_3/requests/same_run08_x8_r3_05_run08.execution.json
same_run08_x8_r3_06_run08,/home/ubuntu/quantum-workload-architecture/workloads/manifests/imported/ovh_v2/08_parity_iqp_batched_heldout_medium.yaml,session_runner_existing_worker,same_run08_x8,3,0.050452535,0.050452535,0.003331933,0.048998797,0.000102691,2.404e-06,wrk_05cab10594c0cba2,146,plan_7209297490c788dd,True,False,,session_runner_existing_worker,0.050452535,/home/ubuntu/quantum-workload-architecture/artifacts/embedded_session/ovh_embedded_session_client_v1/sessions/session_runner_existing_worker/same_run08_x8/repeat_3/requests/same_run08_x8_r3_06_run08.execution.json
same_run08_x8_r3_07_run08,/home/ubuntu/quantum-workload-architecture/workloads/manifests/imported/ovh_v2/08_parity_iqp_batched_heldout_medium.yaml,session_runner_existing_worker,same_run08_x8,3,0.05044289,0.05044289,0.003240606,0.049011564,0.00010806,2.779e-06,wrk_05cab10594c0cba2,147,plan_7209297490c788dd,True,False,,session_runner_existing_worker,0.05044289,/home/ubuntu/quantum-workload-architecture/artifacts/embedded_session/ovh_embedded_session_client_v1/sessions/session_runner_existing_worker/same_run08_x8/repeat_3/requests/same_run08_x8_r3_07_run08.execution.json
same_run08_x8_r3_08_run08,/home/ubuntu/quantum-workload-architecture/workloads/manifests/imported/ovh_v2/08_parity_iqp_batched_heldout_medium.yaml,session_runner_existing_worker,same_run08_x8,3,0.050763251,0.050763251,0.003299547,0.049322049,0.000106877,2.836e-06,wrk_05cab10594c0cba2,148,plan_7209297490c788dd,True,False,,session_runner_existing_worker,0.050763251,/home/ubuntu/quantum-workload-architecture/artifacts/embedded_session/ovh_embedded_session_client_v1/sessions/session_runner_existing_worker/same_run08_x8/repeat_3/requests/same_run08_x8_r3_08_run08.execution.json
mixed_trio_x6_r3_01_run01,/home/ubuntu/quantum-workload-architecture/workloads/manifests/imported/ovh_v2/01_real_dense_ring6_amplitude.yaml,session_runner_existing_worker,mixed_trio_x6,3,0.090161807,0.090161807,0.004251087,0.088427887,0.000297249,3.171e-06,wrk_05cab10594c0cba2,149,plan_9681ead327789de4,True,False,,session_runner_existing_worker,0.090161807,/home/ubuntu/quantum-workload-architecture/artifacts/embedded_session/ovh_embedded_session_client_v1/sessions/session_runner_existing_worker/mixed_trio_x6/repeat_3/requests/mixed_trio_x6_r3_01_run01.execution.json
mixed_trio_x6_r3_02_run06,/home/ubuntu/quantum-workload-architecture/workloads/manifests/imported/ovh_v2/06_star_graph_phase_amplitude_heldout_low.yaml,session_runner_existing_worker,mixed_trio_x6,3,0.056408008,0.056408008,0.003328489,0.055039657,0.000109764,2.621e-06,wrk_05cab10594c0cba2,150,plan_1e9bb43cfe444bbb,True,False,,session_runner_existing_worker,0.056408008,/home/ubuntu/quantum-workload-architecture/artifacts/embedded_session/ovh_embedded_session_client_v1/sessions/session_runner_existing_worker/mixed_trio_x6/repeat_3/requests/mixed_trio_x6_r3_02_run06.execution.json
mixed_trio_x6_r3_03_run08,/home/ubuntu/quantum-workload-architecture/workloads/manifests/imported/ovh_v2/08_parity_iqp_batched_heldout_medium.yaml,session_runner_existing_worker,mixed_trio_x6,3,0.050843918,0.050843918,0.003356993,0.049369528,0.000113927,2.403e-06,wrk_05cab10594c0cba2,151,plan_7209297490c788dd,True,False,,session_runner_existing_worker,0.050843918,/home/ubuntu/quantum-workload-architecture/artifacts/embedded_session/ovh_embedded_session_client_v1/sessions/session_runner_existing_worker/mixed_trio_x6/repeat_3/requests/mixed_trio_x6_r3_03_run08.execution.json
mixed_trio_x6_r3_04_run01,/home/ubuntu/quantum-workload-architecture/workloads/manifests/imported/ovh_v2/01_real_dense_ring6_amplitude.yaml,session_runner_existing_worker,mixed_trio_x6,3,0.052195221,0.052195221,0.003345721,0.050784874,0.000104816,2.646e-06,wrk_05cab10594c0cba2,152,plan_9681ead327789de4,True,False,,session_runner_existing_worker,0.052195221,/home/ubuntu/quantum-workload-architecture/artifacts/embedded_session/ovh_embedded_session_client_v1/sessions/session_runner_existing_worker/mixed_trio_x6/repeat_3/requests/mixed_trio_x6_r3_04_run01.execution.json
mixed_trio_x6_r3_05_run06,/home/ubuntu/quantum-workload-architecture/workloads/manifests/imported/ovh_v2/06_star_graph_phase_amplitude_heldout_low.yaml,session_runner_existing_worker,mixed_trio_x6,3,0.056639606,0.056639606,0.003139736,0.055424137,0.00010922,2.579e-06,wrk_05cab10594c0cba2,153,plan_1e9bb43cfe444bbb,True,False,,session_runner_existing_worker,0.056639606,/home/ubuntu/quantum-workload-architecture/artifacts/embedded_session/ovh_embedded_session_client_v1/sessions/session_runner_existing_worker/mixed_trio_x6/repeat_3/requests/mixed_trio_x6_r3_05_run06.execution.json
mixed_trio_x6_r3_06_run08,/home/ubuntu/quantum-workload-architecture/workloads/manifests/imported/ovh_v2/08_parity_iqp_batched_heldout_medium.yaml,session_runner_existing_worker,mixed_trio_x6,3,0.050739784,0.050739784,0.003357551,0.049257623,0.000111268,2.603e-06,wrk_05cab10594c0cba2,154,plan_7209297490c788dd,True,False,,session_runner_existing_worker,0.050739784,/home/ubuntu/quantum-workload-architecture/artifacts/embedded_session/ovh_embedded_session_client_v1/sessions/session_runner_existing_worker/mixed_trio_x6/repeat_3/requests/mixed_trio_x6_r3_06_run08.execution.json
same_run01_x1_r4_01_run01,/home/ubuntu/quantum-workload-architecture/workloads/manifests/imported/ovh_v2/01_real_dense_ring6_amplitude.yaml,session_runner_existing_worker,same_run01_x1,4,0.08884398,0.08884398,0.004253818,0.087049912,0.000270137,2.412e-06,wrk_05cab10594c0cba2,155,plan_9681ead327789de4,True,False,,session_runner_existing_worker,0.08884398,/home/ubuntu/quantum-workload-architecture/artifacts/embedded_session/ovh_embedded_session_client_v1/sessions/session_runner_existing_worker/same_run01_x1/repeat_4/requests/same_run01_x1_r4_01_run01.execution.json
same_run01_x2_r4_01_run01,/home/ubuntu/quantum-workload-architecture/workloads/manifests/imported/ovh_v2/01_real_dense_ring6_amplitude.yaml,session_runner_existing_worker,same_run01_x2,4,0.09285643,0.09285643,0.004741527,0.090803768,0.000388576,2.798e-06,wrk_05cab10594c0cba2,156,plan_9681ead327789de4,True,False,,session_runner_existing_worker,0.09285643,/home/ubuntu/quantum-workload-architecture/artifacts/embedded_session/ovh_embedded_session_client_v1/sessions/session_runner_existing_worker/same_run01_x2/repeat_4/requests/same_run01_x2_r4_01_run01.execution.json
same_run01_x2_r4_02_run01,/home/ubuntu/quantum-workload-architecture/workloads/manifests/imported/ovh_v2/01_real_dense_ring6_amplitude.yaml,session_runner_existing_worker,same_run01_x2,4,0.053217055,0.053217055,0.003279366,0.051871492,0.00011052,2.606e-06,wrk_05cab10594c0cba2,157,plan_9681ead327789de4,True,False,,session_runner_existing_worker,0.053217055,/home/ubuntu/quantum-workload-architecture/artifacts/embedded_session/ovh_embedded_session_client_v1/sessions/session_runner_existing_worker/same_run01_x2/repeat_4/requests/same_run01_x2_r4_02_run01.execution.json
same_run01_x4_r4_01_run01,/home/ubuntu/quantum-workload-architecture/workloads/manifests/imported/ovh_v2/01_real_dense_ring6_amplitude.yaml,session_runner_existing_worker,same_run01_x4,4,0.074766084,0.074766084,0.00417172,0.07306168,0.000263232,2.683e-06,wrk_05cab10594c0cba2,158,plan_9681ead327789de4,True,False,,session_runner_existing_worker,0.074766084,/home/ubuntu/quantum-workload-architecture/artifacts/embedded_session/ovh_embedded_session_client_v1/sessions/session_runner_existing_worker/same_run01_x4/repeat_4/requests/same_run01_x4_r4_01_run01.execution.json
same_run01_x4_r4_02_run01,/home/ubuntu/quantum-workload-architecture/workloads/manifests/imported/ovh_v2/01_real_dense_ring6_amplitude.yaml,session_runner_existing_worker,same_run01_x4,4,0.052967306,0.052967306,0.003103835,0.051739399,0.000133537,2.385e-06,wrk_05cab10594c0cba2,159,plan_9681ead327789de4,True,False,,session_runner_existing_worker,0.052967306,/home/ubuntu/quantum-workload-architecture/artifacts/embedded_session/ovh_embedded_session_client_v1/sessions/session_runner_existing_worker/same_run01_x4/repeat_4/requests/same_run01_x4_r4_02_run01.execution.json
same_run01_x4_r4_03_run01,/home/ubuntu/quantum-workload-architecture/workloads/manifests/imported/ovh_v2/01_real_dense_ring6_amplitude.yaml,session_runner_existing_worker,same_run01_x4,4,0.052546538,0.052546538,0.002937034,0.051499435,0.000107093,2.3542e-05,wrk_05cab10594c0cba2,160,plan_9681ead327789de4,True,False,,session_runner_existing_worker,0.052546538,/home/ubuntu/quantum-workload-architecture/artifacts/embedded_session/ovh_embedded_session_client_v1/sessions/session_runner_existing_worker/same_run01_x4/repeat_4/requests/same_run01_x4_r4_03_run01.execution.json
same_run01_x4_r4_04_run01,/home/ubuntu/quantum-workload-architecture/workloads/manifests/imported/ovh_v2/01_real_dense_ring6_amplitude.yaml,session_runner_existing_worker,same_run01_x4,4,0.052299773,0.052299773,0.003299505,0.050921747,0.000106202,2.974e-06,wrk_05cab10594c0cba2,161,plan_9681ead327789de4,True,False,,session_runner_existing_worker,0.052299773,/home/ubuntu/quantum-workload-architecture/artifacts/embedded_session/ovh_embedded_session_client_v1/sessions/session_runner_existing_worker/same_run01_x4/repeat_4/requests/same_run01_x4_r4_04_run01.execution.json
same_run01_x8_r4_01_run01,/home/ubuntu/quantum-workload-architecture/workloads/manifests/imported/ovh_v2/01_real_dense_ring6_amplitude.yaml,session_runner_existing_worker,same_run01_x8,4,0.092917058,0.092917058,0.004367173,0.091208688,0.000273828,2.8401e-05,wrk_05cab10594c0cba2,162,plan_9681ead327789de4,True,False,,session_runner_existing_worker,0.092917058,/home/ubuntu/quantum-workload-architecture/artifacts/embedded_session/ovh_embedded_session_client_v1/sessions/session_runner_existing_worker/same_run01_x8/repeat_4/requests/same_run01_x8_r4_01_run01.execution.json
same_run01_x8_r4_02_run01,/home/ubuntu/quantum-workload-architecture/workloads/manifests/imported/ovh_v2/01_real_dense_ring6_amplitude.yaml,session_runner_existing_worker,same_run01_x8,4,0.054191388,0.054191388,0.003355511,0.052760489,0.000107409,2.36e-06,wrk_05cab10594c0cba2,163,plan_9681ead327789de4,True,False,,session_runner_existing_worker,0.054191388,/home/ubuntu/quantum-workload-architecture/artifacts/embedded_session/ovh_embedded_session_client_v1/sessions/session_runner_existing_worker/same_run01_x8/repeat_4/requests/same_run01_x8_r4_02_run01.execution.json
same_run01_x8_r4_03_run01,/home/ubuntu/quantum-workload-architecture/workloads/manifests/imported/ovh_v2/01_real_dense_ring6_amplitude.yaml,session_runner_existing_worker,same_run01_x8,4,0.054651018,0.054651018,0.003455043,0.053243515,0.000105223,2.436e-06,wrk_05cab10594c0cba2,164,plan_9681ead327789de4,True,False,,session_runner_existing_worker,0.054651018,/home/ubuntu/quantum-workload-architecture/artifacts/embedded_session/ovh_embedded_session_client_v1/sessions/session_runner_existing_worker/same_run01_x8/repeat_4/requests/same_run01_x8_r4_03_run01.execution.json
same_run01_x8_r4_04_run01,/home/ubuntu/quantum-workload-architecture/workloads/manifests/imported/ovh_v2/01_real_dense_ring6_amplitude.yaml,session_runner_existing_worker,same_run01_x8,4,0.052786812,0.052786812,0.003345484,0.051358949,0.000104767,2.424e-06,wrk_05cab10594c0cba2,165,plan_9681ead327789de4,True,False,,session_runner_existing_worker,0.052786812,/home/ubuntu/quantum-workload-architecture/artifacts/embedded_session/ovh_embedded_session_client_v1/sessions/session_runner_existing_worker/same_run01_x8/repeat_4/requests/same_run01_x8_r4_04_run01.execution.json
same_run01_x8_r4_05_run01,/home/ubuntu/quantum-workload-architecture/workloads/manifests/imported/ovh_v2/01_real_dense_ring6_amplitude.yaml,session_runner_existing_worker,same_run01_x8,4,0.052500666,0.052500666,0.003316335,0.051085457,0.000111026,2.618e-06,wrk_05cab10594c0cba2,166,plan_9681ead327789de4,True,False,,session_runner_existing_worker,0.052500666,/home/ubuntu/quantum-workload-architecture/artifacts/embedded_session/ovh_embedded_session_client_v1/sessions/session_runner_existing_worker/same_run01_x8/repeat_4/requests/same_run01_x8_r4_05_run01.execution.json
same_run01_x8_r4_06_run01,/home/ubuntu/quantum-workload-architecture/workloads/manifests/imported/ovh_v2/01_real_dense_ring6_amplitude.yaml,session_runner_existing_worker,same_run01_x8,4,0.052617208,0.052617208,0.003339606,0.051233406,0.000104123,2.411e-06,wrk_05cab10594c0cba2,167,plan_9681ead327789de4,True,False,,session_runner_existing_worker,0.052617208,/home/ubuntu/quantum-workload-architecture/artifacts/embedded_session/ovh_embedded_session_client_v1/sessions/session_runner_existing_worker/same_run01_x8/repeat_4/requests/same_run01_x8_r4_06_run01.execution.json
same_run01_x8_r4_07_run01,/home/ubuntu/quantum-workload-architecture/workloads/manifests/imported/ovh_v2/01_real_dense_ring6_amplitude.yaml,session_runner_existing_worker,same_run01_x8,4,0.052148501,0.052148501,0.00332219,0.05068776,0.000105219,2.226e-06,wrk_05cab10594c0cba2,168,plan_9681ead327789de4,True,False,,session_runner_existing_worker,0.052148501,/home/ubuntu/quantum-workload-architecture/artifacts/embedded_session/ovh_embedded_session_client_v1/sessions/session_runner_existing_worker/same_run01_x8/repeat_4/requests/same_run01_x8_r4_07_run01.execution.json
same_run01_x8_r4_08_run01,/home/ubuntu/quantum-workload-architecture/workloads/manifests/imported/ovh_v2/01_real_dense_ring6_amplitude.yaml,session_runner_existing_worker,same_run01_x8,4,0.052528247,0.052528247,0.003070579,0.051370083,0.000118089,2.304e-06,wrk_05cab10594c0cba2,169,plan_9681ead327789de4,True,False,,session_runner_existing_worker,0.052528247,/home/ubuntu/quantum-workload-architecture/artifacts/embedded_session/ovh_embedded_session_client_v1/sessions/session_runner_existing_worker/same_run01_x8/repeat_4/requests/same_run01_x8_r4_08_run01.execution.json
same_run06_x1_r4_01_run06,/home/ubuntu/quantum-workload-architecture/workloads/manifests/imported/ovh_v2/06_star_graph_phase_amplitude_heldout_low.yaml,session_runner_existing_worker,same_run06_x1,4,0.084963292,0.084963292,0.004687904,0.082804767,0.000257053,2.416e-06,wrk_05cab10594c0cba2,170,plan_1e9bb43cfe444bbb,True,False,,session_runner_existing_worker,0.084963292,/home/ubuntu/quantum-workload-architecture/artifacts/embedded_session/ovh_embedded_session_client_v1/sessions/session_runner_existing_worker/same_run06_x1/repeat_4/requests/same_run06_x1_r4_01_run06.execution.json
same_run06_x2_r4_01_run06,/home/ubuntu/quantum-workload-architecture/workloads/manifests/imported/ovh_v2/06_star_graph_phase_amplitude_heldout_low.yaml,session_runner_existing_worker,same_run06_x2,4,0.092674514,0.092674514,0.004688499,0.090662924,0.000466936,2.598e-06,wrk_05cab10594c0cba2,171,plan_1e9bb43cfe444bbb,True,False,,session_runner_existing_worker,0.092674514,/home/ubuntu/quantum-workload-architecture/artifacts/embedded_session/ovh_embedded_session_client_v1/sessions/session_runner_existing_worker/same_run06_x2/repeat_4/requests/same_run06_x2_r4_01_run06.execution.json
same_run06_x2_r4_02_run06,/home/ubuntu/quantum-workload-architecture/workloads/manifests/imported/ovh_v2/06_star_graph_phase_amplitude_heldout_low.yaml,session_runner_existing_worker,same_run06_x2,4,0.057095617,0.057095617,0.003402777,0.055679557,0.000108643,2.566e-06,wrk_05cab10594c0cba2,172,plan_1e9bb43cfe444bbb,True,False,,session_runner_existing_worker,0.057095617,/home/ubuntu/quantum-workload-architecture/artifacts/embedded_session/ovh_embedded_session_client_v1/sessions/session_runner_existing_worker/same_run06_x2/repeat_4/requests/same_run06_x2_r4_02_run06.execution.json
same_run06_x4_r4_01_run06,/home/ubuntu/quantum-workload-architecture/workloads/manifests/imported/ovh_v2/06_star_graph_phase_amplitude_heldout_low.yaml,session_runner_existing_worker,same_run06_x4,4,0.094730625,0.094730625,0.004406679,0.09301941,0.000294282,2.57e-06,wrk_05cab10594c0cba2,173,plan_1e9bb43cfe444bbb,True,False,,session_runner_existing_worker,0.094730625,/home/ubuntu/quantum-workload-architecture/artifacts/embedded_session/ovh_embedded_session_client_v1/sessions/session_runner_existing_worker/same_run06_x4/repeat_4/requests/same_run06_x4_r4_01_run06.execution.json
same_run06_x4_r4_02_run06,/home/ubuntu/quantum-workload-architecture/workloads/manifests/imported/ovh_v2/06_star_graph_phase_amplitude_heldout_low.yaml,session_runner_existing_worker,same_run06_x4,4,0.06903112,0.06903112,0.003437727,0.067709653,0.000156962,2.724e-06,wrk_05cab10594c0cba2,174,plan_1e9bb43cfe444bbb,True,False,,session_runner_existing_worker,0.06903112,/home/ubuntu/quantum-workload-architecture/artifacts/embedded_session/ovh_embedded_session_client_v1/sessions/session_runner_existing_worker/same_run06_x4/repeat_4/requests/same_run06_x4_r4_02_run06.execution.json
same_run06_x4_r4_03_run06,/home/ubuntu/quantum-workload-architecture/workloads/manifests/imported/ovh_v2/06_star_graph_phase_amplitude_heldout_low.yaml,session_runner_existing_worker,same_run06_x4,4,0.0565905,0.0565905,0.003401942,0.055158865,0.000106289,2.812e-06,wrk_05cab10594c0cba2,175,plan_1e9bb43cfe444bbb,True,False,,session_runner_existing_worker,0.0565905,/home/ubuntu/quantum-workload-architecture/artifacts/embedded_session/ovh_embedded_session_client_v1/sessions/session_runner_existing_worker/same_run06_x4/repeat_4/requests/same_run06_x4_r4_03_run06.execution.json
same_run06_x4_r4_04_run06,/home/ubuntu/quantum-workload-architecture/workloads/manifests/imported/ovh_v2/06_star_graph_phase_amplitude_heldout_low.yaml,session_runner_existing_worker,same_run06_x4,4,0.056423295,0.056423295,0.003095978,0.055271022,0.000106457,3.069e-06,wrk_05cab10594c0cba2,176,plan_1e9bb43cfe444bbb,True,False,,session_runner_existing_worker,0.056423295,/home/ubuntu/quantum-workload-architecture/artifacts/embedded_session/ovh_embedded_session_client_v1/sessions/session_runner_existing_worker/same_run06_x4/repeat_4/requests/same_run06_x4_r4_04_run06.execution.json
same_run06_x8_r4_01_run06,/home/ubuntu/quantum-workload-architecture/workloads/manifests/imported/ovh_v2/06_star_graph_phase_amplitude_heldout_low.yaml,session_runner_existing_worker,same_run06_x8,4,0.095340556,0.095340556,0.003840034,0.094003944,0.000321112,2.386e-06,wrk_05cab10594c0cba2,177,plan_1e9bb43cfe444bbb,True,False,,session_runner_existing_worker,0.095340556,/home/ubuntu/quantum-workload-architecture/artifacts/embedded_session/ovh_embedded_session_client_v1/sessions/session_runner_existing_worker/same_run06_x8/repeat_4/requests/same_run06_x8_r4_01_run06.execution.json
same_run06_x8_r4_02_run06,/home/ubuntu/quantum-workload-architecture/workloads/manifests/imported/ovh_v2/06_star_graph_phase_amplitude_heldout_low.yaml,session_runner_existing_worker,same_run06_x8,4,0.055971843,0.055971843,0.002878919,0.055032412,0.000107246,2.266e-06,wrk_05cab10594c0cba2,178,plan_1e9bb43cfe444bbb,True,False,,session_runner_existing_worker,0.055971843,/home/ubuntu/quantum-workload-architecture/artifacts/embedded_session/ovh_embedded_session_client_v1/sessions/session_runner_existing_worker/same_run06_x8/repeat_4/requests/same_run06_x8_r4_02_run06.execution.json
same_run06_x8_r4_03_run06,/home/ubuntu/quantum-workload-architecture/workloads/manifests/imported/ovh_v2/06_star_graph_phase_amplitude_heldout_low.yaml,session_runner_existing_worker,same_run06_x8,4,0.055575493,0.055575493,0.002920446,0.054746598,0.000102845,2.842e-06,wrk_05cab10594c0cba2,179,plan_1e9bb43cfe444bbb,True,False,,session_runner_existing_worker,0.055575493,/home/ubuntu/quantum-workload-architecture/artifacts/embedded_session/ovh_embedded_session_client_v1/sessions/session_runner_existing_worker/same_run06_x8/repeat_4/requests/same_run06_x8_r4_03_run06.execution.json
same_run06_x8_r4_04_run06,/home/ubuntu/quantum-workload-architecture/workloads/manifests/imported/ovh_v2/06_star_graph_phase_amplitude_heldout_low.yaml,session_runner_existing_worker,same_run06_x8,4,0.055542122,0.055542122,0.002820154,0.054682641,0.000103638,2.803e-06,wrk_05cab10594c0cba2,180,plan_1e9bb43cfe444bbb,True,False,,session_runner_existing_worker,0.055542122,/home/ubuntu/quantum-workload-architecture/artifacts/embedded_session/ovh_embedded_session_client_v1/sessions/session_runner_existing_worker/same_run06_x8/repeat_4/requests/same_run06_x8_r4_04_run06.execution.json
same_run06_x8_r4_05_run06,/home/ubuntu/quantum-workload-architecture/workloads/manifests/imported/ovh_v2/06_star_graph_phase_amplitude_heldout_low.yaml,session_runner_existing_worker,same_run06_x8,4,0.055266428,0.055266428,0.002855932,0.05436101,0.000116401,2.438e-06,wrk_05cab10594c0cba2,181,plan_1e9bb43cfe444bbb,True,False,,session_runner_existing_worker,0.055266428,/home/ubuntu/quantum-workload-architecture/artifacts/embedded_session/ovh_embedded_session_client_v1/sessions/session_runner_existing_worker/same_run06_x8/repeat_4/requests/same_run06_x8_r4_05_run06.execution.json
same_run06_x8_r4_06_run06,/home/ubuntu/quantum-workload-architecture/workloads/manifests/imported/ovh_v2/06_star_graph_phase_amplitude_heldout_low.yaml,session_runner_existing_worker,same_run06_x8,4,0.055372409,0.055372409,0.002826278,0.054488693,0.000104981,2.418e-06,wrk_05cab10594c0cba2,182,plan_1e9bb43cfe444bbb,True,False,,session_runner_existing_worker,0.055372409,/home/ubuntu/quantum-workload-architecture/artifacts/embedded_session/ovh_embedded_session_client_v1/sessions/session_runner_existing_worker/same_run06_x8/repeat_4/requests/same_run06_x8_r4_06_run06.execution.json
same_run06_x8_r4_07_run06,/home/ubuntu/quantum-workload-architecture/workloads/manifests/imported/ovh_v2/06_star_graph_phase_amplitude_heldout_low.yaml,session_runner_existing_worker,same_run06_x8,4,0.05588792,0.05588792,0.003089376,0.054745507,0.000102242,2.564e-06,wrk_05cab10594c0cba2,183,plan_1e9bb43cfe444bbb,True,False,,session_runner_existing_worker,0.05588792,/home/ubuntu/quantum-workload-architecture/artifacts/embedded_session/ovh_embedded_session_client_v1/sessions/session_runner_existing_worker/same_run06_x8/repeat_4/requests/same_run06_x8_r4_07_run06.execution.json
same_run06_x8_r4_08_run06,/home/ubuntu/quantum-workload-architecture/workloads/manifests/imported/ovh_v2/06_star_graph_phase_amplitude_heldout_low.yaml,session_runner_existing_worker,same_run06_x8,4,0.055253906,0.055253906,0.003090908,0.054109249,0.000116974,2.359e-06,wrk_05cab10594c0cba2,184,plan_1e9bb43cfe444bbb,True,False,,session_runner_existing_worker,0.055253906,/home/ubuntu/quantum-workload-architecture/artifacts/embedded_session/ovh_embedded_session_client_v1/sessions/session_runner_existing_worker/same_run06_x8/repeat_4/requests/same_run06_x8_r4_08_run06.execution.json
same_run08_x1_r4_01_run08,/home/ubuntu/quantum-workload-architecture/workloads/manifests/imported/ovh_v2/08_parity_iqp_batched_heldout_medium.yaml,session_runner_existing_worker,same_run08_x1,4,0.087169383,0.087169383,0.004220214,0.085418913,0.000268235,2.743e-06,wrk_05cab10594c0cba2,185,plan_7209297490c788dd,True,False,,session_runner_existing_worker,0.087169383,/home/ubuntu/quantum-workload-architecture/artifacts/embedded_session/ovh_embedded_session_client_v1/sessions/session_runner_existing_worker/same_run08_x1/repeat_4/requests/same_run08_x1_r4_01_run08.execution.json
same_run08_x2_r4_01_run08,/home/ubuntu/quantum-workload-architecture/workloads/manifests/imported/ovh_v2/08_parity_iqp_batched_heldout_medium.yaml,session_runner_existing_worker,same_run08_x2,4,0.089395068,0.089395068,0.004591001,0.087648901,0.000270055,2.42e-06,wrk_05cab10594c0cba2,186,plan_7209297490c788dd,True,False,,session_runner_existing_worker,0.089395068,/home/ubuntu/quantum-workload-architecture/artifacts/embedded_session/ovh_embedded_session_client_v1/sessions/session_runner_existing_worker/same_run08_x2/repeat_4/requests/same_run08_x2_r4_01_run08.execution.json
same_run08_x2_r4_02_run08,/home/ubuntu/quantum-workload-architecture/workloads/manifests/imported/ovh_v2/08_parity_iqp_batched_heldout_medium.yaml,session_runner_existing_worker,same_run08_x2,4,0.051226347,0.051226347,0.003257173,0.049799831,0.000106508,2.535e-06,wrk_05cab10594c0cba2,187,plan_7209297490c788dd,True,False,,session_runner_existing_worker,0.051226347,/home/ubuntu/quantum-workload-architecture/artifacts/embedded_session/ovh_embedded_session_client_v1/sessions/session_runner_existing_worker/same_run08_x2/repeat_4/requests/same_run08_x2_r4_02_run08.execution.json
same_run08_x4_r4_01_run08,/home/ubuntu/quantum-workload-architecture/workloads/manifests/imported/ovh_v2/08_parity_iqp_batched_heldout_medium.yaml,session_runner_existing_worker,same_run08_x4,4,0.086109782,0.086109782,0.004398217,0.084234647,0.000326192,2.423e-06,wrk_05cab10594c0cba2,188,plan_7209297490c788dd,True,False,,session_runner_existing_worker,0.086109782,/home/ubuntu/quantum-workload-architecture/artifacts/embedded_session/ovh_embedded_session_client_v1/sessions/session_runner_existing_worker/same_run08_x4/repeat_4/requests/same_run08_x4_r4_01_run08.execution.json
same_run08_x4_r4_02_run08,/home/ubuntu/quantum-workload-architecture/workloads/manifests/imported/ovh_v2/08_parity_iqp_batched_heldout_medium.yaml,session_runner_existing_worker,same_run08_x4,4,0.050719528,0.050719528,0.003218182,0.04932149,0.000110581,2.472e-06,wrk_05cab10594c0cba2,189,plan_7209297490c788dd,True,False,,session_runner_existing_worker,0.050719528,/home/ubuntu/quantum-workload-architecture/artifacts/embedded_session/ovh_embedded_session_client_v1/sessions/session_runner_existing_worker/same_run08_x4/repeat_4/requests/same_run08_x4_r4_02_run08.execution.json
same_run08_x4_r4_03_run08,/home/ubuntu/quantum-workload-architecture/workloads/manifests/imported/ovh_v2/08_parity_iqp_batched_heldout_medium.yaml,session_runner_existing_worker,same_run08_x4,4,0.050374644,0.050374644,0.003231524,0.048942438,0.000104119,2.832e-06,wrk_05cab10594c0cba2,190,plan_7209297490c788dd,True,False,,session_runner_existing_worker,0.050374644,/home/ubuntu/quantum-workload-architecture/artifacts/embedded_session/ovh_embedded_session_client_v1/sessions/session_runner_existing_worker/same_run08_x4/repeat_4/requests/same_run08_x4_r4_03_run08.execution.json
same_run08_x4_r4_04_run08,/home/ubuntu/quantum-workload-architecture/workloads/manifests/imported/ovh_v2/08_parity_iqp_batched_heldout_medium.yaml,session_runner_existing_worker,same_run08_x4,4,0.050280557,0.050280557,0.003241392,0.048836045,0.000105246,2.406e-06,wrk_05cab10594c0cba2,191,plan_7209297490c788dd,True,False,,session_runner_existing_worker,0.050280557,/home/ubuntu/quantum-workload-architecture/artifacts/embedded_session/ovh_embedded_session_client_v1/sessions/session_runner_existing_worker/same_run08_x4/repeat_4/requests/same_run08_x4_r4_04_run08.execution.json
same_run08_x8_r4_01_run08,/home/ubuntu/quantum-workload-architecture/workloads/manifests/imported/ovh_v2/08_parity_iqp_batched_heldout_medium.yaml,session_runner_existing_worker,same_run08_x8,4,0.089956194,0.089956194,0.004243874,0.088197271,0.000293732,2.898e-06,wrk_05cab10594c0cba2,192,plan_7209297490c788dd,True,False,,session_runner_existing_worker,0.089956194,/home/ubuntu/quantum-workload-architecture/artifacts/embedded_session/ovh_embedded_session_client_v1/sessions/session_runner_existing_worker/same_run08_x8/repeat_4/requests/same_run08_x8_r4_01_run08.execution.json
same_run08_x8_r4_02_run08,/home/ubuntu/quantum-workload-architecture/workloads/manifests/imported/ovh_v2/08_parity_iqp_batched_heldout_medium.yaml,session_runner_existing_worker,same_run08_x8,4,0.052011736,0.052011736,0.003289397,0.050604856,0.00010631,2.561e-06,wrk_05cab10594c0cba2,193,plan_7209297490c788dd,True,False,,session_runner_existing_worker,0.052011736,/home/ubuntu/quantum-workload-architecture/artifacts/embedded_session/ovh_embedded_session_client_v1/sessions/session_runner_existing_worker/same_run08_x8/repeat_4/requests/same_run08_x8_r4_02_run08.execution.json
same_run08_x8_r4_03_run08,/home/ubuntu/quantum-workload-architecture/workloads/manifests/imported/ovh_v2/08_parity_iqp_batched_heldout_medium.yaml,session_runner_existing_worker,same_run08_x8,4,0.051577908,0.051577908,0.003483486,0.050053788,0.00011621,2.445e-06,wrk_05cab10594c0cba2,194,plan_7209297490c788dd,True,False,,session_runner_existing_worker,0.051577908,/home/ubuntu/quantum-workload-architecture/artifacts/embedded_session/ovh_embedded_session_client_v1/sessions/session_runner_existing_worker/same_run08_x8/repeat_4/requests/same_run08_x8_r4_03_run08.execution.json
same_run08_x8_r4_04_run08,/home/ubuntu/quantum-workload-architecture/workloads/manifests/imported/ovh_v2/08_parity_iqp_batched_heldout_medium.yaml,session_runner_existing_worker,same_run08_x8,4,0.051078249,0.051078249,0.003399146,0.049694481,0.000106082,2.831e-06,wrk_05cab10594c0cba2,195,plan_7209297490c788dd,True,False,,session_runner_existing_worker,0.051078249,/home/ubuntu/quantum-workload-architecture/artifacts/embedded_session/ovh_embedded_session_client_v1/sessions/session_runner_existing_worker/same_run08_x8/repeat_4/requests/same_run08_x8_r4_04_run08.execution.json
same_run08_x8_r4_05_run08,/home/ubuntu/quantum-workload-architecture/workloads/manifests/imported/ovh_v2/08_parity_iqp_batched_heldout_medium.yaml,session_runner_existing_worker,same_run08_x8,4,0.051231179,0.051231179,0.003240474,0.049865458,0.000107099,2.453e-06,wrk_05cab10594c0cba2,196,plan_7209297490c788dd,True,False,,session_runner_existing_worker,0.051231179,/home/ubuntu/quantum-workload-architecture/artifacts/embedded_session/ovh_embedded_session_client_v1/sessions/session_runner_existing_worker/same_run08_x8/repeat_4/requests/same_run08_x8_r4_05_run08.execution.json
same_run08_x8_r4_06_run08,/home/ubuntu/quantum-workload-architecture/workloads/manifests/imported/ovh_v2/08_parity_iqp_batched_heldout_medium.yaml,session_runner_existing_worker,same_run08_x8,4,0.051142333,0.051142333,0.003396376,0.049762409,0.000106193,2.702e-06,wrk_05cab10594c0cba2,197,plan_7209297490c788dd,True,False,,session_runner_existing_worker,0.051142333,/home/ubuntu/quantum-workload-architecture/artifacts/embedded_session/ovh_embedded_session_client_v1/sessions/session_runner_existing_worker/same_run08_x8/repeat_4/requests/same_run08_x8_r4_06_run08.execution.json
same_run08_x8_r4_07_run08,/home/ubuntu/quantum-workload-architecture/workloads/manifests/imported/ovh_v2/08_parity_iqp_batched_heldout_medium.yaml,session_runner_existing_worker,same_run08_x8,4,0.051581441,0.051581441,0.003499346,0.049954199,0.000114185,2.994e-06,wrk_05cab10594c0cba2,198,plan_7209297490c788dd,True,False,,session_runner_existing_worker,0.051581441,/home/ubuntu/quantum-workload-architecture/artifacts/embedded_session/ovh_embedded_session_client_v1/sessions/session_runner_existing_worker/same_run08_x8/repeat_4/requests/same_run08_x8_r4_07_run08.execution.json
same_run08_x8_r4_08_run08,/home/ubuntu/quantum-workload-architecture/workloads/manifests/imported/ovh_v2/08_parity_iqp_batched_heldout_medium.yaml,session_runner_existing_worker,same_run08_x8,4,0.085949502,0.085949502,0.004264445,0.084380447,0.000385649,2.405e-06,wrk_05cab10594c0cba2,199,plan_7209297490c788dd,True,False,,session_runner_existing_worker,0.085949502,/home/ubuntu/quantum-workload-architecture/artifacts/embedded_session/ovh_embedded_session_client_v1/sessions/session_runner_existing_worker/same_run08_x8/repeat_4/requests/same_run08_x8_r4_08_run08.execution.json
mixed_trio_x6_r4_01_run01,/home/ubuntu/quantum-workload-architecture/workloads/manifests/imported/ovh_v2/01_real_dense_ring6_amplitude.yaml,session_runner_existing_worker,mixed_trio_x6,4,0.058611275,0.058611275,0.003508254,0.057222653,0.000205652,2.449e-06,wrk_05cab10594c0cba2,200,plan_9681ead327789de4,True,False,,session_runner_existing_worker,0.058611275,/home/ubuntu/quantum-workload-architecture/artifacts/embedded_session/ovh_embedded_session_client_v1/sessions/session_runner_existing_worker/mixed_trio_x6/repeat_4/requests/mixed_trio_x6_r4_01_run01.execution.json
mixed_trio_x6_r4_02_run06,/home/ubuntu/quantum-workload-architecture/workloads/manifests/imported/ovh_v2/06_star_graph_phase_amplitude_heldout_low.yaml,session_runner_existing_worker,mixed_trio_x6,4,0.056247938,0.056247938,0.003273584,0.054943391,0.000111311,2.51e-06,wrk_05cab10594c0cba2,201,plan_1e9bb43cfe444bbb,True,False,,session_runner_existing_worker,0.056247938,/home/ubuntu/quantum-workload-architecture/artifacts/embedded_session/ovh_embedded_session_client_v1/sessions/session_runner_existing_worker/mixed_trio_x6/repeat_4/requests/mixed_trio_x6_r4_02_run06.execution.json
mixed_trio_x6_r4_03_run08,/home/ubuntu/quantum-workload-architecture/workloads/manifests/imported/ovh_v2/08_parity_iqp_batched_heldout_medium.yaml,session_runner_existing_worker,mixed_trio_x6,4,0.051159452,0.051159452,0.003274379,0.049728231,0.000105647,2.591e-06,wrk_05cab10594c0cba2,202,plan_7209297490c788dd,True,False,,session_runner_existing_worker,0.051159452,/home/ubuntu/quantum-workload-architecture/artifacts/embedded_session/ovh_embedded_session_client_v1/sessions/session_runner_existing_worker/mixed_trio_x6/repeat_4/requests/mixed_trio_x6_r4_03_run08.execution.json
mixed_trio_x6_r4_04_run01,/home/ubuntu/quantum-workload-architecture/workloads/manifests/imported/ovh_v2/01_real_dense_ring6_amplitude.yaml,session_runner_existing_worker,mixed_trio_x6,4,0.052359475,0.052359475,0.003302096,0.050933132,0.000108833,2.516e-06,wrk_05cab10594c0cba2,203,plan_9681ead327789de4,True,False,,session_runner_existing_worker,0.052359475,/home/ubuntu/quantum-workload-architecture/artifacts/embedded_session/ovh_embedded_session_client_v1/sessions/session_runner_existing_worker/mixed_trio_x6/repeat_4/requests/mixed_trio_x6_r4_04_run01.execution.json
mixed_trio_x6_r4_05_run06,/home/ubuntu/quantum-workload-architecture/workloads/manifests/imported/ovh_v2/06_star_graph_phase_amplitude_heldout_low.yaml,session_runner_existing_worker,mixed_trio_x6,4,0.056107987,0.056107987,0.003369574,0.054683345,0.000104204,2.37e-06,wrk_05cab10594c0cba2,204,plan_1e9bb43cfe444bbb,True,False,,session_runner_existing_worker,0.056107987,/home/ubuntu/quantum-workload-architecture/artifacts/embedded_session/ovh_embedded_session_client_v1/sessions/session_runner_existing_worker/mixed_trio_x6/repeat_4/requests/mixed_trio_x6_r4_05_run06.execution.json
mixed_trio_x6_r4_06_run08,/home/ubuntu/quantum-workload-architecture/workloads/manifests/imported/ovh_v2/08_parity_iqp_batched_heldout_medium.yaml,session_runner_existing_worker,mixed_trio_x6,4,0.050481398,0.050481398,0.003193578,0.049142854,0.000118263,2.721e-06,wrk_05cab10594c0cba2,205,plan_7209297490c788dd,True,False,,session_runner_existing_worker,0.050481398,/home/ubuntu/quantum-workload-architecture/artifacts/embedded_session/ovh_embedded_session_client_v1/sessions/session_runner_existing_worker/mixed_trio_x6/repeat_4/requests/mixed_trio_x6_r4_06_run08.execution.json
same_run01_x1_r5_01_run01,/home/ubuntu/quantum-workload-architecture/workloads/manifests/imported/ovh_v2/01_real_dense_ring6_amplitude.yaml,session_runner_existing_worker,same_run01_x1,5,0.091609646,0.091609646,0.004233619,0.08982978,0.000271334,2.238e-06,wrk_05cab10594c0cba2,206,plan_9681ead327789de4,True,False,,session_runner_existing_worker,0.091609646,/home/ubuntu/quantum-workload-architecture/artifacts/embedded_session/ovh_embedded_session_client_v1/sessions/session_runner_existing_worker/same_run01_x1/repeat_5/requests/same_run01_x1_r5_01_run01.execution.json
same_run01_x2_r5_01_run01,/home/ubuntu/quantum-workload-architecture/workloads/manifests/imported/ovh_v2/01_real_dense_ring6_amplitude.yaml,session_runner_existing_worker,same_run01_x2,5,0.123377716,0.123377716,0.005500657,0.121481818,0.000268432,4.196e-06,wrk_05cab10594c0cba2,207,plan_9681ead327789de4,True,False,,session_runner_existing_worker,0.123377716,/home/ubuntu/quantum-workload-architecture/artifacts/embedded_session/ovh_embedded_session_client_v1/sessions/session_runner_existing_worker/same_run01_x2/repeat_5/requests/same_run01_x2_r5_01_run01.execution.json
same_run01_x2_r5_02_run01,/home/ubuntu/quantum-workload-architecture/workloads/manifests/imported/ovh_v2/01_real_dense_ring6_amplitude.yaml,session_runner_existing_worker,same_run01_x2,5,0.075664495,0.075664495,0.004091364,0.07382636,0.000194752,2.523e-06,wrk_05cab10594c0cba2,208,plan_9681ead327789de4,True,False,,session_runner_existing_worker,0.075664495,/home/ubuntu/quantum-workload-architecture/artifacts/embedded_session/ovh_embedded_session_client_v1/sessions/session_runner_existing_worker/same_run01_x2/repeat_5/requests/same_run01_x2_r5_02_run01.execution.json
same_run01_x4_r5_01_run01,/home/ubuntu/quantum-workload-architecture/workloads/manifests/imported/ovh_v2/01_real_dense_ring6_amplitude.yaml,session_runner_existing_worker,same_run01_x4,5,0.094365192,0.094365192,0.004617438,0.092427579,0.000269495,2.521e-06,wrk_05cab10594c0cba2,209,plan_9681ead327789de4,True,False,,session_runner_existing_worker,0.094365192,/home/ubuntu/quantum-workload-architecture/artifacts/embedded_session/ovh_embedded_session_client_v1/sessions/session_runner_existing_worker/same_run01_x4/repeat_5/requests/same_run01_x4_r5_01_run01.execution.json
same_run01_x4_r5_02_run01,/home/ubuntu/quantum-workload-architecture/workloads/manifests/imported/ovh_v2/01_real_dense_ring6_amplitude.yaml,session_runner_existing_worker,same_run01_x4,5,0.055667256,0.055667256,0.003455558,0.054157363,0.000108107,2.819e-06,wrk_05cab10594c0cba2,210,plan_9681ead327789de4,True,False,,session_runner_existing_worker,0.055667256,/home/ubuntu/quantum-workload-architecture/artifacts/embedded_session/ovh_embedded_session_client_v1/sessions/session_runner_existing_worker/same_run01_x4/repeat_5/requests/same_run01_x4_r5_02_run01.execution.json
same_run01_x4_r5_03_run01,/home/ubuntu/quantum-workload-architecture/workloads/manifests/imported/ovh_v2/01_real_dense_ring6_amplitude.yaml,session_runner_existing_worker,same_run01_x4,5,0.060071281,0.060071281,0.0035015,0.058558289,0.000110094,2.565e-06,wrk_05cab10594c0cba2,211,plan_9681ead327789de4,True,False,,session_runner_existing_worker,0.060071281,/home/ubuntu/quantum-workload-architecture/artifacts/embedded_session/ovh_embedded_session_client_v1/sessions/session_runner_existing_worker/same_run01_x4/repeat_5/requests/same_run01_x4_r5_03_run01.execution.json
same_run01_x4_r5_04_run01,/home/ubuntu/quantum-workload-architecture/workloads/manifests/imported/ovh_v2/01_real_dense_ring6_amplitude.yaml,session_runner_existing_worker,same_run01_x4,5,0.053432892,0.053432892,0.003341837,0.051980092,0.000109543,2.696e-06,wrk_05cab10594c0cba2,212,plan_9681ead327789de4,True,False,,session_runner_existing_worker,0.053432892,/home/ubuntu/quantum-workload-architecture/artifacts/embedded_session/ovh_embedded_session_client_v1/sessions/session_runner_existing_worker/same_run01_x4/repeat_5/requests/same_run01_x4_r5_04_run01.execution.json
same_run01_x8_r5_01_run01,/home/ubuntu/quantum-workload-architecture/workloads/manifests/imported/ovh_v2/01_real_dense_ring6_amplitude.yaml,session_runner_existing_worker,same_run01_x8,5,0.095000705,0.095000705,0.004141547,0.093471788,0.000264461,2.418e-06,wrk_05cab10594c0cba2,213,plan_9681ead327789de4,True,False,,session_runner_existing_worker,0.095000705,/home/ubuntu/quantum-workload-architecture/artifacts/embedded_session/ovh_embedded_session_client_v1/sessions/session_runner_existing_worker/same_run01_x8/repeat_5/requests/same_run01_x8_r5_01_run01.execution.json
same_run01_x8_r5_02_run01,/home/ubuntu/quantum-workload-architecture/workloads/manifests/imported/ovh_v2/01_real_dense_ring6_amplitude.yaml,session_runner_existing_worker,same_run01_x8,5,0.053084968,0.053084968,0.003236735,0.051796614,0.000120421,2.239e-06,wrk_05cab10594c0cba2,214,plan_9681ead327789de4,True,False,,session_runner_existing_worker,0.053084968,/home/ubuntu/quantum-workload-architecture/artifacts/embedded_session/ovh_embedded_session_client_v1/sessions/session_runner_existing_worker/same_run01_x8/repeat_5/requests/same_run01_x8_r5_02_run01.execution.json
same_run01_x8_r5_03_run01,/home/ubuntu/quantum-workload-architecture/workloads/manifests/imported/ovh_v2/01_real_dense_ring6_amplitude.yaml,session_runner_existing_worker,same_run01_x8,5,0.05275143,0.05275143,0.003157051,0.051461682,0.000108968,3.006e-06,wrk_05cab10594c0cba2,215,plan_9681ead327789de4,True,False,,session_runner_existing_worker,0.05275143,/home/ubuntu/quantum-workload-architecture/artifacts/embedded_session/ovh_embedded_session_client_v1/sessions/session_runner_existing_worker/same_run01_x8/repeat_5/requests/same_run01_x8_r5_03_run01.execution.json
same_run01_x8_r5_04_run01,/home/ubuntu/quantum-workload-architecture/workloads/manifests/imported/ovh_v2/01_real_dense_ring6_amplitude.yaml,session_runner_existing_worker,same_run01_x8,5,0.052594242,0.052594242,0.003271092,0.051187886,0.000106047,2.706e-06,wrk_05cab10594c0cba2,216,plan_9681ead327789de4,True,False,,session_runner_existing_worker,0.052594242,/home/ubuntu/quantum-workload-architecture/artifacts/embedded_session/ovh_embedded_session_client_v1/sessions/session_runner_existing_worker/same_run01_x8/repeat_5/requests/same_run01_x8_r5_04_run01.execution.json
same_run01_x8_r5_05_run01,/home/ubuntu/quantum-workload-architecture/workloads/manifests/imported/ovh_v2/01_real_dense_ring6_amplitude.yaml,session_runner_existing_worker,same_run01_x8,5,0.052999663,0.052999663,0.003270296,0.051650664,0.000105827,2.727e-06,wrk_05cab10594c0cba2,217,plan_9681ead327789de4,True,False,,session_runner_existing_worker,0.052999663,/home/ubuntu/quantum-workload-architecture/artifacts/embedded_session/ovh_embedded_session_client_v1/sessions/session_runner_existing_worker/same_run01_x8/repeat_5/requests/same_run01_x8_r5_05_run01.execution.json
same_run01_x8_r5_06_run01,/home/ubuntu/quantum-workload-architecture/workloads/manifests/imported/ovh_v2/01_real_dense_ring6_amplitude.yaml,session_runner_existing_worker,same_run01_x8,5,0.053084089,0.053084089,0.003462744,0.051630496,0.00010687,2.271e-06,wrk_05cab10594c0cba2,218,plan_9681ead327789de4,True,False,,session_runner_existing_worker,0.053084089,/home/ubuntu/quantum-workload-architecture/artifacts/embedded_session/ovh_embedded_session_client_v1/sessions/session_runner_existing_worker/same_run01_x8/repeat_5/requests/same_run01_x8_r5_06_run01.execution.json
same_run01_x8_r5_07_run01,/home/ubuntu/quantum-workload-architecture/workloads/manifests/imported/ovh_v2/01_real_dense_ring6_amplitude.yaml,session_runner_existing_worker,same_run01_x8,5,0.052837612,0.052837612,0.003290067,0.051419873,0.000106126,2.964e-06,wrk_05cab10594c0cba2,219,plan_9681ead327789de4,True,False,,session_runner_existing_worker,0.052837612,/home/ubuntu/quantum-workload-architecture/artifacts/embedded_session/ovh_embedded_session_client_v1/sessions/session_runner_existing_worker/same_run01_x8/repeat_5/requests/same_run01_x8_r5_07_run01.execution.json
same_run01_x8_r5_08_run01,/home/ubuntu/quantum-workload-architecture/workloads/manifests/imported/ovh_v2/01_real_dense_ring6_amplitude.yaml,session_runner_existing_worker,same_run01_x8,5,0.054272484,0.054272484,0.003425954,0.05280529,0.000105907,2.522e-06,wrk_05cab10594c0cba2,220,plan_9681ead327789de4,True,False,,session_runner_existing_worker,0.054272484,/home/ubuntu/quantum-workload-architecture/artifacts/embedded_session/ovh_embedded_session_client_v1/sessions/session_runner_existing_worker/same_run01_x8/repeat_5/requests/same_run01_x8_r5_08_run01.execution.json
same_run06_x1_r5_01_run06,/home/ubuntu/quantum-workload-architecture/workloads/manifests/imported/ovh_v2/06_star_graph_phase_amplitude_heldout_low.yaml,session_runner_existing_worker,same_run06_x1,5,0.113021246,0.113021246,0.004111984,0.111541383,0.000313025,3.065e-06,wrk_05cab10594c0cba2,221,plan_1e9bb43cfe444bbb,True,False,,session_runner_existing_worker,0.113021246,/home/ubuntu/quantum-workload-architecture/artifacts/embedded_session/ovh_embedded_session_client_v1/sessions/session_runner_existing_worker/same_run06_x1/repeat_5/requests/same_run06_x1_r5_01_run06.execution.json
same_run06_x2_r5_01_run06,/home/ubuntu/quantum-workload-architecture/workloads/manifests/imported/ovh_v2/06_star_graph_phase_amplitude_heldout_low.yaml,session_runner_existing_worker,same_run06_x2,5,0.094504579,0.094504579,0.004260213,0.092819755,0.000263578,2.928e-06,wrk_05cab10594c0cba2,222,plan_1e9bb43cfe444bbb,True,False,,session_runner_existing_worker,0.094504579,/home/ubuntu/quantum-workload-architecture/artifacts/embedded_session/ovh_embedded_session_client_v1/sessions/session_runner_existing_worker/same_run06_x2/repeat_5/requests/same_run06_x2_r5_01_run06.execution.json
same_run06_x2_r5_02_run06,/home/ubuntu/quantum-workload-architecture/workloads/manifests/imported/ovh_v2/06_star_graph_phase_amplitude_heldout_low.yaml,session_runner_existing_worker,same_run06_x2,5,0.056446747,0.056446747,0.003543354,0.054846778,0.000109232,2.462e-06,wrk_05cab10594c0cba2,223,plan_1e9bb43cfe444bbb,True,False,,session_runner_existing_worker,0.056446747,/home/ubuntu/quantum-workload-architecture/artifacts/embedded_session/ovh_embedded_session_client_v1/sessions/session_runner_existing_worker/same_run06_x2/repeat_5/requests/same_run06_x2_r5_02_run06.execution.json
same_run06_x4_r5_01_run06,/home/ubuntu/quantum-workload-architecture/workloads/manifests/imported/ovh_v2/06_star_graph_phase_amplitude_heldout_low.yaml,session_runner_existing_worker,same_run06_x4,5,0.076124407,0.076124407,0.003965846,0.074779292,0.000289556,2.59e-06,wrk_05cab10594c0cba2,224,plan_1e9bb43cfe444bbb,True,False,,session_runner_existing_worker,0.076124407,/home/ubuntu/quantum-workload-architecture/artifacts/embedded_session/ovh_embedded_session_client_v1/sessions/session_runner_existing_worker/same_run06_x4/repeat_5/requests/same_run06_x4_r5_01_run06.execution.json
same_run06_x4_r5_02_run06,/home/ubuntu/quantum-workload-architecture/workloads/manifests/imported/ovh_v2/06_star_graph_phase_amplitude_heldout_low.yaml,session_runner_existing_worker,same_run06_x4,5,0.056112062,0.056112062,0.00346161,0.05464852,0.000105868,2.455e-06,wrk_05cab10594c0cba2,225,plan_1e9bb43cfe444bbb,True,False,,session_runner_existing_worker,0.056112062,/home/ubuntu/quantum-workload-architecture/artifacts/embedded_session/ovh_embedded_session_client_v1/sessions/session_runner_existing_worker/same_run06_x4/repeat_5/requests/same_run06_x4_r5_02_run06.execution.json
same_run06_x4_r5_03_run06,/home/ubuntu/quantum-workload-architecture/workloads/manifests/imported/ovh_v2/06_star_graph_phase_amplitude_heldout_low.yaml,session_runner_existing_worker,same_run06_x4,5,0.05574769,0.05574769,0.003308505,0.054334665,0.000103074,2.556e-06,wrk_05cab10594c0cba2,226,plan_1e9bb43cfe444bbb,True,False,,session_runner_existing_worker,0.05574769,/home/ubuntu/quantum-workload-architecture/artifacts/embedded_session/ovh_embedded_session_client_v1/sessions/session_runner_existing_worker/same_run06_x4/repeat_5/requests/same_run06_x4_r5_03_run06.execution.json
same_run06_x4_r5_04_run06,/home/ubuntu/quantum-workload-architecture/workloads/manifests/imported/ovh_v2/06_star_graph_phase_amplitude_heldout_low.yaml,session_runner_existing_worker,same_run06_x4,5,0.062313044,0.062313044,0.00366241,0.060875552,0.0001066,2.473e-06,wrk_05cab10594c0cba2,227,plan_1e9bb43cfe444bbb,True,False,,session_runner_existing_worker,0.062313044,/home/ubuntu/quantum-workload-architecture/artifacts/embedded_session/ovh_embedded_session_client_v1/sessions/session_runner_existing_worker/same_run06_x4/repeat_5/requests/same_run06_x4_r5_04_run06.execution.json
same_run06_x8_r5_01_run06,/home/ubuntu/quantum-workload-architecture/workloads/manifests/imported/ovh_v2/06_star_graph_phase_amplitude_heldout_low.yaml,session_runner_existing_worker,same_run06_x8,5,0.090413377,0.090413377,0.006100805,0.088570336,0.00018327,5.591e-06,wrk_05cab10594c0cba2,228,plan_1e9bb43cfe444bbb,True,False,,session_runner_existing_worker,0.090413377,/home/ubuntu/quantum-workload-architecture/artifacts/embedded_session/ovh_embedded_session_client_v1/sessions/session_runner_existing_worker/same_run06_x8/repeat_5/requests/same_run06_x8_r5_01_run06.execution.json
same_run06_x8_r5_02_run06,/home/ubuntu/quantum-workload-architecture/workloads/manifests/imported/ovh_v2/06_star_graph_phase_amplitude_heldout_low.yaml,session_runner_existing_worker,same_run06_x8,5,0.088649632,0.088649632,0.004405618,0.086882279,0.000258398,2.549e-06,wrk_05cab10594c0cba2,229,plan_1e9bb43cfe444bbb,True,False,,session_runner_existing_worker,0.088649632,/home/ubuntu/quantum-workload-architecture/artifacts/embedded_session/ovh_embedded_session_client_v1/sessions/session_runner_existing_worker/same_run06_x8/repeat_5/requests/same_run06_x8_r5_02_run06.execution.json
same_run06_x8_r5_03_run06,/home/ubuntu/quantum-workload-architecture/workloads/manifests/imported/ovh_v2/06_star_graph_phase_amplitude_heldout_low.yaml,session_runner_existing_worker,same_run06_x8,5,0.056230538,0.056230538,0.00338713,0.05483403,0.000107717,2.488e-06,wrk_05cab10594c0cba2,230,plan_1e9bb43cfe444bbb,True,False,,session_runner_existing_worker,0.056230538,/home/ubuntu/quantum-workload-architecture/artifacts/embedded_session/ovh_embedded_session_client_v1/sessions/session_runner_existing_worker/same_run06_x8/repeat_5/requests/same_run06_x8_r5_03_run06.execution.json
same_run06_x8_r5_04_run06,/home/ubuntu/quantum-workload-architecture/workloads/manifests/imported/ovh_v2/06_star_graph_phase_amplitude_heldout_low.yaml,session_runner_existing_worker,same_run06_x8,5,0.058547198,0.058547198,0.003518173,0.057076329,0.000102792,2.736e-06,wrk_05cab10594c0cba2,231,plan_1e9bb43cfe444bbb,True,False,,session_runner_existing_worker,0.058547198,/home/ubuntu/quantum-workload-architecture/artifacts/embedded_session/ovh_embedded_session_client_v1/sessions/session_runner_existing_worker/same_run06_x8/repeat_5/requests/same_run06_x8_r5_04_run06.execution.json
same_run06_x8_r5_05_run06,/home/ubuntu/quantum-workload-architecture/workloads/manifests/imported/ovh_v2/06_star_graph_phase_amplitude_heldout_low.yaml,session_runner_existing_worker,same_run06_x8,5,0.056388432,0.056388432,0.003399315,0.054964538,0.000115947,2.362e-06,wrk_05cab10594c0cba2,232,plan_1e9bb43cfe444bbb,True,False,,session_runner_existing_worker,0.056388432,/home/ubuntu/quantum-workload-architecture/artifacts/embedded_session/ovh_embedded_session_client_v1/sessions/session_runner_existing_worker/same_run06_x8/repeat_5/requests/same_run06_x8_r5_05_run06.execution.json
same_run06_x8_r5_06_run06,/home/ubuntu/quantum-workload-architecture/workloads/manifests/imported/ovh_v2/06_star_graph_phase_amplitude_heldout_low.yaml,session_runner_existing_worker,same_run06_x8,5,0.056082513,0.056082513,0.003323098,0.054679199,0.000106702,2.843e-06,wrk_05cab10594c0cba2,233,plan_1e9bb43cfe444bbb,True,False,,session_runner_existing_worker,0.056082513,/home/ubuntu/quantum-workload-architecture/artifacts/embedded_session/ovh_embedded_session_client_v1/sessions/session_runner_existing_worker/same_run06_x8/repeat_5/requests/same_run06_x8_r5_06_run06.execution.json
same_run06_x8_r5_07_run06,/home/ubuntu/quantum-workload-architecture/workloads/manifests/imported/ovh_v2/06_star_graph_phase_amplitude_heldout_low.yaml,session_runner_existing_worker,same_run06_x8,5,0.055967446,0.055967446,0.003378264,0.054594047,0.000106297,2.404e-06,wrk_05cab10594c0cba2,234,plan_1e9bb43cfe444bbb,True,False,,session_runner_existing_worker,0.055967446,/home/ubuntu/quantum-workload-architecture/artifacts/embedded_session/ovh_embedded_session_client_v1/sessions/session_runner_existing_worker/same_run06_x8/repeat_5/requests/same_run06_x8_r5_07_run06.execution.json
same_run06_x8_r5_08_run06,/home/ubuntu/quantum-workload-architecture/workloads/manifests/imported/ovh_v2/06_star_graph_phase_amplitude_heldout_low.yaml,session_runner_existing_worker,same_run06_x8,5,0.055972355,0.055972355,0.003523936,0.054556266,0.000105216,2.457e-06,wrk_05cab10594c0cba2,235,plan_1e9bb43cfe444bbb,True,False,,session_runner_existing_worker,0.055972355,/home/ubuntu/quantum-workload-architecture/artifacts/embedded_session/ovh_embedded_session_client_v1/sessions/session_runner_existing_worker/same_run06_x8/repeat_5/requests/same_run06_x8_r5_08_run06.execution.json
same_run08_x1_r5_01_run08,/home/ubuntu/quantum-workload-architecture/workloads/manifests/imported/ovh_v2/08_parity_iqp_batched_heldout_medium.yaml,session_runner_existing_worker,same_run08_x1,5,0.064167134,0.064167134,0.003283923,0.062982865,0.000169182,2.55e-06,wrk_05cab10594c0cba2,236,plan_7209297490c788dd,True,False,,session_runner_existing_worker,0.064167134,/home/ubuntu/quantum-workload-architecture/artifacts/embedded_session/ovh_embedded_session_client_v1/sessions/session_runner_existing_worker/same_run08_x1/repeat_5/requests/same_run08_x1_r5_01_run08.execution.json
same_run08_x2_r5_01_run08,/home/ubuntu/quantum-workload-architecture/workloads/manifests/imported/ovh_v2/08_parity_iqp_batched_heldout_medium.yaml,session_runner_existing_worker,same_run08_x2,5,0.094794947,0.094794947,0.004394909,0.093121457,0.000273468,2.483e-06,wrk_05cab10594c0cba2,237,plan_7209297490c788dd,True,False,,session_runner_existing_worker,0.094794947,/home/ubuntu/quantum-workload-architecture/artifacts/embedded_session/ovh_embedded_session_client_v1/sessions/session_runner_existing_worker/same_run08_x2/repeat_5/requests/same_run08_x2_r5_01_run08.execution.json
same_run08_x2_r5_02_run08,/home/ubuntu/quantum-workload-architecture/workloads/manifests/imported/ovh_v2/08_parity_iqp_batched_heldout_medium.yaml,session_runner_existing_worker,same_run08_x2,5,0.051477322,0.051477322,0.00326567,0.050039785,0.000112584,2.507e-06,wrk_05cab10594c0cba2,238,plan_7209297490c788dd,True,False,,session_runner_existing_worker,0.051477322,/home/ubuntu/quantum-workload-architecture/artifacts/embedded_session/ovh_embedded_session_client_v1/sessions/session_runner_existing_worker/same_run08_x2/repeat_5/requests/same_run08_x2_r5_02_run08.execution.json
same_run08_x4_r5_01_run08,/home/ubuntu/quantum-workload-architecture/workloads/manifests/imported/ovh_v2/08_parity_iqp_batched_heldout_medium.yaml,session_runner_existing_worker,same_run08_x4,5,0.087958143,0.087958143,0.004384987,0.086099441,0.00027554,2.625e-06,wrk_05cab10594c0cba2,239,plan_7209297490c788dd,True,False,,session_runner_existing_worker,0.087958143,/home/ubuntu/quantum-workload-architecture/artifacts/embedded_session/ovh_embedded_session_client_v1/sessions/session_runner_existing_worker/same_run08_x4/repeat_5/requests/same_run08_x4_r5_01_run08.execution.json
same_run08_x4_r5_02_run08,/home/ubuntu/quantum-workload-architecture/workloads/manifests/imported/ovh_v2/08_parity_iqp_batched_heldout_medium.yaml,session_runner_existing_worker,same_run08_x4,5,0.051722643,0.051722643,0.003274442,0.050311447,0.000108942,2.578e-06,wrk_05cab10594c0cba2,240,plan_7209297490c788dd,True,False,,session_runner_existing_worker,0.051722643,/home/ubuntu/quantum-workload-architecture/artifacts/embedded_session/ovh_embedded_session_client_v1/sessions/session_runner_existing_worker/same_run08_x4/repeat_5/requests/same_run08_x4_r5_02_run08.execution.json
same_run08_x4_r5_03_run08,/home/ubuntu/quantum-workload-architecture/workloads/manifests/imported/ovh_v2/08_parity_iqp_batched_heldout_medium.yaml,session_runner_existing_worker,same_run08_x4,5,0.051527821,0.051527821,0.003235462,0.050173446,0.000106623,2.668e-06,wrk_05cab10594c0cba2,241,plan_7209297490c788dd,True,False,,session_runner_existing_worker,0.051527821,/home/ubuntu/quantum-workload-architecture/artifacts/embedded_session/ovh_embedded_session_client_v1/sessions/session_runner_existing_worker/same_run08_x4/repeat_5/requests/same_run08_x4_r5_03_run08.execution.json
same_run08_x4_r5_04_run08,/home/ubuntu/quantum-workload-architecture/workloads/manifests/imported/ovh_v2/08_parity_iqp_batched_heldout_medium.yaml,session_runner_existing_worker,same_run08_x4,5,0.050908172,0.050908172,0.003244927,0.049536394,0.000107617,2.573e-06,wrk_05cab10594c0cba2,242,plan_7209297490c788dd,True,False,,session_runner_existing_worker,0.050908172,/home/ubuntu/quantum-workload-architecture/artifacts/embedded_session/ovh_embedded_session_client_v1/sessions/session_runner_existing_worker/same_run08_x4/repeat_5/requests/same_run08_x4_r5_04_run08.execution.json
same_run08_x8_r5_01_run08,/home/ubuntu/quantum-workload-architecture/workloads/manifests/imported/ovh_v2/08_parity_iqp_batched_heldout_medium.yaml,session_runner_existing_worker,same_run08_x8,5,0.078444093,0.078444093,0.004164693,0.07673767,0.000245911,2.57e-06,wrk_05cab10594c0cba2,243,plan_7209297490c788dd,True,False,,session_runner_existing_worker,0.078444093,/home/ubuntu/quantum-workload-architecture/artifacts/embedded_session/ovh_embedded_session_client_v1/sessions/session_runner_existing_worker/same_run08_x8/repeat_5/requests/same_run08_x8_r5_01_run08.execution.json
same_run08_x8_r5_02_run08,/home/ubuntu/quantum-workload-architecture/workloads/manifests/imported/ovh_v2/08_parity_iqp_batched_heldout_medium.yaml,session_runner_existing_worker,same_run08_x8,5,0.051594539,0.051594539,0.003420565,0.050075743,0.000113973,2.864e-06,wrk_05cab10594c0cba2,244,plan_7209297490c788dd,True,False,,session_runner_existing_worker,0.051594539,/home/ubuntu/quantum-workload-architecture/artifacts/embedded_session/ovh_embedded_session_client_v1/sessions/session_runner_existing_worker/same_run08_x8/repeat_5/requests/same_run08_x8_r5_02_run08.execution.json
same_run08_x8_r5_03_run08,/home/ubuntu/quantum-workload-architecture/workloads/manifests/imported/ovh_v2/08_parity_iqp_batched_heldout_medium.yaml,session_runner_existing_worker,same_run08_x8,5,0.050441077,0.050441077,0.003185677,0.049059107,0.000106477,2.298e-06,wrk_05cab10594c0cba2,245,plan_7209297490c788dd,True,False,,session_runner_existing_worker,0.050441077,/home/ubuntu/quantum-workload-architecture/artifacts/embedded_session/ovh_embedded_session_client_v1/sessions/session_runner_existing_worker/same_run08_x8/repeat_5/requests/same_run08_x8_r5_03_run08.execution.json
same_run08_x8_r5_04_run08,/home/ubuntu/quantum-workload-architecture/workloads/manifests/imported/ovh_v2/08_parity_iqp_batched_heldout_medium.yaml,session_runner_existing_worker,same_run08_x8,5,0.05116757,0.05116757,0.003278476,0.049779467,0.000109027,2.388e-06,wrk_05cab10594c0cba2,246,plan_7209297490c788dd,True,False,,session_runner_existing_worker,0.05116757,/home/ubuntu/quantum-workload-architecture/artifacts/embedded_session/ovh_embedded_session_client_v1/sessions/session_runner_existing_worker/same_run08_x8/repeat_5/requests/same_run08_x8_r5_04_run08.execution.json
same_run08_x8_r5_05_run08,/home/ubuntu/quantum-workload-architecture/workloads/manifests/imported/ovh_v2/08_parity_iqp_batched_heldout_medium.yaml,session_runner_existing_worker,same_run08_x8,5,0.051953169,0.051953169,0.003194403,0.050660104,0.000107574,2.73e-06,wrk_05cab10594c0cba2,247,plan_7209297490c788dd,True,False,,session_runner_existing_worker,0.051953169,/home/ubuntu/quantum-workload-architecture/artifacts/embedded_session/ovh_embedded_session_client_v1/sessions/session_runner_existing_worker/same_run08_x8/repeat_5/requests/same_run08_x8_r5_05_run08.execution.json
same_run08_x8_r5_06_run08,/home/ubuntu/quantum-workload-architecture/workloads/manifests/imported/ovh_v2/08_parity_iqp_batched_heldout_medium.yaml,session_runner_existing_worker,same_run08_x8,5,0.052959797,0.052959797,0.003050788,0.05179675,0.000104538,2.57e-06,wrk_05cab10594c0cba2,248,plan_7209297490c788dd,True,False,,session_runner_existing_worker,0.052959797,/home/ubuntu/quantum-workload-architecture/artifacts/embedded_session/ovh_embedded_session_client_v1/sessions/session_runner_existing_worker/same_run08_x8/repeat_5/requests/same_run08_x8_r5_06_run08.execution.json
same_run08_x8_r5_07_run08,/home/ubuntu/quantum-workload-architecture/workloads/manifests/imported/ovh_v2/08_parity_iqp_batched_heldout_medium.yaml,session_runner_existing_worker,same_run08_x8,5,0.050494496,0.050494496,0.003276703,0.049051801,0.000107801,2.676e-06,wrk_05cab10594c0cba2,249,plan_7209297490c788dd,True,False,,session_runner_existing_worker,0.050494496,/home/ubuntu/quantum-workload-architecture/artifacts/embedded_session/ovh_embedded_session_client_v1/sessions/session_runner_existing_worker/same_run08_x8/repeat_5/requests/same_run08_x8_r5_07_run08.execution.json
same_run08_x8_r5_08_run08,/home/ubuntu/quantum-workload-architecture/workloads/manifests/imported/ovh_v2/08_parity_iqp_batched_heldout_medium.yaml,session_runner_existing_worker,same_run08_x8,5,0.051564721,0.051564721,0.003282064,0.050198861,0.000103937,2.424e-06,wrk_05cab10594c0cba2,250,plan_7209297490c788dd,True,False,,session_runner_existing_worker,0.051564721,/home/ubuntu/quantum-workload-architecture/artifacts/embedded_session/ovh_embedded_session_client_v1/sessions/session_runner_existing_worker/same_run08_x8/repeat_5/requests/same_run08_x8_r5_08_run08.execution.json
mixed_trio_x6_r5_01_run01,/home/ubuntu/quantum-workload-architecture/workloads/manifests/imported/ovh_v2/01_real_dense_ring6_amplitude.yaml,session_runner_existing_worker,mixed_trio_x6,5,0.083648202,0.083648202,0.004122365,0.082010354,0.000284495,2.549e-06,wrk_05cab10594c0cba2,251,plan_9681ead327789de4,True,False,,session_runner_existing_worker,0.083648202,/home/ubuntu/quantum-workload-architecture/artifacts/embedded_session/ovh_embedded_session_client_v1/sessions/session_runner_existing_worker/mixed_trio_x6/repeat_5/requests/mixed_trio_x6_r5_01_run01.execution.json
mixed_trio_x6_r5_02_run06,/home/ubuntu/quantum-workload-architecture/workloads/manifests/imported/ovh_v2/06_star_graph_phase_amplitude_heldout_low.yaml,session_runner_existing_worker,mixed_trio_x6,5,0.057137237,0.057137237,0.003281127,0.05582179,0.000103789,2.4e-06,wrk_05cab10594c0cba2,252,plan_1e9bb43cfe444bbb,True,False,,session_runner_existing_worker,0.057137237,/home/ubuntu/quantum-workload-architecture/artifacts/embedded_session/ovh_embedded_session_client_v1/sessions/session_runner_existing_worker/mixed_trio_x6/repeat_5/requests/mixed_trio_x6_r5_02_run06.execution.json
mixed_trio_x6_r5_03_run08,/home/ubuntu/quantum-workload-architecture/workloads/manifests/imported/ovh_v2/08_parity_iqp_batched_heldout_medium.yaml,session_runner_existing_worker,mixed_trio_x6,5,0.050949528,0.050949528,0.003196838,0.049584967,0.000120598,2.594e-06,wrk_05cab10594c0cba2,253,plan_7209297490c788dd,True,False,,session_runner_existing_worker,0.050949528,/home/ubuntu/quantum-workload-architecture/artifacts/embedded_session/ovh_embedded_session_client_v1/sessions/session_runner_existing_worker/mixed_trio_x6/repeat_5/requests/mixed_trio_x6_r5_03_run08.execution.json
mixed_trio_x6_r5_04_run01,/home/ubuntu/quantum-workload-architecture/workloads/manifests/imported/ovh_v2/01_real_dense_ring6_amplitude.yaml,session_runner_existing_worker,mixed_trio_x6,5,0.054388198,0.054388198,0.003734002,0.052702313,0.000109678,2.413e-06,wrk_05cab10594c0cba2,254,plan_9681ead327789de4,True,False,,session_runner_existing_worker,0.054388198,/home/ubuntu/quantum-workload-architecture/artifacts/embedded_session/ovh_embedded_session_client_v1/sessions/session_runner_existing_worker/mixed_trio_x6/repeat_5/requests/mixed_trio_x6_r5_04_run01.execution.json
mixed_trio_x6_r5_05_run06,/home/ubuntu/quantum-workload-architecture/workloads/manifests/imported/ovh_v2/06_star_graph_phase_amplitude_heldout_low.yaml,session_runner_existing_worker,mixed_trio_x6,5,0.055756281,0.055756281,0.00305076,0.054624662,0.000105503,2.947e-06,wrk_05cab10594c0cba2,255,plan_1e9bb43cfe444bbb,True,False,,session_runner_existing_worker,0.055756281,/home/ubuntu/quantum-workload-architecture/artifacts/embedded_session/ovh_embedded_session_client_v1/sessions/session_runner_existing_worker/mixed_trio_x6/repeat_5/requests/mixed_trio_x6_r5_05_run06.execution.json
mixed_trio_x6_r5_06_run08,/home/ubuntu/quantum-workload-architecture/workloads/manifests/imported/ovh_v2/08_parity_iqp_batched_heldout_medium.yaml,session_runner_existing_worker,mixed_trio_x6,5,0.050324954,0.050324954,0.003237787,0.048914221,0.000121264,2.648e-06,wrk_05cab10594c0cba2,256,plan_7209297490c788dd,True,False,,session_runner_existing_worker,0.050324954,/home/ubuntu/quantum-workload-architecture/artifacts/embedded_session/ovh_embedded_session_client_v1/sessions/session_runner_existing_worker/mixed_trio_x6/repeat_5/requests/mixed_trio_x6_r5_06_run08.execution.json
same_run01_x1_01_run01,/home/ubuntu/quantum-workload-architecture/workloads/manifests/imported/ovh_v2/01_real_dense_ring6_amplitude.yaml,embedded_session_existing_worker,same_run01_x1,1,0.087242068,0.087242068,0.003862009,0.085715472,0.000231469,3.522e-06,wrk_b2ccb97a931f03e6,2,plan_9681ead327789de4,True,False,,embedded_session_existing_worker,0.087242068,
same_run01_x2_01_run01,/home/ubuntu/quantum-workload-architecture/workloads/manifests/imported/ovh_v2/01_real_dense_ring6_amplitude.yaml,embedded_session_existing_worker,same_run01_x2,1,0.091336168,0.091336168,0.004330447,0.089495112,0.000295635,3.167e-06,wrk_b2ccb97a931f03e6,3,plan_9681ead327789de4,True,False,,embedded_session_existing_worker,0.091336168,
same_run01_x2_02_run01,/home/ubuntu/quantum-workload-architecture/workloads/manifests/imported/ovh_v2/01_real_dense_ring6_amplitude.yaml,embedded_session_existing_worker,same_run01_x2,1,0.052213012,0.052213012,0.003443983,0.050781063,0.000114656,2.329e-06,wrk_b2ccb97a931f03e6,4,plan_9681ead327789de4,True,False,,embedded_session_existing_worker,0.052213012,
same_run01_x4_01_run01,/home/ubuntu/quantum-workload-architecture/workloads/manifests/imported/ovh_v2/01_real_dense_ring6_amplitude.yaml,embedded_session_existing_worker,same_run01_x4,1,0.083194078,0.083194078,0.004356573,0.081412751,0.000284403,2.695e-06,wrk_b2ccb97a931f03e6,5,plan_9681ead327789de4,True,False,,embedded_session_existing_worker,0.083194078,
same_run01_x4_02_run01,/home/ubuntu/quantum-workload-architecture/workloads/manifests/imported/ovh_v2/01_real_dense_ring6_amplitude.yaml,embedded_session_existing_worker,same_run01_x4,1,0.054295777,0.054295777,0.003410039,0.052841179,0.000127507,2.858e-06,wrk_b2ccb97a931f03e6,6,plan_9681ead327789de4,True,False,,embedded_session_existing_worker,0.054295777,
same_run01_x4_03_run01,/home/ubuntu/quantum-workload-architecture/workloads/manifests/imported/ovh_v2/01_real_dense_ring6_amplitude.yaml,embedded_session_existing_worker,same_run01_x4,1,0.079973096,0.079973096,0.003925682,0.0784139,0.000280325,2.536e-06,wrk_b2ccb97a931f03e6,7,plan_9681ead327789de4,True,False,,embedded_session_existing_worker,0.079973096,
same_run01_x4_04_run01,/home/ubuntu/quantum-workload-architecture/workloads/manifests/imported/ovh_v2/01_real_dense_ring6_amplitude.yaml,embedded_session_existing_worker,same_run01_x4,1,0.0523226,0.0523226,0.002887247,0.051427603,0.00010632,2.609e-06,wrk_b2ccb97a931f03e6,8,plan_9681ead327789de4,True,False,,embedded_session_existing_worker,0.0523226,
same_run01_x8_01_run01,/home/ubuntu/quantum-workload-architecture/workloads/manifests/imported/ovh_v2/01_real_dense_ring6_amplitude.yaml,embedded_session_existing_worker,same_run01_x8,1,0.0775512,0.0775512,0.004127335,0.075839361,0.000279656,2.754e-06,wrk_b2ccb97a931f03e6,9,plan_9681ead327789de4,True,False,,embedded_session_existing_worker,0.0775512,
same_run01_x8_02_run01,/home/ubuntu/quantum-workload-architecture/workloads/manifests/imported/ovh_v2/01_real_dense_ring6_amplitude.yaml,embedded_session_existing_worker,same_run01_x8,1,0.091768873,0.091768873,0.004042288,0.090310274,0.000263,2.635e-06,wrk_b2ccb97a931f03e6,10,plan_9681ead327789de4,True,False,,embedded_session_existing_worker,0.091768873,
same_run01_x8_03_run01,/home/ubuntu/quantum-workload-architecture/workloads/manifests/imported/ovh_v2/01_real_dense_ring6_amplitude.yaml,embedded_session_existing_worker,same_run01_x8,1,0.075666633,0.075666633,0.004143505,0.073941372,0.000232874,3.005e-06,wrk_b2ccb97a931f03e6,11,plan_9681ead327789de4,True,False,,embedded_session_existing_worker,0.075666633,
same_run01_x8_04_run01,/home/ubuntu/quantum-workload-architecture/workloads/manifests/imported/ovh_v2/01_real_dense_ring6_amplitude.yaml,embedded_session_existing_worker,same_run01_x8,1,0.053155869,0.053155869,0.003492787,0.051647679,0.000128917,2.883e-06,wrk_b2ccb97a931f03e6,12,plan_9681ead327789de4,True,False,,embedded_session_existing_worker,0.053155869,
same_run01_x8_05_run01,/home/ubuntu/quantum-workload-architecture/workloads/manifests/imported/ovh_v2/01_real_dense_ring6_amplitude.yaml,embedded_session_existing_worker,same_run01_x8,1,0.098123171,0.098123171,0.005489034,0.095515463,0.000450876,2.739e-06,wrk_b2ccb97a931f03e6,13,plan_9681ead327789de4,True,False,,embedded_session_existing_worker,0.098123171,
same_run01_x8_06_run01,/home/ubuntu/quantum-workload-architecture/workloads/manifests/imported/ovh_v2/01_real_dense_ring6_amplitude.yaml,embedded_session_existing_worker,same_run01_x8,1,0.05425039,0.05425039,0.003516811,0.052732863,0.000129355,2.469e-06,wrk_b2ccb97a931f03e6,14,plan_9681ead327789de4,True,False,,embedded_session_existing_worker,0.05425039,
same_run01_x8_07_run01,/home/ubuntu/quantum-workload-architecture/workloads/manifests/imported/ovh_v2/01_real_dense_ring6_amplitude.yaml,embedded_session_existing_worker,same_run01_x8,1,0.053847161,0.053847161,0.003436785,0.052450269,0.00010801,2.798e-06,wrk_b2ccb97a931f03e6,15,plan_9681ead327789de4,True,False,,embedded_session_existing_worker,0.053847161,
same_run01_x8_08_run01,/home/ubuntu/quantum-workload-architecture/workloads/manifests/imported/ovh_v2/01_real_dense_ring6_amplitude.yaml,embedded_session_existing_worker,same_run01_x8,1,0.053219728,0.053219728,0.003509079,0.051769809,0.000116566,2.706e-06,wrk_b2ccb97a931f03e6,16,plan_9681ead327789de4,True,False,,embedded_session_existing_worker,0.053219728,
same_run06_x1_01_run06,/home/ubuntu/quantum-workload-architecture/workloads/manifests/imported/ovh_v2/06_star_graph_phase_amplitude_heldout_low.yaml,embedded_session_existing_worker,same_run06_x1,1,0.081180607,0.081180607,0.003971588,0.079471438,0.000208687,2.551e-06,wrk_b2ccb97a931f03e6,17,plan_1e9bb43cfe444bbb,True,False,,embedded_session_existing_worker,0.081180607,
same_run06_x2_01_run06,/home/ubuntu/quantum-workload-architecture/workloads/manifests/imported/ovh_v2/06_star_graph_phase_amplitude_heldout_low.yaml,embedded_session_existing_worker,same_run06_x2,1,0.09501684,0.09501684,0.004470602,0.093085027,0.000280654,2.398e-06,wrk_b2ccb97a931f03e6,18,plan_1e9bb43cfe444bbb,True,False,,embedded_session_existing_worker,0.09501684,
same_run06_x2_02_run06,/home/ubuntu/quantum-workload-architecture/workloads/manifests/imported/ovh_v2/06_star_graph_phase_amplitude_heldout_low.yaml,embedded_session_existing_worker,same_run06_x2,1,0.05611865,0.05611865,0.003339417,0.054755195,0.000116439,2.675e-06,wrk_b2ccb97a931f03e6,19,plan_1e9bb43cfe444bbb,True,False,,embedded_session_existing_worker,0.05611865,
same_run06_x4_01_run06,/home/ubuntu/quantum-workload-architecture/workloads/manifests/imported/ovh_v2/06_star_graph_phase_amplitude_heldout_low.yaml,embedded_session_existing_worker,same_run06_x4,1,0.094853718,0.094853718,0.004362275,0.093115757,0.000288559,2.624e-06,wrk_b2ccb97a931f03e6,20,plan_1e9bb43cfe444bbb,True,False,,embedded_session_existing_worker,0.094853718,
same_run06_x4_02_run06,/home/ubuntu/quantum-workload-architecture/workloads/manifests/imported/ovh_v2/06_star_graph_phase_amplitude_heldout_low.yaml,embedded_session_existing_worker,same_run06_x4,1,0.056091669,0.056091669,0.003153363,0.054953652,0.000106085,2.435e-06,wrk_b2ccb97a931f03e6,21,plan_1e9bb43cfe444bbb,True,False,,embedded_session_existing_worker,0.056091669,
same_run06_x4_03_run06,/home/ubuntu/quantum-workload-architecture/workloads/manifests/imported/ovh_v2/06_star_graph_phase_amplitude_heldout_low.yaml,embedded_session_existing_worker,same_run06_x4,1,0.096410979,0.096410979,0.003925535,0.095034138,0.000262229,3.234e-06,wrk_b2ccb97a931f03e6,22,plan_1e9bb43cfe444bbb,True,False,,embedded_session_existing_worker,0.096410979,
same_run06_x4_04_run06,/home/ubuntu/quantum-workload-architecture/workloads/manifests/imported/ovh_v2/06_star_graph_phase_amplitude_heldout_low.yaml,embedded_session_existing_worker,same_run06_x4,1,0.057417163,0.057417163,0.003404849,0.056048844,0.000130071,2.731e-06,wrk_b2ccb97a931f03e6,23,plan_1e9bb43cfe444bbb,True,False,,embedded_session_existing_worker,0.057417163,
same_run06_x8_01_run06,/home/ubuntu/quantum-workload-architecture/workloads/manifests/imported/ovh_v2/06_star_graph_phase_amplitude_heldout_low.yaml,embedded_session_existing_worker,same_run06_x8,1,0.089907996,0.089907996,0.004080105,0.088400133,0.000274985,2.823e-06,wrk_b2ccb97a931f03e6,24,plan_1e9bb43cfe444bbb,True,False,,embedded_session_existing_worker,0.089907996,
same_run06_x8_02_run06,/home/ubuntu/quantum-workload-architecture/workloads/manifests/imported/ovh_v2/06_star_graph_phase_amplitude_heldout_low.yaml,embedded_session_existing_worker,same_run06_x8,1,0.056026749,0.056026749,0.00310325,0.054853558,0.000108908,2.51e-06,wrk_b2ccb97a931f03e6,25,plan_1e9bb43cfe444bbb,True,False,,embedded_session_existing_worker,0.056026749,
same_run06_x8_03_run06,/home/ubuntu/quantum-workload-architecture/workloads/manifests/imported/ovh_v2/06_star_graph_phase_amplitude_heldout_low.yaml,embedded_session_existing_worker,same_run06_x8,1,0.057472918,0.057472918,0.002848289,0.056609086,0.000107206,2.717e-06,wrk_b2ccb97a931f03e6,26,plan_1e9bb43cfe444bbb,True,False,,embedded_session_existing_worker,0.057472918,
same_run06_x8_04_run06,/home/ubuntu/quantum-workload-architecture/workloads/manifests/imported/ovh_v2/06_star_graph_phase_amplitude_heldout_low.yaml,embedded_session_existing_worker,same_run06_x8,1,0.080444864,0.080444864,0.005092925,0.078846553,0.000282928,3.416e-06,wrk_b2ccb97a931f03e6,27,plan_1e9bb43cfe444bbb,True,False,,embedded_session_existing_worker,0.080444864,
same_run06_x8_05_run06,/home/ubuntu/quantum-workload-architecture/workloads/manifests/imported/ovh_v2/06_star_graph_phase_amplitude_heldout_low.yaml,embedded_session_existing_worker,same_run06_x8,1,0.057246155,0.057246155,0.004131525,0.055291055,0.00017121,2.339e-06,wrk_b2ccb97a931f03e6,28,plan_1e9bb43cfe444bbb,True,False,,embedded_session_existing_worker,0.057246155,
same_run06_x8_06_run06,/home/ubuntu/quantum-workload-architecture/workloads/manifests/imported/ovh_v2/06_star_graph_phase_amplitude_heldout_low.yaml,embedded_session_existing_worker,same_run06_x8,1,0.056109283,0.056109283,0.002900988,0.055111347,0.000104964,3.472e-06,wrk_b2ccb97a931f03e6,29,plan_1e9bb43cfe444bbb,True,False,,embedded_session_existing_worker,0.056109283,
same_run06_x8_07_run06,/home/ubuntu/quantum-workload-architecture/workloads/manifests/imported/ovh_v2/06_star_graph_phase_amplitude_heldout_low.yaml,embedded_session_existing_worker,same_run06_x8,1,0.056372956,0.056372956,0.002824626,0.055461989,0.000103778,2.383e-06,wrk_b2ccb97a931f03e6,30,plan_1e9bb43cfe444bbb,True,False,,embedded_session_existing_worker,0.056372956,
same_run06_x8_08_run06,/home/ubuntu/quantum-workload-architecture/workloads/manifests/imported/ovh_v2/06_star_graph_phase_amplitude_heldout_low.yaml,embedded_session_existing_worker,same_run06_x8,1,0.055792452,0.055792452,0.003116802,0.05468297,0.000115232,3.162e-06,wrk_b2ccb97a931f03e6,31,plan_1e9bb43cfe444bbb,True,False,,embedded_session_existing_worker,0.055792452,
same_run08_x1_01_run08,/home/ubuntu/quantum-workload-architecture/workloads/manifests/imported/ovh_v2/08_parity_iqp_batched_heldout_medium.yaml,embedded_session_existing_worker,same_run08_x1,1,0.053780659,0.053780659,0.003126718,0.052742658,0.000179145,2.677e-06,wrk_b2ccb97a931f03e6,32,plan_7209297490c788dd,True,False,,embedded_session_existing_worker,0.053780659,
same_run08_x2_01_run08,/home/ubuntu/quantum-workload-architecture/workloads/manifests/imported/ovh_v2/08_parity_iqp_batched_heldout_medium.yaml,embedded_session_existing_worker,same_run08_x2,1,0.087038138,0.087038138,0.003946568,0.085599879,0.000288387,2.495e-06,wrk_b2ccb97a931f03e6,33,plan_7209297490c788dd,True,False,,embedded_session_existing_worker,0.087038138,
same_run08_x2_02_run08,/home/ubuntu/quantum-workload-architecture/workloads/manifests/imported/ovh_v2/08_parity_iqp_batched_heldout_medium.yaml,embedded_session_existing_worker,same_run08_x2,1,0.052813667,0.052813667,0.00293549,0.051827634,0.000110177,2.41e-06,wrk_b2ccb97a931f03e6,34,plan_7209297490c788dd,True,False,,embedded_session_existing_worker,0.052813667,
same_run08_x4_01_run08,/home/ubuntu/quantum-workload-architecture/workloads/manifests/imported/ovh_v2/08_parity_iqp_batched_heldout_medium.yaml,embedded_session_existing_worker,same_run08_x4,1,0.058166431,0.058166431,0.003131678,0.057097601,0.000198378,2.685e-06,wrk_b2ccb97a931f03e6,35,plan_7209297490c788dd,True,False,,embedded_session_existing_worker,0.058166431,
same_run08_x4_02_run08,/home/ubuntu/quantum-workload-architecture/workloads/manifests/imported/ovh_v2/08_parity_iqp_batched_heldout_medium.yaml,embedded_session_existing_worker,same_run08_x4,1,0.050941876,0.050941876,0.003029831,0.049661221,0.000122195,2.25e-06,wrk_b2ccb97a931f03e6,36,plan_7209297490c788dd,True,False,,embedded_session_existing_worker,0.050941876,
same_run08_x4_03_run08,/home/ubuntu/quantum-workload-architecture/workloads/manifests/imported/ovh_v2/08_parity_iqp_batched_heldout_medium.yaml,embedded_session_existing_worker,same_run08_x4,1,0.050424238,0.050424238,0.003414666,0.049098614,0.000102386,2.836e-06,wrk_b2ccb97a931f03e6,37,plan_7209297490c788dd,True,False,,embedded_session_existing_worker,0.050424238,
same_run08_x4_04_run08,/home/ubuntu/quantum-workload-architecture/workloads/manifests/imported/ovh_v2/08_parity_iqp_batched_heldout_medium.yaml,embedded_session_existing_worker,same_run08_x4,1,0.050702402,0.050702402,0.003033684,0.049483704,0.000128431,3.052e-06,wrk_b2ccb97a931f03e6,38,plan_7209297490c788dd,True,False,,embedded_session_existing_worker,0.050702402,
same_run08_x8_01_run08,/home/ubuntu/quantum-workload-architecture/workloads/manifests/imported/ovh_v2/08_parity_iqp_batched_heldout_medium.yaml,embedded_session_existing_worker,same_run08_x8,1,0.066721616,0.066721616,0.003087674,0.065684378,0.000195026,3.18e-06,wrk_b2ccb97a931f03e6,39,plan_7209297490c788dd,True,False,,embedded_session_existing_worker,0.066721616,
same_run08_x8_02_run08,/home/ubuntu/quantum-workload-architecture/workloads/manifests/imported/ovh_v2/08_parity_iqp_batched_heldout_medium.yaml,embedded_session_existing_worker,same_run08_x8,1,0.051491741,0.051491741,0.002601977,0.050690904,0.000113855,2.904e-06,wrk_b2ccb97a931f03e6,40,plan_7209297490c788dd,True,False,,embedded_session_existing_worker,0.051491741,
same_run08_x8_03_run08,/home/ubuntu/quantum-workload-architecture/workloads/manifests/imported/ovh_v2/08_parity_iqp_batched_heldout_medium.yaml,embedded_session_existing_worker,same_run08_x8,1,0.052575465,0.052575465,0.002806402,0.051713958,0.000140909,2.693e-06,wrk_b2ccb97a931f03e6,41,plan_7209297490c788dd,True,False,,embedded_session_existing_worker,0.052575465,
same_run08_x8_04_run08,/home/ubuntu/quantum-workload-architecture/workloads/manifests/imported/ovh_v2/08_parity_iqp_batched_heldout_medium.yaml,embedded_session_existing_worker,same_run08_x8,1,0.049791708,0.049791708,0.00263693,0.048858304,0.000103387,2.471e-06,wrk_b2ccb97a931f03e6,42,plan_7209297490c788dd,True,False,,embedded_session_existing_worker,0.049791708,
same_run08_x8_05_run08,/home/ubuntu/quantum-workload-architecture/workloads/manifests/imported/ovh_v2/08_parity_iqp_batched_heldout_medium.yaml,embedded_session_existing_worker,same_run08_x8,1,0.04992991,0.04992991,0.003077523,0.048604372,0.00010002,2.47e-06,wrk_b2ccb97a931f03e6,43,plan_7209297490c788dd,True,False,,embedded_session_existing_worker,0.04992991,
same_run08_x8_06_run08,/home/ubuntu/quantum-workload-architecture/workloads/manifests/imported/ovh_v2/08_parity_iqp_batched_heldout_medium.yaml,embedded_session_existing_worker,same_run08_x8,1,0.053411242,0.053411242,0.003536138,0.051823126,0.000109627,2.743e-06,wrk_b2ccb97a931f03e6,44,plan_7209297490c788dd,True,False,,embedded_session_existing_worker,0.053411242,
same_run08_x8_07_run08,/home/ubuntu/quantum-workload-architecture/workloads/manifests/imported/ovh_v2/08_parity_iqp_batched_heldout_medium.yaml,embedded_session_existing_worker,same_run08_x8,1,0.050586224,0.050586224,0.003123065,0.049266095,0.000119183,2.745e-06,wrk_b2ccb97a931f03e6,45,plan_7209297490c788dd,True,False,,embedded_session_existing_worker,0.050586224,
same_run08_x8_08_run08,/home/ubuntu/quantum-workload-architecture/workloads/manifests/imported/ovh_v2/08_parity_iqp_batched_heldout_medium.yaml,embedded_session_existing_worker,same_run08_x8,1,0.050805615,0.050805615,0.002874602,0.04971428,0.000110525,2.315e-06,wrk_b2ccb97a931f03e6,46,plan_7209297490c788dd,True,False,,embedded_session_existing_worker,0.050805615,
mixed_trio_x6_01_run01,/home/ubuntu/quantum-workload-architecture/workloads/manifests/imported/ovh_v2/01_real_dense_ring6_amplitude.yaml,embedded_session_existing_worker,mixed_trio_x6,1,0.059162521,0.059162521,0.003266562,0.057984422,0.000175204,2.596e-06,wrk_b2ccb97a931f03e6,47,plan_9681ead327789de4,True,False,,embedded_session_existing_worker,0.059162521,
mixed_trio_x6_02_run06,/home/ubuntu/quantum-workload-architecture/workloads/manifests/imported/ovh_v2/06_star_graph_phase_amplitude_heldout_low.yaml,embedded_session_existing_worker,mixed_trio_x6,1,0.055525421,0.055525421,0.002777591,0.05462943,0.000106786,2.322e-06,wrk_b2ccb97a931f03e6,48,plan_1e9bb43cfe444bbb,True,False,,embedded_session_existing_worker,0.055525421,
mixed_trio_x6_03_run08,/home/ubuntu/quantum-workload-architecture/workloads/manifests/imported/ovh_v2/08_parity_iqp_batched_heldout_medium.yaml,embedded_session_existing_worker,mixed_trio_x6,1,0.049173559,0.049173559,0.002529205,0.048398744,0.000104565,2.754e-06,wrk_b2ccb97a931f03e6,49,plan_7209297490c788dd,True,False,,embedded_session_existing_worker,0.049173559,
mixed_trio_x6_04_run01,/home/ubuntu/quantum-workload-architecture/workloads/manifests/imported/ovh_v2/01_real_dense_ring6_amplitude.yaml,embedded_session_existing_worker,mixed_trio_x6,1,0.051346761,0.051346761,0.002794076,0.050380396,0.000100728,2.568e-06,wrk_b2ccb97a931f03e6,50,plan_9681ead327789de4,True,False,,embedded_session_existing_worker,0.051346761,
mixed_trio_x6_05_run06,/home/ubuntu/quantum-workload-architecture/workloads/manifests/imported/ovh_v2/06_star_graph_phase_amplitude_heldout_low.yaml,embedded_session_existing_worker,mixed_trio_x6,1,0.055686914,0.055686914,0.003191318,0.054423621,0.000117309,2.715e-06,wrk_b2ccb97a931f03e6,51,plan_1e9bb43cfe444bbb,True,False,,embedded_session_existing_worker,0.055686914,
mixed_trio_x6_06_run08,/home/ubuntu/quantum-workload-architecture/workloads/manifests/imported/ovh_v2/08_parity_iqp_batched_heldout_medium.yaml,embedded_session_existing_worker,mixed_trio_x6,1,0.050872471,0.050872471,0.004214705,0.049585553,0.000104391,2.386e-06,wrk_b2ccb97a931f03e6,52,plan_7209297490c788dd,True,False,,embedded_session_existing_worker,0.050872471,
same_run01_x1_01_run01,/home/ubuntu/quantum-workload-architecture/workloads/manifests/imported/ovh_v2/01_real_dense_ring6_amplitude.yaml,embedded_session_existing_worker,same_run01_x1,2,0.068742416,0.068742416,0.003580693,0.067400214,0.00017557,2.411e-06,wrk_b2ccb97a931f03e6,53,plan_9681ead327789de4,True,False,,embedded_session_existing_worker,0.068742416,
same_run01_x2_01_run01,/home/ubuntu/quantum-workload-architecture/workloads/manifests/imported/ovh_v2/01_real_dense_ring6_amplitude.yaml,embedded_session_existing_worker,same_run01_x2,2,0.080631298,0.080631298,0.003806957,0.079141999,0.000237065,2.571e-06,wrk_b2ccb97a931f03e6,54,plan_9681ead327789de4,True,False,,embedded_session_existing_worker,0.080631298,
same_run01_x2_02_run01,/home/ubuntu/quantum-workload-architecture/workloads/manifests/imported/ovh_v2/01_real_dense_ring6_amplitude.yaml,embedded_session_existing_worker,same_run01_x2,2,0.068447708,0.068447708,0.0034467,0.067201755,0.000222837,2.566e-06,wrk_b2ccb97a931f03e6,55,plan_9681ead327789de4,True,False,,embedded_session_existing_worker,0.068447708,
same_run01_x4_01_run01,/home/ubuntu/quantum-workload-architecture/workloads/manifests/imported/ovh_v2/01_real_dense_ring6_amplitude.yaml,embedded_session_existing_worker,same_run01_x4,2,0.083948911,0.083948911,0.00532558,0.081659487,0.000392603,2.977e-06,wrk_b2ccb97a931f03e6,56,plan_9681ead327789de4,True,False,,embedded_session_existing_worker,0.083948911,
same_run01_x4_02_run01,/home/ubuntu/quantum-workload-architecture/workloads/manifests/imported/ovh_v2/01_real_dense_ring6_amplitude.yaml,embedded_session_existing_worker,same_run01_x4,2,0.052228408,0.052228408,0.003050569,0.051194212,0.000142773,2.422e-06,wrk_b2ccb97a931f03e6,57,plan_9681ead327789de4,True,False,,embedded_session_existing_worker,0.052228408,
same_run01_x4_03_run01,/home/ubuntu/quantum-workload-architecture/workloads/manifests/imported/ovh_v2/01_real_dense_ring6_amplitude.yaml,embedded_session_existing_worker,same_run01_x4,2,0.095275234,0.095275234,0.003825144,0.093857504,0.000258634,2.673e-06,wrk_b2ccb97a931f03e6,58,plan_9681ead327789de4,True,False,,embedded_session_existing_worker,0.095275234,
same_run01_x4_04_run01,/home/ubuntu/quantum-workload-architecture/workloads/manifests/imported/ovh_v2/01_real_dense_ring6_amplitude.yaml,embedded_session_existing_worker,same_run01_x4,2,0.053642133,0.053642133,0.003162808,0.052425838,0.000114597,2.854e-06,wrk_b2ccb97a931f03e6,59,plan_9681ead327789de4,True,False,,embedded_session_existing_worker,0.053642133,
same_run01_x8_01_run01,/home/ubuntu/quantum-workload-architecture/workloads/manifests/imported/ovh_v2/01_real_dense_ring6_amplitude.yaml,embedded_session_existing_worker,same_run01_x8,2,0.055386602,0.055386602,0.00336738,0.054097139,0.000168853,2.504e-06,wrk_b2ccb97a931f03e6,60,plan_9681ead327789de4,True,False,,embedded_session_existing_worker,0.055386602,
same_run01_x8_02_run01,/home/ubuntu/quantum-workload-architecture/workloads/manifests/imported/ovh_v2/01_real_dense_ring6_amplitude.yaml,embedded_session_existing_worker,same_run01_x8,2,0.052739846,0.052739846,0.003303934,0.051426484,0.00011851,2.773e-06,wrk_b2ccb97a931f03e6,61,plan_9681ead327789de4,True,False,,embedded_session_existing_worker,0.052739846,
same_run01_x8_03_run01,/home/ubuntu/quantum-workload-architecture/workloads/manifests/imported/ovh_v2/01_real_dense_ring6_amplitude.yaml,embedded_session_existing_worker,same_run01_x8,2,0.052676494,0.052676494,0.003323271,0.05130718,0.000126051,2.454e-06,wrk_b2ccb97a931f03e6,62,plan_9681ead327789de4,True,False,,embedded_session_existing_worker,0.052676494,
same_run01_x8_04_run01,/home/ubuntu/quantum-workload-architecture/workloads/manifests/imported/ovh_v2/01_real_dense_ring6_amplitude.yaml,embedded_session_existing_worker,same_run01_x8,2,0.053283792,0.053283792,0.00332062,0.051910194,0.00012221,2.92e-06,wrk_b2ccb97a931f03e6,63,plan_9681ead327789de4,True,False,,embedded_session_existing_worker,0.053283792,
same_run01_x8_05_run01,/home/ubuntu/quantum-workload-architecture/workloads/manifests/imported/ovh_v2/01_real_dense_ring6_amplitude.yaml,embedded_session_existing_worker,same_run01_x8,2,0.053212877,0.053212877,0.003269121,0.051876782,0.000110525,2.268e-06,wrk_b2ccb97a931f03e6,64,plan_9681ead327789de4,True,False,,embedded_session_existing_worker,0.053212877,
same_run01_x8_06_run01,/home/ubuntu/quantum-workload-architecture/workloads/manifests/imported/ovh_v2/01_real_dense_ring6_amplitude.yaml,embedded_session_existing_worker,same_run01_x8,2,0.053658856,0.053658856,0.003609007,0.052376969,0.000109317,2.338e-06,wrk_b2ccb97a931f03e6,65,plan_9681ead327789de4,True,False,,embedded_session_existing_worker,0.053658856,
same_run01_x8_07_run01,/home/ubuntu/quantum-workload-architecture/workloads/manifests/imported/ovh_v2/01_real_dense_ring6_amplitude.yaml,embedded_session_existing_worker,same_run01_x8,2,0.053063534,0.053063534,0.00338305,0.051651124,0.000115759,2.479e-06,wrk_b2ccb97a931f03e6,66,plan_9681ead327789de4,True,False,,embedded_session_existing_worker,0.053063534,
same_run01_x8_08_run01,/home/ubuntu/quantum-workload-architecture/workloads/manifests/imported/ovh_v2/01_real_dense_ring6_amplitude.yaml,embedded_session_existing_worker,same_run01_x8,2,0.053937396,0.053937396,0.003435283,0.052478049,0.000136195,2.927e-06,wrk_b2ccb97a931f03e6,67,plan_9681ead327789de4,True,False,,embedded_session_existing_worker,0.053937396,
same_run06_x1_01_run06,/home/ubuntu/quantum-workload-architecture/workloads/manifests/imported/ovh_v2/06_star_graph_phase_amplitude_heldout_low.yaml,embedded_session_existing_worker,same_run06_x1,2,0.092670563,0.092670563,0.004248328,0.090950511,0.000314806,2.486e-06,wrk_b2ccb97a931f03e6,68,plan_1e9bb43cfe444bbb,True,False,,embedded_session_existing_worker,0.092670563,
same_run06_x2_01_run06,/home/ubuntu/quantum-workload-architecture/workloads/manifests/imported/ovh_v2/06_star_graph_phase_amplitude_heldout_low.yaml,embedded_session_existing_worker,same_run06_x2,2,0.091257182,0.091257182,0.004146968,0.089646399,0.000307059,2.857e-06,wrk_b2ccb97a931f03e6,69,plan_1e9bb43cfe444bbb,True,False,,embedded_session_existing_worker,0.091257182,
same_run06_x2_02_run06,/home/ubuntu/quantum-workload-architecture/workloads/manifests/imported/ovh_v2/06_star_graph_phase_amplitude_heldout_low.yaml,embedded_session_existing_worker,same_run06_x2,2,0.05728375,0.05728375,0.003523702,0.055819543,0.000114727,2.629e-06,wrk_b2ccb97a931f03e6,70,plan_1e9bb43cfe444bbb,True,False,,embedded_session_existing_worker,0.05728375,
same_run06_x4_01_run06,/home/ubuntu/quantum-workload-architecture/workloads/manifests/imported/ovh_v2/06_star_graph_phase_amplitude_heldout_low.yaml,embedded_session_existing_worker,same_run06_x4,2,0.083362862,0.083362862,0.004476428,0.081427075,0.000306325,2.487e-06,wrk_b2ccb97a931f03e6,71,plan_1e9bb43cfe444bbb,True,False,,embedded_session_existing_worker,0.083362862,
same_run06_x4_02_run06,/home/ubuntu/quantum-workload-architecture/workloads/manifests/imported/ovh_v2/06_star_graph_phase_amplitude_heldout_low.yaml,embedded_session_existing_worker,same_run06_x4,2,0.057011386,0.057011386,0.003292044,0.055703998,0.000123276,2.498e-06,wrk_b2ccb97a931f03e6,72,plan_1e9bb43cfe444bbb,True,False,,embedded_session_existing_worker,0.057011386,
same_run06_x4_03_run06,/home/ubuntu/quantum-workload-architecture/workloads/manifests/imported/ovh_v2/06_star_graph_phase_amplitude_heldout_low.yaml,embedded_session_existing_worker,same_run06_x4,2,0.055973661,0.055973661,0.003279766,0.054634381,0.000109472,2.674e-06,wrk_b2ccb97a931f03e6,73,plan_1e9bb43cfe444bbb,True,False,,embedded_session_existing_worker,0.055973661,
same_run06_x4_04_run06,/home/ubuntu/quantum-workload-architecture/workloads/manifests/imported/ovh_v2/06_star_graph_phase_amplitude_heldout_low.yaml,embedded_session_existing_worker,same_run06_x4,2,0.056956294,0.056956294,0.003480356,0.055504304,0.000140896,2.526e-06,wrk_b2ccb97a931f03e6,74,plan_1e9bb43cfe444bbb,True,False,,embedded_session_existing_worker,0.056956294,
same_run06_x8_01_run06,/home/ubuntu/quantum-workload-architecture/workloads/manifests/imported/ovh_v2/06_star_graph_phase_amplitude_heldout_low.yaml,embedded_session_existing_worker,same_run06_x8,2,0.095489612,0.095489612,0.004430547,0.09365035,0.000285404,2.629e-06,wrk_b2ccb97a931f03e6,75,plan_1e9bb43cfe444bbb,True,False,,embedded_session_existing_worker,0.095489612,
same_run06_x8_02_run06,/home/ubuntu/quantum-workload-architecture/workloads/manifests/imported/ovh_v2/06_star_graph_phase_amplitude_heldout_low.yaml,embedded_session_existing_worker,same_run06_x8,2,0.057111002,0.057111002,0.003338651,0.055744214,0.000114195,2.449e-06,wrk_b2ccb97a931f03e6,76,plan_1e9bb43cfe444bbb,True,False,,embedded_session_existing_worker,0.057111002,
same_run06_x8_03_run06,/home/ubuntu/quantum-workload-architecture/workloads/manifests/imported/ovh_v2/06_star_graph_phase_amplitude_heldout_low.yaml,embedded_session_existing_worker,same_run06_x8,2,0.056072611,0.056072611,0.003358581,0.054734834,0.000109802,2.606e-06,wrk_b2ccb97a931f03e6,77,plan_1e9bb43cfe444bbb,True,False,,embedded_session_existing_worker,0.056072611,
same_run06_x8_04_run06,/home/ubuntu/quantum-workload-architecture/workloads/manifests/imported/ovh_v2/06_star_graph_phase_amplitude_heldout_low.yaml,embedded_session_existing_worker,same_run06_x8,2,0.056306643,0.056306643,0.00334541,0.055040206,0.000137901,2.459e-06,wrk_b2ccb97a931f03e6,78,plan_1e9bb43cfe444bbb,True,False,,embedded_session_existing_worker,0.056306643,
same_run06_x8_05_run06,/home/ubuntu/quantum-workload-architecture/workloads/manifests/imported/ovh_v2/06_star_graph_phase_amplitude_heldout_low.yaml,embedded_session_existing_worker,same_run06_x8,2,0.056168952,0.056168952,0.002875367,0.055316956,0.000115425,2.397e-06,wrk_b2ccb97a931f03e6,79,plan_1e9bb43cfe444bbb,True,False,,embedded_session_existing_worker,0.056168952,
same_run06_x8_06_run06,/home/ubuntu/quantum-workload-architecture/workloads/manifests/imported/ovh_v2/06_star_graph_phase_amplitude_heldout_low.yaml,embedded_session_existing_worker,same_run06_x8,2,0.055799305,0.055799305,0.002823678,0.054924576,0.000101246,2.452e-06,wrk_b2ccb97a931f03e6,80,plan_1e9bb43cfe444bbb,True,False,,embedded_session_existing_worker,0.055799305,
same_run06_x8_07_run06,/home/ubuntu/quantum-workload-architecture/workloads/manifests/imported/ovh_v2/06_star_graph_phase_amplitude_heldout_low.yaml,embedded_session_existing_worker,same_run06_x8,2,0.055793707,0.055793707,0.00291976,0.054928025,0.000103576,2.611e-06,wrk_b2ccb97a931f03e6,81,plan_1e9bb43cfe444bbb,True,False,,embedded_session_existing_worker,0.055793707,
same_run06_x8_08_run06,/home/ubuntu/quantum-workload-architecture/workloads/manifests/imported/ovh_v2/06_star_graph_phase_amplitude_heldout_low.yaml,embedded_session_existing_worker,same_run06_x8,2,0.055191607,0.055191607,0.002841761,0.054363143,9.9561e-05,2.705e-06,wrk_b2ccb97a931f03e6,82,plan_1e9bb43cfe444bbb,True,False,,embedded_session_existing_worker,0.055191607,
same_run08_x1_01_run08,/home/ubuntu/quantum-workload-architecture/workloads/manifests/imported/ovh_v2/08_parity_iqp_batched_heldout_medium.yaml,embedded_session_existing_worker,same_run08_x1,2,0.066511421,0.066511421,0.003351054,0.065227194,0.000186988,2.575e-06,wrk_b2ccb97a931f03e6,83,plan_7209297490c788dd,True,False,,embedded_session_existing_worker,0.066511421,
same_run08_x2_01_run08,/home/ubuntu/quantum-workload-architecture/workloads/manifests/imported/ovh_v2/08_parity_iqp_batched_heldout_medium.yaml,embedded_session_existing_worker,same_run08_x2,2,0.069660852,0.069660852,0.003677566,0.068240513,0.000245765,2.481e-06,wrk_b2ccb97a931f03e6,84,plan_7209297490c788dd,True,False,,embedded_session_existing_worker,0.069660852,
same_run08_x2_02_run08,/home/ubuntu/quantum-workload-architecture/workloads/manifests/imported/ovh_v2/08_parity_iqp_batched_heldout_medium.yaml,embedded_session_existing_worker,same_run08_x2,2,0.050597973,0.050597973,0.002963136,0.049508276,0.000104766,2.517e-06,wrk_b2ccb97a931f03e6,85,plan_7209297490c788dd,True,False,,embedded_session_existing_worker,0.050597973,
same_run08_x4_01_run08,/home/ubuntu/quantum-workload-architecture/workloads/manifests/imported/ovh_v2/08_parity_iqp_batched_heldout_medium.yaml,embedded_session_existing_worker,same_run08_x4,2,0.077907685,0.077907685,0.004791945,0.075740631,0.000280417,2.778e-06,wrk_b2ccb97a931f03e6,86,plan_7209297490c788dd,True,False,,embedded_session_existing_worker,0.077907685,
same_run08_x4_02_run08,/home/ubuntu/quantum-workload-architecture/workloads/manifests/imported/ovh_v2/08_parity_iqp_batched_heldout_medium.yaml,embedded_session_existing_worker,same_run08_x4,2,0.05128074,0.05128074,0.003227088,0.049925882,0.000127053,2.752e-06,wrk_b2ccb97a931f03e6,87,plan_7209297490c788dd,True,False,,embedded_session_existing_worker,0.05128074,
same_run08_x4_03_run08,/home/ubuntu/quantum-workload-architecture/workloads/manifests/imported/ovh_v2/08_parity_iqp_batched_heldout_medium.yaml,embedded_session_existing_worker,same_run08_x4,2,0.051178483,0.051178483,0.003326628,0.04970055,0.00012602,2.399e-06,wrk_b2ccb97a931f03e6,88,plan_7209297490c788dd,True,False,,embedded_session_existing_worker,0.051178483,
same_run08_x4_04_run08,/home/ubuntu/quantum-workload-architecture/workloads/manifests/imported/ovh_v2/08_parity_iqp_batched_heldout_medium.yaml,embedded_session_existing_worker,same_run08_x4,2,0.050857476,0.050857476,0.003216363,0.04947236,0.000108644,2.437e-06,wrk_b2ccb97a931f03e6,89,plan_7209297490c788dd,True,False,,embedded_session_existing_worker,0.050857476,
same_run08_x8_01_run08,/home/ubuntu/quantum-workload-architecture/workloads/manifests/imported/ovh_v2/08_parity_iqp_batched_heldout_medium.yaml,embedded_session_existing_worker,same_run08_x8,2,0.074443904,0.074443904,0.004205122,0.07274119,0.000336422,2.841e-06,wrk_b2ccb97a931f03e6,90,plan_7209297490c788dd,True,False,,embedded_session_existing_worker,0.074443904,
same_run08_x8_02_run08,/home/ubuntu/quantum-workload-architecture/workloads/manifests/imported/ovh_v2/08_parity_iqp_batched_heldout_medium.yaml,embedded_session_existing_worker,same_run08_x8,2,0.093538183,0.093538183,0.003830787,0.09210789,0.000298133,2.534e-06,wrk_b2ccb97a931f03e6,91,plan_7209297490c788dd,True,False,,embedded_session_existing_worker,0.093538183,
same_run08_x8_03_run08,/home/ubuntu/quantum-workload-architecture/workloads/manifests/imported/ovh_v2/08_parity_iqp_batched_heldout_medium.yaml,embedded_session_existing_worker,same_run08_x8,2,0.05312033,0.05312033,0.003262413,0.051716828,0.000155194,2.335e-06,wrk_b2ccb97a931f03e6,92,plan_7209297490c788dd,True,False,,embedded_session_existing_worker,0.05312033,
same_run08_x8_04_run08,/home/ubuntu/quantum-workload-architecture/workloads/manifests/imported/ovh_v2/08_parity_iqp_batched_heldout_medium.yaml,embedded_session_existing_worker,same_run08_x8,2,0.051105835,0.051105835,0.003155427,0.049777468,0.000108028,1.584e-05,wrk_b2ccb97a931f03e6,93,plan_7209297490c788dd,True,False,,embedded_session_existing_worker,0.051105835,
same_run08_x8_05_run08,/home/ubuntu/quantum-workload-architecture/workloads/manifests/imported/ovh_v2/08_parity_iqp_batched_heldout_medium.yaml,embedded_session_existing_worker,same_run08_x8,2,0.051613963,0.051613963,0.003362814,0.050144384,0.000127226,2.548e-06,wrk_b2ccb97a931f03e6,94,plan_7209297490c788dd,True,False,,embedded_session_existing_worker,0.051613963,
same_run08_x8_06_run08,/home/ubuntu/quantum-workload-architecture/workloads/manifests/imported/ovh_v2/08_parity_iqp_batched_heldout_medium.yaml,embedded_session_existing_worker,same_run08_x8,2,0.050973401,0.050973401,0.003140435,0.049845543,0.000107858,3.061e-06,wrk_b2ccb97a931f03e6,95,plan_7209297490c788dd,True,False,,embedded_session_existing_worker,0.050973401,
same_run08_x8_07_run08,/home/ubuntu/quantum-workload-architecture/workloads/manifests/imported/ovh_v2/08_parity_iqp_batched_heldout_medium.yaml,embedded_session_existing_worker,same_run08_x8,2,0.051004549,0.051004549,0.002964123,0.049882023,0.000100292,2.35e-06,wrk_b2ccb97a931f03e6,96,plan_7209297490c788dd,True,False,,embedded_session_existing_worker,0.051004549,
same_run08_x8_08_run08,/home/ubuntu/quantum-workload-architecture/workloads/manifests/imported/ovh_v2/08_parity_iqp_batched_heldout_medium.yaml,embedded_session_existing_worker,same_run08_x8,2,0.051989373,0.051989373,0.003153337,0.050752836,0.000109223,2.467e-06,wrk_b2ccb97a931f03e6,97,plan_7209297490c788dd,True,False,,embedded_session_existing_worker,0.051989373,
mixed_trio_x6_01_run01,/home/ubuntu/quantum-workload-architecture/workloads/manifests/imported/ovh_v2/01_real_dense_ring6_amplitude.yaml,embedded_session_existing_worker,mixed_trio_x6,2,0.090236107,0.090236107,0.004423564,0.088343701,0.000324869,3.214e-06,wrk_b2ccb97a931f03e6,98,plan_9681ead327789de4,True,False,,embedded_session_existing_worker,0.090236107,
mixed_trio_x6_02_run06,/home/ubuntu/quantum-workload-architecture/workloads/manifests/imported/ovh_v2/06_star_graph_phase_amplitude_heldout_low.yaml,embedded_session_existing_worker,mixed_trio_x6,2,0.056607102,0.056607102,0.003427275,0.055198461,0.000128477,2.7e-06,wrk_b2ccb97a931f03e6,99,plan_1e9bb43cfe444bbb,True,False,,embedded_session_existing_worker,0.056607102,
mixed_trio_x6_03_run08,/home/ubuntu/quantum-workload-architecture/workloads/manifests/imported/ovh_v2/08_parity_iqp_batched_heldout_medium.yaml,embedded_session_existing_worker,mixed_trio_x6,2,0.050292887,0.050292887,0.003224977,0.04895675,0.000107691,2.731e-06,wrk_b2ccb97a931f03e6,100,plan_7209297490c788dd,True,False,,embedded_session_existing_worker,0.050292887,
mixed_trio_x6_04_run01,/home/ubuntu/quantum-workload-architecture/workloads/manifests/imported/ovh_v2/01_real_dense_ring6_amplitude.yaml,embedded_session_existing_worker,mixed_trio_x6,2,0.052660709,0.052660709,0.003286735,0.0512646,0.000113779,2.398e-06,wrk_b2ccb97a931f03e6,101,plan_9681ead327789de4,True,False,,embedded_session_existing_worker,0.052660709,
mixed_trio_x6_05_run06,/home/ubuntu/quantum-workload-architecture/workloads/manifests/imported/ovh_v2/06_star_graph_phase_amplitude_heldout_low.yaml,embedded_session_existing_worker,mixed_trio_x6,2,0.055688743,0.055688743,0.003342136,0.054257269,0.000112074,2.538e-06,wrk_b2ccb97a931f03e6,102,plan_1e9bb43cfe444bbb,True,False,,embedded_session_existing_worker,0.055688743,
mixed_trio_x6_06_run08,/home/ubuntu/quantum-workload-architecture/workloads/manifests/imported/ovh_v2/08_parity_iqp_batched_heldout_medium.yaml,embedded_session_existing_worker,mixed_trio_x6,2,0.053028602,0.053028602,0.003394857,0.051597526,0.000125868,2.503e-06,wrk_b2ccb97a931f03e6,103,plan_7209297490c788dd,True,False,,embedded_session_existing_worker,0.053028602,
same_run01_x1_01_run01,/home/ubuntu/quantum-workload-architecture/workloads/manifests/imported/ovh_v2/01_real_dense_ring6_amplitude.yaml,embedded_session_existing_worker,same_run01_x1,3,0.080889633,0.080889633,0.004190914,0.079099955,0.000306248,3.032e-06,wrk_b2ccb97a931f03e6,104,plan_9681ead327789de4,True,False,,embedded_session_existing_worker,0.080889633,
same_run01_x2_01_run01,/home/ubuntu/quantum-workload-architecture/workloads/manifests/imported/ovh_v2/01_real_dense_ring6_amplitude.yaml,embedded_session_existing_worker,same_run01_x2,3,0.095435807,0.095435807,0.004619191,0.093504354,0.000385489,2.585e-06,wrk_b2ccb97a931f03e6,105,plan_9681ead327789de4,True,False,,embedded_session_existing_worker,0.095435807,
same_run01_x2_02_run01,/home/ubuntu/quantum-workload-architecture/workloads/manifests/imported/ovh_v2/01_real_dense_ring6_amplitude.yaml,embedded_session_existing_worker,same_run01_x2,3,0.054971742,0.054971742,0.003287249,0.053591498,0.000120464,2.686e-06,wrk_b2ccb97a931f03e6,106,plan_9681ead327789de4,True,False,,embedded_session_existing_worker,0.054971742,
same_run01_x4_01_run01,/home/ubuntu/quantum-workload-architecture/workloads/manifests/imported/ovh_v2/01_real_dense_ring6_amplitude.yaml,embedded_session_existing_worker,same_run01_x4,3,0.091110835,0.091110835,0.004374027,0.089324177,0.000306375,2.842e-06,wrk_b2ccb97a931f03e6,107,plan_9681ead327789de4,True,False,,embedded_session_existing_worker,0.091110835,
same_run01_x4_02_run01,/home/ubuntu/quantum-workload-architecture/workloads/manifests/imported/ovh_v2/01_real_dense_ring6_amplitude.yaml,embedded_session_existing_worker,same_run01_x4,3,0.053031801,0.053031801,0.003335952,0.051676123,0.000116288,2.491e-06,wrk_b2ccb97a931f03e6,108,plan_9681ead327789de4,True,False,,embedded_session_existing_worker,0.053031801,
same_run01_x4_03_run01,/home/ubuntu/quantum-workload-architecture/workloads/manifests/imported/ovh_v2/01_real_dense_ring6_amplitude.yaml,embedded_session_existing_worker,same_run01_x4,3,0.053681476,0.053681476,0.003384617,0.052342278,0.000110717,2.474e-06,wrk_b2ccb97a931f03e6,109,plan_9681ead327789de4,True,False,,embedded_session_existing_worker,0.053681476,
same_run01_x4_04_run01,/home/ubuntu/quantum-workload-architecture/workloads/manifests/imported/ovh_v2/01_real_dense_ring6_amplitude.yaml,embedded_session_existing_worker,same_run01_x4,3,0.05188622,0.05188622,0.003343218,0.050470608,0.000123978,3.024e-06,wrk_b2ccb97a931f03e6,110,plan_9681ead327789de4,True,False,,embedded_session_existing_worker,0.05188622,
same_run01_x8_01_run01,/home/ubuntu/quantum-workload-architecture/workloads/manifests/imported/ovh_v2/01_real_dense_ring6_amplitude.yaml,embedded_session_existing_worker,same_run01_x8,3,0.075022059,0.075022059,0.004469889,0.073216235,0.000344633,2.954e-06,wrk_b2ccb97a931f03e6,111,plan_9681ead327789de4,True,False,,embedded_session_existing_worker,0.075022059,
same_run01_x8_02_run01,/home/ubuntu/quantum-workload-architecture/workloads/manifests/imported/ovh_v2/01_real_dense_ring6_amplitude.yaml,embedded_session_existing_worker,same_run01_x8,3,0.054338174,0.054338174,0.003495159,0.052880168,0.00014763,2.625e-06,wrk_b2ccb97a931f03e6,112,plan_9681ead327789de4,True,False,,embedded_session_existing_worker,0.054338174,
same_run01_x8_03_run01,/home/ubuntu/quantum-workload-architecture/workloads/manifests/imported/ovh_v2/01_real_dense_ring6_amplitude.yaml,embedded_session_existing_worker,same_run01_x8,3,0.053333739,0.053333739,0.003378638,0.051942693,0.000132958,2.648e-06,wrk_b2ccb97a931f03e6,113,plan_9681ead327789de4,True,False,,embedded_session_existing_worker,0.053333739,
same_run01_x8_04_run01,/home/ubuntu/quantum-workload-architecture/workloads/manifests/imported/ovh_v2/01_real_dense_ring6_amplitude.yaml,embedded_session_existing_worker,same_run01_x8,3,0.052779213,0.052779213,0.003270913,0.051432258,0.000112771,2.626e-06,wrk_b2ccb97a931f03e6,114,plan_9681ead327789de4,True,False,,embedded_session_existing_worker,0.052779213,
same_run01_x8_05_run01,/home/ubuntu/quantum-workload-architecture/workloads/manifests/imported/ovh_v2/01_real_dense_ring6_amplitude.yaml,embedded_session_existing_worker,same_run01_x8,3,0.054769547,0.054769547,0.003640223,0.053332201,0.000119411,2.479e-06,wrk_b2ccb97a931f03e6,115,plan_9681ead327789de4,True,False,,embedded_session_existing_worker,0.054769547,
same_run01_x8_06_run01,/home/ubuntu/quantum-workload-architecture/workloads/manifests/imported/ovh_v2/01_real_dense_ring6_amplitude.yaml,embedded_session_existing_worker,same_run01_x8,3,0.054997477,0.054997477,0.003421762,0.053650202,0.000129014,2.644e-06,wrk_b2ccb97a931f03e6,116,plan_9681ead327789de4,True,False,,embedded_session_existing_worker,0.054997477,
same_run01_x8_07_run01,/home/ubuntu/quantum-workload-architecture/workloads/manifests/imported/ovh_v2/01_real_dense_ring6_amplitude.yaml,embedded_session_existing_worker,same_run01_x8,3,0.052677741,0.052677741,0.003244989,0.051375639,0.000117401,2.571e-06,wrk_b2ccb97a931f03e6,117,plan_9681ead327789de4,True,False,,embedded_session_existing_worker,0.052677741,
same_run01_x8_08_run01,/home/ubuntu/quantum-workload-architecture/workloads/manifests/imported/ovh_v2/01_real_dense_ring6_amplitude.yaml,embedded_session_existing_worker,same_run01_x8,3,0.052205365,0.052205365,0.003011745,0.051082653,0.00011653,2.848e-06,wrk_b2ccb97a931f03e6,118,plan_9681ead327789de4,True,False,,embedded_session_existing_worker,0.052205365,
same_run06_x1_01_run06,/home/ubuntu/quantum-workload-architecture/workloads/manifests/imported/ovh_v2/06_star_graph_phase_amplitude_heldout_low.yaml,embedded_session_existing_worker,same_run06_x1,3,0.080071439,0.080071439,0.004034731,0.078489739,0.000280556,2.608e-06,wrk_b2ccb97a931f03e6,119,plan_1e9bb43cfe444bbb,True,False,,embedded_session_existing_worker,0.080071439,
same_run06_x2_01_run06,/home/ubuntu/quantum-workload-architecture/workloads/manifests/imported/ovh_v2/06_star_graph_phase_amplitude_heldout_low.yaml,embedded_session_existing_worker,same_run06_x2,3,0.079137644,0.079137644,0.003779329,0.077758021,0.000217705,2.585e-06,wrk_b2ccb97a931f03e6,120,plan_1e9bb43cfe444bbb,True,False,,embedded_session_existing_worker,0.079137644,
same_run06_x2_02_run06,/home/ubuntu/quantum-workload-architecture/workloads/manifests/imported/ovh_v2/06_star_graph_phase_amplitude_heldout_low.yaml,embedded_session_existing_worker,same_run06_x2,3,0.068380376,0.068380376,0.003797683,0.067107671,0.000298027,2.623e-06,wrk_b2ccb97a931f03e6,121,plan_1e9bb43cfe444bbb,True,False,,embedded_session_existing_worker,0.068380376,
same_run06_x4_01_run06,/home/ubuntu/quantum-workload-architecture/workloads/manifests/imported/ovh_v2/06_star_graph_phase_amplitude_heldout_low.yaml,embedded_session_existing_worker,same_run06_x4,3,0.092320798,0.092320798,0.004230882,0.090607825,0.000283453,2.524e-06,wrk_b2ccb97a931f03e6,122,plan_1e9bb43cfe444bbb,True,False,,embedded_session_existing_worker,0.092320798,
same_run06_x4_02_run06,/home/ubuntu/quantum-workload-architecture/workloads/manifests/imported/ovh_v2/06_star_graph_phase_amplitude_heldout_low.yaml,embedded_session_existing_worker,same_run06_x4,3,0.056249278,0.056249278,0.003538788,0.054684154,0.000149903,2.771e-06,wrk_b2ccb97a931f03e6,123,plan_1e9bb43cfe444bbb,True,False,,embedded_session_existing_worker,0.056249278,
same_run06_x4_03_run06,/home/ubuntu/quantum-workload-architecture/workloads/manifests/imported/ovh_v2/06_star_graph_phase_amplitude_heldout_low.yaml,embedded_session_existing_worker,same_run06_x4,3,0.055765027,0.055765027,0.003231515,0.054482558,0.000110987,2.382e-06,wrk_b2ccb97a931f03e6,124,plan_1e9bb43cfe444bbb,True,False,,embedded_session_existing_worker,0.055765027,
same_run06_x4_04_run06,/home/ubuntu/quantum-workload-architecture/workloads/manifests/imported/ovh_v2/06_star_graph_phase_amplitude_heldout_low.yaml,embedded_session_existing_worker,same_run06_x4,3,0.055497399,0.055497399,0.003215589,0.054206357,0.000105824,2.549e-06,wrk_b2ccb97a931f03e6,125,plan_1e9bb43cfe444bbb,True,False,,embedded_session_existing_worker,0.055497399,
same_run06_x8_01_run06,/home/ubuntu/quantum-workload-architecture/workloads/manifests/imported/ovh_v2/06_star_graph_phase_amplitude_heldout_low.yaml,embedded_session_existing_worker,same_run06_x8,3,0.094657608,0.094657608,0.00432056,0.092959067,0.000290926,2.379e-06,wrk_b2ccb97a931f03e6,126,plan_1e9bb43cfe444bbb,True,False,,embedded_session_existing_worker,0.094657608,
same_run06_x8_02_run06,/home/ubuntu/quantum-workload-architecture/workloads/manifests/imported/ovh_v2/06_star_graph_phase_amplitude_heldout_low.yaml,embedded_session_existing_worker,same_run06_x8,3,0.056473532,0.056473532,0.003409066,0.055003503,0.000113406,2.558e-06,wrk_b2ccb97a931f03e6,127,plan_1e9bb43cfe444bbb,True,False,,embedded_session_existing_worker,0.056473532,
same_run06_x8_03_run06,/home/ubuntu/quantum-workload-architecture/workloads/manifests/imported/ovh_v2/06_star_graph_phase_amplitude_heldout_low.yaml,embedded_session_existing_worker,same_run06_x8,3,0.05620307,0.05620307,0.003371174,0.054837243,0.000118198,2.505e-06,wrk_b2ccb97a931f03e6,128,plan_1e9bb43cfe444bbb,True,False,,embedded_session_existing_worker,0.05620307,
same_run06_x8_04_run06,/home/ubuntu/quantum-workload-architecture/workloads/manifests/imported/ovh_v2/06_star_graph_phase_amplitude_heldout_low.yaml,embedded_session_existing_worker,same_run06_x8,3,0.056188174,0.056188174,0.003296126,0.054844816,0.000108285,2.59e-06,wrk_b2ccb97a931f03e6,129,plan_1e9bb43cfe444bbb,True,False,,embedded_session_existing_worker,0.056188174,
same_run06_x8_05_run06,/home/ubuntu/quantum-workload-architecture/workloads/manifests/imported/ovh_v2/06_star_graph_phase_amplitude_heldout_low.yaml,embedded_session_existing_worker,same_run06_x8,3,0.056292314,0.056292314,0.003371741,0.054866502,0.000133768,2.415e-06,wrk_b2ccb97a931f03e6,130,plan_1e9bb43cfe444bbb,True,False,,embedded_session_existing_worker,0.056292314,
same_run06_x8_06_run06,/home/ubuntu/quantum-workload-architecture/workloads/manifests/imported/ovh_v2/06_star_graph_phase_amplitude_heldout_low.yaml,embedded_session_existing_worker,same_run06_x8,3,0.055505347,0.055505347,0.00336427,0.054114477,0.000111605,2.488e-06,wrk_b2ccb97a931f03e6,131,plan_1e9bb43cfe444bbb,True,False,,embedded_session_existing_worker,0.055505347,
same_run06_x8_07_run06,/home/ubuntu/quantum-workload-architecture/workloads/manifests/imported/ovh_v2/06_star_graph_phase_amplitude_heldout_low.yaml,embedded_session_existing_worker,same_run06_x8,3,0.056037303,0.056037303,0.003306244,0.054692365,0.000130727,2.343e-06,wrk_b2ccb97a931f03e6,132,plan_1e9bb43cfe444bbb,True,False,,embedded_session_existing_worker,0.056037303,
same_run06_x8_08_run06,/home/ubuntu/quantum-workload-architecture/workloads/manifests/imported/ovh_v2/06_star_graph_phase_amplitude_heldout_low.yaml,embedded_session_existing_worker,same_run06_x8,3,0.058696621,0.058696621,0.00350083,0.057262458,0.000120629,2.35e-06,wrk_b2ccb97a931f03e6,133,plan_1e9bb43cfe444bbb,True,False,,embedded_session_existing_worker,0.058696621,
same_run08_x1_01_run08,/home/ubuntu/quantum-workload-architecture/workloads/manifests/imported/ovh_v2/08_parity_iqp_batched_heldout_medium.yaml,embedded_session_existing_worker,same_run08_x1,3,0.090837533,0.090837533,0.00423716,0.089082578,0.000382675,2.87e-06,wrk_b2ccb97a931f03e6,134,plan_7209297490c788dd,True,False,,embedded_session_existing_worker,0.090837533,
same_run08_x2_01_run08,/home/ubuntu/quantum-workload-architecture/workloads/manifests/imported/ovh_v2/08_parity_iqp_batched_heldout_medium.yaml,embedded_session_existing_worker,same_run08_x2,3,0.089055794,0.089055794,0.004326536,0.087323464,0.000288307,2.763e-06,wrk_b2ccb97a931f03e6,135,plan_7209297490c788dd,True,False,,embedded_session_existing_worker,0.089055794,
same_run08_x2_02_run08,/home/ubuntu/quantum-workload-architecture/workloads/manifests/imported/ovh_v2/08_parity_iqp_batched_heldout_medium.yaml,embedded_session_existing_worker,same_run08_x2,3,0.051019052,0.051019052,0.003204702,0.049667429,0.000114112,2.54e-06,wrk_b2ccb97a931f03e6,136,plan_7209297490c788dd,True,False,,embedded_session_existing_worker,0.051019052,
same_run08_x4_01_run08,/home/ubuntu/quantum-workload-architecture/workloads/manifests/imported/ovh_v2/08_parity_iqp_batched_heldout_medium.yaml,embedded_session_existing_worker,same_run08_x4,3,0.086136619,0.086136619,0.004375529,0.08439427,0.000351407,2.839e-06,wrk_b2ccb97a931f03e6,137,plan_7209297490c788dd,True,False,,embedded_session_existing_worker,0.086136619,
same_run08_x4_02_run08,/home/ubuntu/quantum-workload-architecture/workloads/manifests/imported/ovh_v2/08_parity_iqp_batched_heldout_medium.yaml,embedded_session_existing_worker,same_run08_x4,3,0.065664936,0.065664936,0.003547801,0.064133681,0.000174098,2.708e-06,wrk_b2ccb97a931f03e6,138,plan_7209297490c788dd,True,False,,embedded_session_existing_worker,0.065664936,
same_run08_x4_03_run08,/home/ubuntu/quantum-workload-architecture/workloads/manifests/imported/ovh_v2/08_parity_iqp_batched_heldout_medium.yaml,embedded_session_existing_worker,same_run08_x4,3,0.050785382,0.050785382,0.003288748,0.049432691,0.00011735,2.683e-06,wrk_b2ccb97a931f03e6,139,plan_7209297490c788dd,True,False,,embedded_session_existing_worker,0.050785382,
same_run08_x4_04_run08,/home/ubuntu/quantum-workload-architecture/workloads/manifests/imported/ovh_v2/08_parity_iqp_batched_heldout_medium.yaml,embedded_session_existing_worker,same_run08_x4,3,0.050177427,0.050177427,0.003183113,0.048840372,0.000112366,2.825e-06,wrk_b2ccb97a931f03e6,140,plan_7209297490c788dd,True,False,,embedded_session_existing_worker,0.050177427,
same_run08_x8_01_run08,/home/ubuntu/quantum-workload-architecture/workloads/manifests/imported/ovh_v2/08_parity_iqp_batched_heldout_medium.yaml,embedded_session_existing_worker,same_run08_x8,3,0.075472028,0.075472028,0.003966018,0.073791856,0.000303192,2.926e-06,wrk_b2ccb97a931f03e6,141,plan_7209297490c788dd,True,False,,embedded_session_existing_worker,0.075472028,
same_run08_x8_02_run08,/home/ubuntu/quantum-workload-architecture/workloads/manifests/imported/ovh_v2/08_parity_iqp_batched_heldout_medium.yaml,embedded_session_existing_worker,same_run08_x8,3,0.050964882,0.050964882,0.003219039,0.04958433,0.000131791,3.072e-06,wrk_b2ccb97a931f03e6,142,plan_7209297490c788dd,True,False,,embedded_session_existing_worker,0.050964882,
same_run08_x8_03_run08,/home/ubuntu/quantum-workload-architecture/workloads/manifests/imported/ovh_v2/08_parity_iqp_batched_heldout_medium.yaml,embedded_session_existing_worker,same_run08_x8,3,0.050731201,0.050731201,0.003131288,0.049449154,0.000109977,2.939e-06,wrk_b2ccb97a931f03e6,143,plan_7209297490c788dd,True,False,,embedded_session_existing_worker,0.050731201,
same_run08_x8_04_run08,/home/ubuntu/quantum-workload-architecture/workloads/manifests/imported/ovh_v2/08_parity_iqp_batched_heldout_medium.yaml,embedded_session_existing_worker,same_run08_x8,3,0.051290206,0.051290206,0.003308366,0.049863855,0.000124186,2.496e-06,wrk_b2ccb97a931f03e6,144,plan_7209297490c788dd,True,False,,embedded_session_existing_worker,0.051290206,
same_run08_x8_05_run08,/home/ubuntu/quantum-workload-architecture/workloads/manifests/imported/ovh_v2/08_parity_iqp_batched_heldout_medium.yaml,embedded_session_existing_worker,same_run08_x8,3,0.051385709,0.051385709,0.003265776,0.050019995,0.000115192,2.481e-06,wrk_b2ccb97a931f03e6,145,plan_7209297490c788dd,True,False,,embedded_session_existing_worker,0.051385709,
same_run08_x8_06_run08,/home/ubuntu/quantum-workload-architecture/workloads/manifests/imported/ovh_v2/08_parity_iqp_batched_heldout_medium.yaml,embedded_session_existing_worker,same_run08_x8,3,0.05094552,0.05094552,0.003150765,0.049588842,0.000108766,2.41e-06,wrk_b2ccb97a931f03e6,146,plan_7209297490c788dd,True,False,,embedded_session_existing_worker,0.05094552,
same_run08_x8_07_run08,/home/ubuntu/quantum-workload-architecture/workloads/manifests/imported/ovh_v2/08_parity_iqp_batched_heldout_medium.yaml,embedded_session_existing_worker,same_run08_x8,3,0.050472772,0.050472772,0.003188316,0.049224296,0.000106366,2.442e-06,wrk_b2ccb97a931f03e6,147,plan_7209297490c788dd,True,False,,embedded_session_existing_worker,0.050472772,
same_run08_x8_08_run08,/home/ubuntu/quantum-workload-architecture/workloads/manifests/imported/ovh_v2/08_parity_iqp_batched_heldout_medium.yaml,embedded_session_existing_worker,same_run08_x8,3,0.05268466,0.05268466,0.003371649,0.051250711,0.00013278,2.852e-06,wrk_b2ccb97a931f03e6,148,plan_7209297490c788dd,True,False,,embedded_session_existing_worker,0.05268466,
mixed_trio_x6_01_run01,/home/ubuntu/quantum-workload-architecture/workloads/manifests/imported/ovh_v2/01_real_dense_ring6_amplitude.yaml,embedded_session_existing_worker,mixed_trio_x6,3,0.089899463,0.089899463,0.004310223,0.08815233,0.000364951,3.215e-06,wrk_b2ccb97a931f03e6,149,plan_9681ead327789de4,True,False,,embedded_session_existing_worker,0.089899463,
mixed_trio_x6_02_run06,/home/ubuntu/quantum-workload-architecture/workloads/manifests/imported/ovh_v2/06_star_graph_phase_amplitude_heldout_low.yaml,embedded_session_existing_worker,mixed_trio_x6,3,0.056263247,0.056263247,0.003383511,0.054895903,0.000123666,2.487e-06,wrk_b2ccb97a931f03e6,150,plan_1e9bb43cfe444bbb,True,False,,embedded_session_existing_worker,0.056263247,
mixed_trio_x6_03_run08,/home/ubuntu/quantum-workload-architecture/workloads/manifests/imported/ovh_v2/08_parity_iqp_batched_heldout_medium.yaml,embedded_session_existing_worker,mixed_trio_x6,3,0.051271519,0.051271519,0.003236368,0.049912312,0.000110682,3.232e-06,wrk_b2ccb97a931f03e6,151,plan_7209297490c788dd,True,False,,embedded_session_existing_worker,0.051271519,
mixed_trio_x6_04_run01,/home/ubuntu/quantum-workload-architecture/workloads/manifests/imported/ovh_v2/01_real_dense_ring6_amplitude.yaml,embedded_session_existing_worker,mixed_trio_x6,3,0.052478172,0.052478172,0.00325339,0.05116683,0.000107008,2.859e-06,wrk_b2ccb97a931f03e6,152,plan_9681ead327789de4,True,False,,embedded_session_existing_worker,0.052478172,
mixed_trio_x6_05_run06,/home/ubuntu/quantum-workload-architecture/workloads/manifests/imported/ovh_v2/06_star_graph_phase_amplitude_heldout_low.yaml,embedded_session_existing_worker,mixed_trio_x6,3,0.056508404,0.056508404,0.003400552,0.055131818,0.000129406,2.562e-06,wrk_b2ccb97a931f03e6,153,plan_1e9bb43cfe444bbb,True,False,,embedded_session_existing_worker,0.056508404,
mixed_trio_x6_06_run08,/home/ubuntu/quantum-workload-architecture/workloads/manifests/imported/ovh_v2/08_parity_iqp_batched_heldout_medium.yaml,embedded_session_existing_worker,mixed_trio_x6,3,0.051386675,0.051386675,0.003315815,0.049930116,0.000114337,2.703e-06,wrk_b2ccb97a931f03e6,154,plan_7209297490c788dd,True,False,,embedded_session_existing_worker,0.051386675,
same_run01_x1_01_run01,/home/ubuntu/quantum-workload-architecture/workloads/manifests/imported/ovh_v2/01_real_dense_ring6_amplitude.yaml,embedded_session_existing_worker,same_run01_x1,4,0.079218739,0.079218739,0.005399571,0.076363224,0.00028435,2.917e-06,wrk_b2ccb97a931f03e6,155,plan_9681ead327789de4,True,False,,embedded_session_existing_worker,0.079218739,
same_run01_x2_01_run01,/home/ubuntu/quantum-workload-architecture/workloads/manifests/imported/ovh_v2/01_real_dense_ring6_amplitude.yaml,embedded_session_existing_worker,same_run01_x2,4,0.067004469,0.067004469,0.003621291,0.065554721,0.000164484,2.667e-06,wrk_b2ccb97a931f03e6,156,plan_9681ead327789de4,True,False,,embedded_session_existing_worker,0.067004469,
same_run01_x2_02_run01,/home/ubuntu/quantum-workload-architecture/workloads/manifests/imported/ovh_v2/01_real_dense_ring6_amplitude.yaml,embedded_session_existing_worker,same_run01_x2,4,0.060326888,0.060326888,0.003453034,0.058932688,0.000152168,2.541e-06,wrk_b2ccb97a931f03e6,157,plan_9681ead327789de4,True,False,,embedded_session_existing_worker,0.060326888,
same_run01_x4_01_run01,/home/ubuntu/quantum-workload-architecture/workloads/manifests/imported/ovh_v2/01_real_dense_ring6_amplitude.yaml,embedded_session_existing_worker,same_run01_x4,4,0.059700946,0.059700946,0.004482364,0.057773953,0.000290531,2.892e-06,wrk_b2ccb97a931f03e6,158,plan_9681ead327789de4,True,False,,embedded_session_existing_worker,0.059700946,
same_run01_x4_02_run01,/home/ubuntu/quantum-workload-architecture/workloads/manifests/imported/ovh_v2/01_real_dense_ring6_amplitude.yaml,embedded_session_existing_worker,same_run01_x4,4,0.055408787,0.055408787,0.00325009,0.054062761,0.000131429,2.7e-06,wrk_b2ccb97a931f03e6,159,plan_9681ead327789de4,True,False,,embedded_session_existing_worker,0.055408787,
same_run01_x4_03_run01,/home/ubuntu/quantum-workload-architecture/workloads/manifests/imported/ovh_v2/01_real_dense_ring6_amplitude.yaml,embedded_session_existing_worker,same_run01_x4,4,0.052847753,0.052847753,0.003212508,0.051540442,0.000121236,2.461e-06,wrk_b2ccb97a931f03e6,160,plan_9681ead327789de4,True,False,,embedded_session_existing_worker,0.052847753,
same_run01_x4_04_run01,/home/ubuntu/quantum-workload-architecture/workloads/manifests/imported/ovh_v2/01_real_dense_ring6_amplitude.yaml,embedded_session_existing_worker,same_run01_x4,4,0.053424748,0.053424748,0.003453091,0.051898522,0.000114243,2.291e-06,wrk_b2ccb97a931f03e6,161,plan_9681ead327789de4,True,False,,embedded_session_existing_worker,0.053424748,
same_run01_x8_01_run01,/home/ubuntu/quantum-workload-architecture/workloads/manifests/imported/ovh_v2/01_real_dense_ring6_amplitude.yaml,embedded_session_existing_worker,same_run01_x8,4,0.088299302,0.088299302,0.004366937,0.086490615,0.000392997,2.558e-06,wrk_b2ccb97a931f03e6,162,plan_9681ead327789de4,True,False,,embedded_session_existing_worker,0.088299302,
same_run01_x8_02_run01,/home/ubuntu/quantum-workload-architecture/workloads/manifests/imported/ovh_v2/01_real_dense_ring6_amplitude.yaml,embedded_session_existing_worker,same_run01_x8,4,0.052920396,0.052920396,0.003221334,0.051581484,0.000124897,2.673e-06,wrk_b2ccb97a931f03e6,163,plan_9681ead327789de4,True,False,,embedded_session_existing_worker,0.052920396,
same_run01_x8_03_run01,/home/ubuntu/quantum-workload-architecture/workloads/manifests/imported/ovh_v2/01_real_dense_ring6_amplitude.yaml,embedded_session_existing_worker,same_run01_x8,4,0.05293923,0.05293923,0.003360515,0.051565661,0.000113633,2.313e-06,wrk_b2ccb97a931f03e6,164,plan_9681ead327789de4,True,False,,embedded_session_existing_worker,0.05293923,
same_run01_x8_04_run01,/home/ubuntu/quantum-workload-architecture/workloads/manifests/imported/ovh_v2/01_real_dense_ring6_amplitude.yaml,embedded_session_existing_worker,same_run01_x8,4,0.05316399,0.05316399,0.003472997,0.051784712,0.000117304,2.602e-06,wrk_b2ccb97a931f03e6,165,plan_9681ead327789de4,True,False,,embedded_session_existing_worker,0.05316399,
same_run01_x8_05_run01,/home/ubuntu/quantum-workload-architecture/workloads/manifests/imported/ovh_v2/01_real_dense_ring6_amplitude.yaml,embedded_session_existing_worker,same_run01_x8,4,0.053251893,0.053251893,0.003323989,0.051921617,0.000115091,2.312e-06,wrk_b2ccb97a931f03e6,166,plan_9681ead327789de4,True,False,,embedded_session_existing_worker,0.053251893,
same_run01_x8_06_run01,/home/ubuntu/quantum-workload-architecture/workloads/manifests/imported/ovh_v2/01_real_dense_ring6_amplitude.yaml,embedded_session_existing_worker,same_run01_x8,4,0.053072481,0.053072481,0.003270993,0.051699291,0.000138203,2.386e-06,wrk_b2ccb97a931f03e6,167,plan_9681ead327789de4,True,False,,embedded_session_existing_worker,0.053072481,
same_run01_x8_07_run01,/home/ubuntu/quantum-workload-architecture/workloads/manifests/imported/ovh_v2/01_real_dense_ring6_amplitude.yaml,embedded_session_existing_worker,same_run01_x8,4,0.053165328,0.053165328,0.003262519,0.051793078,0.000116117,2.757e-06,wrk_b2ccb97a931f03e6,168,plan_9681ead327789de4,True,False,,embedded_session_existing_worker,0.053165328,
same_run01_x8_08_run01,/home/ubuntu/quantum-workload-architecture/workloads/manifests/imported/ovh_v2/01_real_dense_ring6_amplitude.yaml,embedded_session_existing_worker,same_run01_x8,4,0.053286634,0.053286634,0.003184397,0.05203233,0.000111302,2.592e-06,wrk_b2ccb97a931f03e6,169,plan_9681ead327789de4,True,False,,embedded_session_existing_worker,0.053286634,
same_run06_x1_01_run06,/home/ubuntu/quantum-workload-architecture/workloads/manifests/imported/ovh_v2/06_star_graph_phase_amplitude_heldout_low.yaml,embedded_session_existing_worker,same_run06_x1,4,0.090423495,0.090423495,0.004557271,0.088397771,0.000415502,2.672e-06,wrk_b2ccb97a931f03e6,170,plan_1e9bb43cfe444bbb,True,False,,embedded_session_existing_worker,0.090423495,
same_run06_x2_01_run06,/home/ubuntu/quantum-workload-architecture/workloads/manifests/imported/ovh_v2/06_star_graph_phase_amplitude_heldout_low.yaml,embedded_session_existing_worker,same_run06_x2,4,0.093279571,0.093279571,0.004089179,0.091758229,0.000270924,2.27e-06,wrk_b2ccb97a931f03e6,171,plan_1e9bb43cfe444bbb,True,False,,embedded_session_existing_worker,0.093279571,
same_run06_x2_02_run06,/home/ubuntu/quantum-workload-architecture/workloads/manifests/imported/ovh_v2/06_star_graph_phase_amplitude_heldout_low.yaml,embedded_session_existing_worker,same_run06_x2,4,0.057214489,0.057214489,0.003414696,0.055828686,0.000107354,2.942e-06,wrk_b2ccb97a931f03e6,172,plan_1e9bb43cfe444bbb,True,False,,embedded_session_existing_worker,0.057214489,
same_run06_x4_01_run06,/home/ubuntu/quantum-workload-architecture/workloads/manifests/imported/ovh_v2/06_star_graph_phase_amplitude_heldout_low.yaml,embedded_session_existing_worker,same_run06_x4,4,0.090787889,0.090787889,0.004403455,0.08895553,0.000315055,2.795e-06,wrk_b2ccb97a931f03e6,173,plan_1e9bb43cfe444bbb,True,False,,embedded_session_existing_worker,0.090787889,
same_run06_x4_02_run06,/home/ubuntu/quantum-workload-architecture/workloads/manifests/imported/ovh_v2/06_star_graph_phase_amplitude_heldout_low.yaml,embedded_session_existing_worker,same_run06_x4,4,0.056303939,0.056303939,0.003260059,0.05499391,0.000108276,2.687e-06,wrk_b2ccb97a931f03e6,174,plan_1e9bb43cfe444bbb,True,False,,embedded_session_existing_worker,0.056303939,
same_run06_x4_03_run06,/home/ubuntu/quantum-workload-architecture/workloads/manifests/imported/ovh_v2/06_star_graph_phase_amplitude_heldout_low.yaml,embedded_session_existing_worker,same_run06_x4,4,0.057108316,0.057108316,0.003441829,0.055646422,0.000141706,1.6142e-05,wrk_b2ccb97a931f03e6,175,plan_1e9bb43cfe444bbb,True,False,,embedded_session_existing_worker,0.057108316,
same_run06_x4_04_run06,/home/ubuntu/quantum-workload-architecture/workloads/manifests/imported/ovh_v2/06_star_graph_phase_amplitude_heldout_low.yaml,embedded_session_existing_worker,same_run06_x4,4,0.056587952,0.056587952,0.003451251,0.055176913,0.000134814,2.619e-06,wrk_b2ccb97a931f03e6,176,plan_1e9bb43cfe444bbb,True,False,,embedded_session_existing_worker,0.056587952,
same_run06_x8_01_run06,/home/ubuntu/quantum-workload-architecture/workloads/manifests/imported/ovh_v2/06_star_graph_phase_amplitude_heldout_low.yaml,embedded_session_existing_worker,same_run06_x8,4,0.094091759,0.094091759,0.004355063,0.092294341,0.00033386,2.579e-06,wrk_b2ccb97a931f03e6,177,plan_1e9bb43cfe444bbb,True,False,,embedded_session_existing_worker,0.094091759,
same_run06_x8_02_run06,/home/ubuntu/quantum-workload-architecture/workloads/manifests/imported/ovh_v2/06_star_graph_phase_amplitude_heldout_low.yaml,embedded_session_existing_worker,same_run06_x8,4,0.074371517,0.074371517,0.003331821,0.07304522,0.000113876,2.86e-06,wrk_b2ccb97a931f03e6,178,plan_1e9bb43cfe444bbb,True,False,,embedded_session_existing_worker,0.074371517,
same_run06_x8_03_run06,/home/ubuntu/quantum-workload-architecture/workloads/manifests/imported/ovh_v2/06_star_graph_phase_amplitude_heldout_low.yaml,embedded_session_existing_worker,same_run06_x8,4,0.056227996,0.056227996,0.003331433,0.05487803,0.00012739,2.583e-06,wrk_b2ccb97a931f03e6,179,plan_1e9bb43cfe444bbb,True,False,,embedded_session_existing_worker,0.056227996,
same_run06_x8_04_run06,/home/ubuntu/quantum-workload-architecture/workloads/manifests/imported/ovh_v2/06_star_graph_phase_amplitude_heldout_low.yaml,embedded_session_existing_worker,same_run06_x8,4,0.055728049,0.055728049,0.003307704,0.054355888,0.000113523,2.407e-06,wrk_b2ccb97a931f03e6,180,plan_1e9bb43cfe444bbb,True,False,,embedded_session_existing_worker,0.055728049,
same_run06_x8_05_run06,/home/ubuntu/quantum-workload-architecture/workloads/manifests/imported/ovh_v2/06_star_graph_phase_amplitude_heldout_low.yaml,embedded_session_existing_worker,same_run06_x8,4,0.056658159,0.056658159,0.003276233,0.055365075,0.000126111,2.589e-06,wrk_b2ccb97a931f03e6,181,plan_1e9bb43cfe444bbb,True,False,,embedded_session_existing_worker,0.056658159,
same_run06_x8_06_run06,/home/ubuntu/quantum-workload-architecture/workloads/manifests/imported/ovh_v2/06_star_graph_phase_amplitude_heldout_low.yaml,embedded_session_existing_worker,same_run06_x8,4,0.05600617,0.05600617,0.003318922,0.054684665,0.000111583,3.003e-06,wrk_b2ccb97a931f03e6,182,plan_1e9bb43cfe444bbb,True,False,,embedded_session_existing_worker,0.05600617,
same_run06_x8_07_run06,/home/ubuntu/quantum-workload-architecture/workloads/manifests/imported/ovh_v2/06_star_graph_phase_amplitude_heldout_low.yaml,embedded_session_existing_worker,same_run06_x8,4,0.055819475,0.055819475,0.003289243,0.054480176,0.00012074,2.316e-06,wrk_b2ccb97a931f03e6,183,plan_1e9bb43cfe444bbb,True,False,,embedded_session_existing_worker,0.055819475,
same_run06_x8_08_run06,/home/ubuntu/quantum-workload-architecture/workloads/manifests/imported/ovh_v2/06_star_graph_phase_amplitude_heldout_low.yaml,embedded_session_existing_worker,same_run06_x8,4,0.055709998,0.055709998,0.003399789,0.054304133,0.00011414,2.605e-06,wrk_b2ccb97a931f03e6,184,plan_1e9bb43cfe444bbb,True,False,,embedded_session_existing_worker,0.055709998,
same_run08_x1_01_run08,/home/ubuntu/quantum-workload-architecture/workloads/manifests/imported/ovh_v2/08_parity_iqp_batched_heldout_medium.yaml,embedded_session_existing_worker,same_run08_x1,4,0.051550471,0.051550471,0.003027648,0.050470436,0.000129467,2.644e-06,wrk_b2ccb97a931f03e6,185,plan_7209297490c788dd,True,False,,embedded_session_existing_worker,0.051550471,
same_run08_x2_01_run08,/home/ubuntu/quantum-workload-architecture/workloads/manifests/imported/ovh_v2/08_parity_iqp_batched_heldout_medium.yaml,embedded_session_existing_worker,same_run08_x2,4,0.070528579,0.070528579,0.004270807,0.06861373,0.000287836,2.659e-06,wrk_b2ccb97a931f03e6,186,plan_7209297490c788dd,True,False,,embedded_session_existing_worker,0.070528579,
same_run08_x2_02_run08,/home/ubuntu/quantum-workload-architecture/workloads/manifests/imported/ovh_v2/08_parity_iqp_batched_heldout_medium.yaml,embedded_session_existing_worker,same_run08_x2,4,0.050846009,0.050846009,0.003177341,0.049479025,0.000108963,2.747e-06,wrk_b2ccb97a931f03e6,187,plan_7209297490c788dd,True,False,,embedded_session_existing_worker,0.050846009,
same_run08_x4_01_run08,/home/ubuntu/quantum-workload-architecture/workloads/manifests/imported/ovh_v2/08_parity_iqp_batched_heldout_medium.yaml,embedded_session_existing_worker,same_run08_x4,4,0.0628032,0.0628032,0.003501195,0.06124706,0.000165581,2.565e-06,wrk_b2ccb97a931f03e6,188,plan_7209297490c788dd,True,False,,embedded_session_existing_worker,0.0628032,
same_run08_x4_02_run08,/home/ubuntu/quantum-workload-architecture/workloads/manifests/imported/ovh_v2/08_parity_iqp_batched_heldout_medium.yaml,embedded_session_existing_worker,same_run08_x4,4,0.052366599,0.052366599,0.003182555,0.051035929,0.000122979,2.32e-06,wrk_b2ccb97a931f03e6,189,plan_7209297490c788dd,True,False,,embedded_session_existing_worker,0.052366599,
same_run08_x4_03_run08,/home/ubuntu/quantum-workload-architecture/workloads/manifests/imported/ovh_v2/08_parity_iqp_batched_heldout_medium.yaml,embedded_session_existing_worker,same_run08_x4,4,0.051356187,0.051356187,0.00316117,0.049956819,0.000110085,2.514e-06,wrk_b2ccb97a931f03e6,190,plan_7209297490c788dd,True,False,,embedded_session_existing_worker,0.051356187,
same_run08_x4_04_run08,/home/ubuntu/quantum-workload-architecture/workloads/manifests/imported/ovh_v2/08_parity_iqp_batched_heldout_medium.yaml,embedded_session_existing_worker,same_run08_x4,4,0.05115466,0.05115466,0.003372482,0.049802507,0.00012287,2.792e-06,wrk_b2ccb97a931f03e6,191,plan_7209297490c788dd,True,False,,embedded_session_existing_worker,0.05115466,
same_run08_x8_01_run08,/home/ubuntu/quantum-workload-architecture/workloads/manifests/imported/ovh_v2/08_parity_iqp_batched_heldout_medium.yaml,embedded_session_existing_worker,same_run08_x8,4,0.082562269,0.082562269,0.003889296,0.08094362,0.00025498,3.274e-06,wrk_b2ccb97a931f03e6,192,plan_7209297490c788dd,True,False,,embedded_session_existing_worker,0.082562269,
same_run08_x8_02_run08,/home/ubuntu/quantum-workload-architecture/workloads/manifests/imported/ovh_v2/08_parity_iqp_batched_heldout_medium.yaml,embedded_session_existing_worker,same_run08_x8,4,0.052064624,0.052064624,0.003270763,0.050707734,0.000113024,2.454e-06,wrk_b2ccb97a931f03e6,193,plan_7209297490c788dd,True,False,,embedded_session_existing_worker,0.052064624,
same_run08_x8_03_run08,/home/ubuntu/quantum-workload-architecture/workloads/manifests/imported/ovh_v2/08_parity_iqp_batched_heldout_medium.yaml,embedded_session_existing_worker,same_run08_x8,4,0.050666703,0.050666703,0.003311309,0.049247292,0.000117792,2.683e-06,wrk_b2ccb97a931f03e6,194,plan_7209297490c788dd,True,False,,embedded_session_existing_worker,0.050666703,
same_run08_x8_04_run08,/home/ubuntu/quantum-workload-architecture/workloads/manifests/imported/ovh_v2/08_parity_iqp_batched_heldout_medium.yaml,embedded_session_existing_worker,same_run08_x8,4,0.050338652,0.050338652,0.003220989,0.048966446,0.000110806,2.458e-06,wrk_b2ccb97a931f03e6,195,plan_7209297490c788dd,True,False,,embedded_session_existing_worker,0.050338652,
same_run08_x8_05_run08,/home/ubuntu/quantum-workload-architecture/workloads/manifests/imported/ovh_v2/08_parity_iqp_batched_heldout_medium.yaml,embedded_session_existing_worker,same_run08_x8,4,0.050617009,0.050617009,0.003283765,0.049210601,0.000128607,2.403e-06,wrk_b2ccb97a931f03e6,196,plan_7209297490c788dd,True,False,,embedded_session_existing_worker,0.050617009,
same_run08_x8_06_run08,/home/ubuntu/quantum-workload-architecture/workloads/manifests/imported/ovh_v2/08_parity_iqp_batched_heldout_medium.yaml,embedded_session_existing_worker,same_run08_x8,4,0.050307116,0.050307116,0.003374681,0.048794738,0.000109011,2.515e-06,wrk_b2ccb97a931f03e6,197,plan_7209297490c788dd,True,False,,embedded_session_existing_worker,0.050307116,
same_run08_x8_07_run08,/home/ubuntu/quantum-workload-architecture/workloads/manifests/imported/ovh_v2/08_parity_iqp_batched_heldout_medium.yaml,embedded_session_existing_worker,same_run08_x8,4,0.050477245,0.050477245,0.003286496,0.049054667,0.000129253,2.868e-06,wrk_b2ccb97a931f03e6,198,plan_7209297490c788dd,True,False,,embedded_session_existing_worker,0.050477245,
same_run08_x8_08_run08,/home/ubuntu/quantum-workload-architecture/workloads/manifests/imported/ovh_v2/08_parity_iqp_batched_heldout_medium.yaml,embedded_session_existing_worker,same_run08_x8,4,0.050361209,0.050361209,0.003258404,0.049006358,0.000126125,2.835e-06,wrk_b2ccb97a931f03e6,199,plan_7209297490c788dd,True,False,,embedded_session_existing_worker,0.050361209,
mixed_trio_x6_01_run01,/home/ubuntu/quantum-workload-architecture/workloads/manifests/imported/ovh_v2/01_real_dense_ring6_amplitude.yaml,embedded_session_existing_worker,mixed_trio_x6,4,0.092197709,0.092197709,0.004271229,0.090396017,0.000338359,2.581e-06,wrk_b2ccb97a931f03e6,200,plan_9681ead327789de4,True,False,,embedded_session_existing_worker,0.092197709,
mixed_trio_x6_02_run06,/home/ubuntu/quantum-workload-architecture/workloads/manifests/imported/ovh_v2/06_star_graph_phase_amplitude_heldout_low.yaml,embedded_session_existing_worker,mixed_trio_x6,4,0.056020438,0.056020438,0.003533876,0.054428423,0.000124679,2.411e-06,wrk_b2ccb97a931f03e6,201,plan_1e9bb43cfe444bbb,True,False,,embedded_session_existing_worker,0.056020438,
mixed_trio_x6_03_run08,/home/ubuntu/quantum-workload-architecture/workloads/manifests/imported/ovh_v2/08_parity_iqp_batched_heldout_medium.yaml,embedded_session_existing_worker,mixed_trio_x6,4,0.050709349,0.050709349,0.003269658,0.049302865,0.000132874,2.307e-06,wrk_b2ccb97a931f03e6,202,plan_7209297490c788dd,True,False,,embedded_session_existing_worker,0.050709349,
mixed_trio_x6_04_run01,/home/ubuntu/quantum-workload-architecture/workloads/manifests/imported/ovh_v2/01_real_dense_ring6_amplitude.yaml,embedded_session_existing_worker,mixed_trio_x6,4,0.05287674,0.05287674,0.003268232,0.051493127,0.000120653,2.733e-06,wrk_b2ccb97a931f03e6,203,plan_9681ead327789de4,True,False,,embedded_session_existing_worker,0.05287674,
mixed_trio_x6_05_run06,/home/ubuntu/quantum-workload-architecture/workloads/manifests/imported/ovh_v2/06_star_graph_phase_amplitude_heldout_low.yaml,embedded_session_existing_worker,mixed_trio_x6,4,0.055795008,0.055795008,0.003354537,0.054410904,0.000127561,2.494e-06,wrk_b2ccb97a931f03e6,204,plan_1e9bb43cfe444bbb,True,False,,embedded_session_existing_worker,0.055795008,
mixed_trio_x6_06_run08,/home/ubuntu/quantum-workload-architecture/workloads/manifests/imported/ovh_v2/08_parity_iqp_batched_heldout_medium.yaml,embedded_session_existing_worker,mixed_trio_x6,4,0.050842032,0.050842032,0.003215632,0.049486456,0.000112751,2.68e-06,wrk_b2ccb97a931f03e6,205,plan_7209297490c788dd,True,False,,embedded_session_existing_worker,0.050842032,
same_run01_x1_01_run01,/home/ubuntu/quantum-workload-architecture/workloads/manifests/imported/ovh_v2/01_real_dense_ring6_amplitude.yaml,embedded_session_existing_worker,same_run01_x1,5,0.08883717,0.08883717,0.004112375,0.087239992,0.000337734,2.874e-06,wrk_b2ccb97a931f03e6,206,plan_9681ead327789de4,True,False,,embedded_session_existing_worker,0.08883717,
same_run01_x2_01_run01,/home/ubuntu/quantum-workload-architecture/workloads/manifests/imported/ovh_v2/01_real_dense_ring6_amplitude.yaml,embedded_session_existing_worker,same_run01_x2,5,0.077743289,0.077743289,0.004462603,0.075739352,0.000332887,2.759e-06,wrk_b2ccb97a931f03e6,207,plan_9681ead327789de4,True,False,,embedded_session_existing_worker,0.077743289,
same_run01_x2_02_run01,/home/ubuntu/quantum-workload-architecture/workloads/manifests/imported/ovh_v2/01_real_dense_ring6_amplitude.yaml,embedded_session_existing_worker,same_run01_x2,5,0.052726102,0.052726102,0.003515326,0.051335015,0.000131953,2.472e-06,wrk_b2ccb97a931f03e6,208,plan_9681ead327789de4,True,False,,embedded_session_existing_worker,0.052726102,
same_run01_x4_01_run01,/home/ubuntu/quantum-workload-architecture/workloads/manifests/imported/ovh_v2/01_real_dense_ring6_amplitude.yaml,embedded_session_existing_worker,same_run01_x4,5,0.110401611,0.110401611,0.00469608,0.108737818,0.000315306,2.97e-06,wrk_b2ccb97a931f03e6,209,plan_9681ead327789de4,True,False,,embedded_session_existing_worker,0.110401611,
same_run01_x4_02_run01,/home/ubuntu/quantum-workload-architecture/workloads/manifests/imported/ovh_v2/01_real_dense_ring6_amplitude.yaml,embedded_session_existing_worker,same_run01_x4,5,0.058569961,0.058569961,0.003466394,0.057082122,0.00013667,2.569e-06,wrk_b2ccb97a931f03e6,210,plan_9681ead327789de4,True,False,,embedded_session_existing_worker,0.058569961,
same_run01_x4_03_run01,/home/ubuntu/quantum-workload-architecture/workloads/manifests/imported/ovh_v2/01_real_dense_ring6_amplitude.yaml,embedded_session_existing_worker,same_run01_x4,5,0.052604014,0.052604014,0.003180866,0.051328171,0.000111205,2.669e-06,wrk_b2ccb97a931f03e6,211,plan_9681ead327789de4,True,False,,embedded_session_existing_worker,0.052604014,
same_run01_x4_04_run01,/home/ubuntu/quantum-workload-architecture/workloads/manifests/imported/ovh_v2/01_real_dense_ring6_amplitude.yaml,embedded_session_existing_worker,same_run01_x4,5,0.052443993,0.052443993,0.003304549,0.051058779,0.000109259,2.587e-06,wrk_b2ccb97a931f03e6,212,plan_9681ead327789de4,True,False,,embedded_session_existing_worker,0.052443993,
same_run01_x8_01_run01,/home/ubuntu/quantum-workload-architecture/workloads/manifests/imported/ovh_v2/01_real_dense_ring6_amplitude.yaml,embedded_session_existing_worker,same_run01_x8,5,0.087928737,0.087928737,0.004224587,0.086211593,0.000281725,2.54e-06,wrk_b2ccb97a931f03e6,213,plan_9681ead327789de4,True,False,,embedded_session_existing_worker,0.087928737,
same_run01_x8_02_run01,/home/ubuntu/quantum-workload-architecture/workloads/manifests/imported/ovh_v2/01_real_dense_ring6_amplitude.yaml,embedded_session_existing_worker,same_run01_x8,5,0.053084263,0.053084263,0.003355989,0.051766694,0.000134604,2.615e-06,wrk_b2ccb97a931f03e6,214,plan_9681ead327789de4,True,False,,embedded_session_existing_worker,0.053084263,
same_run01_x8_03_run01,/home/ubuntu/quantum-workload-architecture/workloads/manifests/imported/ovh_v2/01_real_dense_ring6_amplitude.yaml,embedded_session_existing_worker,same_run01_x8,5,0.093356372,0.093356372,0.004046932,0.09188712,0.000270099,3.04e-06,wrk_b2ccb97a931f03e6,215,plan_9681ead327789de4,True,False,,embedded_session_existing_worker,0.093356372,
same_run01_x8_04_run01,/home/ubuntu/quantum-workload-architecture/workloads/manifests/imported/ovh_v2/01_real_dense_ring6_amplitude.yaml,embedded_session_existing_worker,same_run01_x8,5,0.052606553,0.052606553,0.003168559,0.05137902,0.000114959,2.814e-06,wrk_b2ccb97a931f03e6,216,plan_9681ead327789de4,True,False,,embedded_session_existing_worker,0.052606553,
same_run01_x8_05_run01,/home/ubuntu/quantum-workload-architecture/workloads/manifests/imported/ovh_v2/01_real_dense_ring6_amplitude.yaml,embedded_session_existing_worker,same_run01_x8,5,0.054232366,0.054232366,0.00347523,0.052735809,0.000121674,2.614e-06,wrk_b2ccb97a931f03e6,217,plan_9681ead327789de4,True,False,,embedded_session_existing_worker,0.054232366,
same_run01_x8_06_run01,/home/ubuntu/quantum-workload-architecture/workloads/manifests/imported/ovh_v2/01_real_dense_ring6_amplitude.yaml,embedded_session_existing_worker,same_run01_x8,5,0.053187897,0.053187897,0.003409974,0.051790613,0.000115935,2.791e-06,wrk_b2ccb97a931f03e6,218,plan_9681ead327789de4,True,False,,embedded_session_existing_worker,0.053187897,
same_run01_x8_07_run01,/home/ubuntu/quantum-workload-architecture/workloads/manifests/imported/ovh_v2/01_real_dense_ring6_amplitude.yaml,embedded_session_existing_worker,same_run01_x8,5,0.052603905,0.052603905,0.003238457,0.051321654,0.000110359,3.289e-06,wrk_b2ccb97a931f03e6,219,plan_9681ead327789de4,True,False,,embedded_session_existing_worker,0.052603905,
same_run01_x8_08_run01,/home/ubuntu/quantum-workload-architecture/workloads/manifests/imported/ovh_v2/01_real_dense_ring6_amplitude.yaml,embedded_session_existing_worker,same_run01_x8,5,0.052398231,0.052398231,0.00330681,0.050982323,0.000110489,2.764e-06,wrk_b2ccb97a931f03e6,220,plan_9681ead327789de4,True,False,,embedded_session_existing_worker,0.052398231,
same_run06_x1_01_run06,/home/ubuntu/quantum-workload-architecture/workloads/manifests/imported/ovh_v2/06_star_graph_phase_amplitude_heldout_low.yaml,embedded_session_existing_worker,same_run06_x1,5,0.095410807,0.095410807,0.004573755,0.093592597,0.000323649,5.239e-06,wrk_b2ccb97a931f03e6,221,plan_1e9bb43cfe444bbb,True,False,,embedded_session_existing_worker,0.095410807,
same_run06_x2_01_run06,/home/ubuntu/quantum-workload-architecture/workloads/manifests/imported/ovh_v2/06_star_graph_phase_amplitude_heldout_low.yaml,embedded_session_existing_worker,same_run06_x2,5,0.096031104,0.096031104,0.00425924,0.094379422,0.000283922,2.631e-06,wrk_b2ccb97a931f03e6,222,plan_1e9bb43cfe444bbb,True,False,,embedded_session_existing_worker,0.096031104,
same_run06_x2_02_run06,/home/ubuntu/quantum-workload-architecture/workloads/manifests/imported/ovh_v2/06_star_graph_phase_amplitude_heldout_low.yaml,embedded_session_existing_worker,same_run06_x2,5,0.056088763,0.056088763,0.003520125,0.054674515,0.000112813,2.435e-06,wrk_b2ccb97a931f03e6,223,plan_1e9bb43cfe444bbb,True,False,,embedded_session_existing_worker,0.056088763,
same_run06_x4_01_run06,/home/ubuntu/quantum-workload-architecture/workloads/manifests/imported/ovh_v2/06_star_graph_phase_amplitude_heldout_low.yaml,embedded_session_existing_worker,same_run06_x4,5,0.076239609,0.076239609,0.00321042,0.075143761,0.00015449,2.612e-06,wrk_b2ccb97a931f03e6,224,plan_1e9bb43cfe444bbb,True,False,,embedded_session_existing_worker,0.076239609,
same_run06_x4_02_run06,/home/ubuntu/quantum-workload-architecture/workloads/manifests/imported/ovh_v2/06_star_graph_phase_amplitude_heldout_low.yaml,embedded_session_existing_worker,same_run06_x4,5,0.097794606,0.097794606,0.004088132,0.09636516,0.000259644,2.455e-06,wrk_b2ccb97a931f03e6,225,plan_1e9bb43cfe444bbb,True,False,,embedded_session_existing_worker,0.097794606,
same_run06_x4_03_run06,/home/ubuntu/quantum-workload-architecture/workloads/manifests/imported/ovh_v2/06_star_graph_phase_amplitude_heldout_low.yaml,embedded_session_existing_worker,same_run06_x4,5,0.118167097,0.118167097,0.004206743,0.116763753,0.000347982,3.119e-06,wrk_b2ccb97a931f03e6,226,plan_1e9bb43cfe444bbb,True,False,,embedded_session_existing_worker,0.118167097,
same_run06_x4_04_run06,/home/ubuntu/quantum-workload-architecture/workloads/manifests/imported/ovh_v2/06_star_graph_phase_amplitude_heldout_low.yaml,embedded_session_existing_worker,same_run06_x4,5,0.063307195,0.063307195,0.003402352,0.061942326,0.000126904,2.858e-06,wrk_b2ccb97a931f03e6,227,plan_1e9bb43cfe444bbb,True,False,,embedded_session_existing_worker,0.063307195,
same_run06_x8_01_run06,/home/ubuntu/quantum-workload-architecture/workloads/manifests/imported/ovh_v2/06_star_graph_phase_amplitude_heldout_low.yaml,embedded_session_existing_worker,same_run06_x8,5,0.094225993,0.094225993,0.004432275,0.092431994,0.000330498,2.794e-06,wrk_b2ccb97a931f03e6,228,plan_1e9bb43cfe444bbb,True,False,,embedded_session_existing_worker,0.094225993,
same_run06_x8_02_run06,/home/ubuntu/quantum-workload-architecture/workloads/manifests/imported/ovh_v2/06_star_graph_phase_amplitude_heldout_low.yaml,embedded_session_existing_worker,same_run06_x8,5,0.05663437,0.05663437,0.003402882,0.055172678,0.000117106,2.577e-06,wrk_b2ccb97a931f03e6,229,plan_1e9bb43cfe444bbb,True,False,,embedded_session_existing_worker,0.05663437,
same_run06_x8_03_run06,/home/ubuntu/quantum-workload-architecture/workloads/manifests/imported/ovh_v2/06_star_graph_phase_amplitude_heldout_low.yaml,embedded_session_existing_worker,same_run06_x8,5,0.055896239,0.055896239,0.003370042,0.054482612,0.000130556,2.525e-06,wrk_b2ccb97a931f03e6,230,plan_1e9bb43cfe444bbb,True,False,,embedded_session_existing_worker,0.055896239,
same_run06_x8_04_run06,/home/ubuntu/quantum-workload-architecture/workloads/manifests/imported/ovh_v2/06_star_graph_phase_amplitude_heldout_low.yaml,embedded_session_existing_worker,same_run06_x8,5,0.057717456,0.057717456,0.003466673,0.056223513,0.000115968,2.407e-06,wrk_b2ccb97a931f03e6,231,plan_1e9bb43cfe444bbb,True,False,,embedded_session_existing_worker,0.057717456,
same_run06_x8_05_run06,/home/ubuntu/quantum-workload-architecture/workloads/manifests/imported/ovh_v2/06_star_graph_phase_amplitude_heldout_low.yaml,embedded_session_existing_worker,same_run06_x8,5,0.057274041,0.057274041,0.003381499,0.055864095,0.000138704,2.854e-06,wrk_b2ccb97a931f03e6,232,plan_1e9bb43cfe444bbb,True,False,,embedded_session_existing_worker,0.057274041,
same_run06_x8_06_run06,/home/ubuntu/quantum-workload-architecture/workloads/manifests/imported/ovh_v2/06_star_graph_phase_amplitude_heldout_low.yaml,embedded_session_existing_worker,same_run06_x8,5,0.056057664,0.056057664,0.00326952,0.054760226,0.000113138,2.765e-06,wrk_b2ccb97a931f03e6,233,plan_1e9bb43cfe444bbb,True,False,,embedded_session_existing_worker,0.056057664,
same_run06_x8_07_run06,/home/ubuntu/quantum-workload-architecture/workloads/manifests/imported/ovh_v2/06_star_graph_phase_amplitude_heldout_low.yaml,embedded_session_existing_worker,same_run06_x8,5,0.057035114,0.057035114,0.003484825,0.05558007,0.000179566,2.373e-06,wrk_b2ccb97a931f03e6,234,plan_1e9bb43cfe444bbb,True,False,,embedded_session_existing_worker,0.057035114,
same_run06_x8_08_run06,/home/ubuntu/quantum-workload-architecture/workloads/manifests/imported/ovh_v2/06_star_graph_phase_amplitude_heldout_low.yaml,embedded_session_existing_worker,same_run06_x8,5,0.05630556,0.05630556,0.003230076,0.055026816,0.000108704,2.5e-06,wrk_b2ccb97a931f03e6,235,plan_1e9bb43cfe444bbb,True,False,,embedded_session_existing_worker,0.05630556,
same_run08_x1_01_run08,/home/ubuntu/quantum-workload-architecture/workloads/manifests/imported/ovh_v2/08_parity_iqp_batched_heldout_medium.yaml,embedded_session_existing_worker,same_run08_x1,5,0.088733033,0.088733033,0.004052872,0.087310271,0.000193841,3.798e-06,wrk_b2ccb97a931f03e6,236,plan_7209297490c788dd,True,False,,embedded_session_existing_worker,0.088733033,
same_run08_x2_01_run08,/home/ubuntu/quantum-workload-architecture/workloads/manifests/imported/ovh_v2/08_parity_iqp_batched_heldout_medium.yaml,embedded_session_existing_worker,same_run08_x2,5,0.091450336,0.091450336,0.004400934,0.08962758,0.000293147,2.726e-06,wrk_b2ccb97a931f03e6,237,plan_7209297490c788dd,True,False,,embedded_session_existing_worker,0.091450336,
same_run08_x2_02_run08,/home/ubuntu/quantum-workload-architecture/workloads/manifests/imported/ovh_v2/08_parity_iqp_batched_heldout_medium.yaml,embedded_session_existing_worker,same_run08_x2,5,0.052091875,0.052091875,0.003312371,0.050644534,0.000154228,2.615e-06,wrk_b2ccb97a931f03e6,238,plan_7209297490c788dd,True,False,,embedded_session_existing_worker,0.052091875,
same_run08_x4_01_run08,/home/ubuntu/quantum-workload-architecture/workloads/manifests/imported/ovh_v2/08_parity_iqp_batched_heldout_medium.yaml,embedded_session_existing_worker,same_run08_x4,5,0.087299631,0.087299631,0.004281358,0.085540787,0.000291531,2.8e-06,wrk_b2ccb97a931f03e6,239,plan_7209297490c788dd,True,False,,embedded_session_existing_worker,0.087299631,
same_run08_x4_02_run08,/home/ubuntu/quantum-workload-architecture/workloads/manifests/imported/ovh_v2/08_parity_iqp_batched_heldout_medium.yaml,embedded_session_existing_worker,same_run08_x4,5,0.052844244,0.052844244,0.003216775,0.051485953,0.000122153,2.309e-06,wrk_b2ccb97a931f03e6,240,plan_7209297490c788dd,True,False,,embedded_session_existing_worker,0.052844244,
same_run08_x4_03_run08,/home/ubuntu/quantum-workload-architecture/workloads/manifests/imported/ovh_v2/08_parity_iqp_batched_heldout_medium.yaml,embedded_session_existing_worker,same_run08_x4,5,0.050568538,0.050568538,0.003300827,0.049188961,0.00011295,2.402e-06,wrk_b2ccb97a931f03e6,241,plan_7209297490c788dd,True,False,,embedded_session_existing_worker,0.050568538,
same_run08_x4_04_run08,/home/ubuntu/quantum-workload-architecture/workloads/manifests/imported/ovh_v2/08_parity_iqp_batched_heldout_medium.yaml,embedded_session_existing_worker,same_run08_x4,5,0.050850631,0.050850631,0.003203605,0.049523928,0.000105364,2.567e-06,wrk_b2ccb97a931f03e6,242,plan_7209297490c788dd,True,False,,embedded_session_existing_worker,0.050850631,
same_run08_x8_01_run08,/home/ubuntu/quantum-workload-architecture/workloads/manifests/imported/ovh_v2/08_parity_iqp_batched_heldout_medium.yaml,embedded_session_existing_worker,same_run08_x8,5,0.072624416,0.072624416,0.004431781,0.070845362,0.000362853,2.76e-06,wrk_b2ccb97a931f03e6,243,plan_7209297490c788dd,True,False,,embedded_session_existing_worker,0.072624416,
same_run08_x8_02_run08,/home/ubuntu/quantum-workload-architecture/workloads/manifests/imported/ovh_v2/08_parity_iqp_batched_heldout_medium.yaml,embedded_session_existing_worker,same_run08_x8,5,0.051495373,0.051495373,0.003428698,0.050006939,0.000119368,2.742e-06,wrk_b2ccb97a931f03e6,244,plan_7209297490c788dd,True,False,,embedded_session_existing_worker,0.051495373,
same_run08_x8_03_run08,/home/ubuntu/quantum-workload-architecture/workloads/manifests/imported/ovh_v2/08_parity_iqp_batched_heldout_medium.yaml,embedded_session_existing_worker,same_run08_x8,5,0.051230576,0.051230576,0.0031661,0.049923245,0.000113253,2.806e-06,wrk_b2ccb97a931f03e6,245,plan_7209297490c788dd,True,False,,embedded_session_existing_worker,0.051230576,
same_run08_x8_04_run08,/home/ubuntu/quantum-workload-architecture/workloads/manifests/imported/ovh_v2/08_parity_iqp_batched_heldout_medium.yaml,embedded_session_existing_worker,same_run08_x8,5,0.051702441,0.051702441,0.00335344,0.050300242,0.000117254,2.538e-06,wrk_b2ccb97a931f03e6,246,plan_7209297490c788dd,True,False,,embedded_session_existing_worker,0.051702441,
same_run08_x8_05_run08,/home/ubuntu/quantum-workload-architecture/workloads/manifests/imported/ovh_v2/08_parity_iqp_batched_heldout_medium.yaml,embedded_session_existing_worker,same_run08_x8,5,0.051808284,0.051808284,0.003318411,0.050429154,0.000135885,2.829e-06,wrk_b2ccb97a931f03e6,247,plan_7209297490c788dd,True,False,,embedded_session_existing_worker,0.051808284,
same_run08_x8_06_run08,/home/ubuntu/quantum-workload-architecture/workloads/manifests/imported/ovh_v2/08_parity_iqp_batched_heldout_medium.yaml,embedded_session_existing_worker,same_run08_x8,5,0.051181538,0.051181538,0.003241977,0.049861705,0.000113466,2.824e-06,wrk_b2ccb97a931f03e6,248,plan_7209297490c788dd,True,False,,embedded_session_existing_worker,0.051181538,
same_run08_x8_07_run08,/home/ubuntu/quantum-workload-architecture/workloads/manifests/imported/ovh_v2/08_parity_iqp_batched_heldout_medium.yaml,embedded_session_existing_worker,same_run08_x8,5,0.051504301,0.051504301,0.003410287,0.050029655,0.000153642,2.697e-06,wrk_b2ccb97a931f03e6,249,plan_7209297490c788dd,True,False,,embedded_session_existing_worker,0.051504301,
same_run08_x8_08_run08,/home/ubuntu/quantum-workload-architecture/workloads/manifests/imported/ovh_v2/08_parity_iqp_batched_heldout_medium.yaml,embedded_session_existing_worker,same_run08_x8,5,0.0509587,0.0509587,0.003138418,0.049629078,0.000114362,3.322e-06,wrk_b2ccb97a931f03e6,250,plan_7209297490c788dd,True,False,,embedded_session_existing_worker,0.0509587,
mixed_trio_x6_01_run01,/home/ubuntu/quantum-workload-architecture/workloads/manifests/imported/ovh_v2/01_real_dense_ring6_amplitude.yaml,embedded_session_existing_worker,mixed_trio_x6,5,0.082520366,0.082520366,0.004193689,0.080778861,0.000287262,2.609e-06,wrk_b2ccb97a931f03e6,251,plan_9681ead327789de4,True,False,,embedded_session_existing_worker,0.082520366,
mixed_trio_x6_02_run06,/home/ubuntu/quantum-workload-architecture/workloads/manifests/imported/ovh_v2/06_star_graph_phase_amplitude_heldout_low.yaml,embedded_session_existing_worker,mixed_trio_x6,5,0.057765663,0.057765663,0.003396921,0.05636278,0.000130317,2.712e-06,wrk_b2ccb97a931f03e6,252,plan_1e9bb43cfe444bbb,True,False,,embedded_session_existing_worker,0.057765663,
mixed_trio_x6_03_run08,/home/ubuntu/quantum-workload-architecture/workloads/manifests/imported/ovh_v2/08_parity_iqp_batched_heldout_medium.yaml,embedded_session_existing_worker,mixed_trio_x6,5,0.050439617,0.050439617,0.003167371,0.049115066,0.00011077,2.534e-06,wrk_b2ccb97a931f03e6,253,plan_7209297490c788dd,True,False,,embedded_session_existing_worker,0.050439617,
mixed_trio_x6_04_run01,/home/ubuntu/quantum-workload-architecture/workloads/manifests/imported/ovh_v2/01_real_dense_ring6_amplitude.yaml,embedded_session_existing_worker,mixed_trio_x6,5,0.051991386,0.051991386,0.003017696,0.050867073,0.000108328,2.605e-06,wrk_b2ccb97a931f03e6,254,plan_9681ead327789de4,True,False,,embedded_session_existing_worker,0.051991386,
mixed_trio_x6_05_run06,/home/ubuntu/quantum-workload-architecture/workloads/manifests/imported/ovh_v2/06_star_graph_phase_amplitude_heldout_low.yaml,embedded_session_existing_worker,mixed_trio_x6,5,0.123410751,0.123410751,0.005382696,0.121736202,0.00025971,4.201e-06,wrk_b2ccb97a931f03e6,255,plan_1e9bb43cfe444bbb,True,False,,embedded_session_existing_worker,0.123410751,
mixed_trio_x6_06_run08,/home/ubuntu/quantum-workload-architecture/workloads/manifests/imported/ovh_v2/08_parity_iqp_batched_heldout_medium.yaml,embedded_session_existing_worker,mixed_trio_x6,5,0.063421042,0.063421042,0.003685292,0.061893284,0.000191962,2.964e-06,wrk_b2ccb97a931f03e6,256,plan_7209297490c788dd,True,False,,embedded_session_existing_worker,0.063421042,
same_run01_x1_01_run01,/home/ubuntu/quantum-workload-architecture/workloads/manifests/imported/ovh_v2/01_real_dense_ring6_amplitude.yaml,embedded_session_autospawn_temp_worker,same_run01_x1,1,0.202558298,0.202558298,0.003372904,0.20115035,0.000134412,2.959e-06,wrk_86828a4fe1b480fb,1,plan_9681ead327789de4,True,False,,embedded_session_autospawn_temp_worker,0.202558298,
same_run01_x2_01_run01,/home/ubuntu/quantum-workload-architecture/workloads/manifests/imported/ovh_v2/01_real_dense_ring6_amplitude.yaml,embedded_session_autospawn_temp_worker,same_run01_x2,1,0.162918285,0.162918285,0.003425205,0.161421489,0.00012025,3.343e-06,wrk_9fb17ca42c5f6c39,1,plan_9681ead327789de4,True,False,,embedded_session_autospawn_temp_worker,0.162918285,
same_run01_x2_02_run01,/home/ubuntu/quantum-workload-architecture/workloads/manifests/imported/ovh_v2/01_real_dense_ring6_amplitude.yaml,embedded_session_autospawn_temp_worker,same_run01_x2,1,0.049071409,0.049071409,0.003381103,0.047568634,0.000106759,3.11e-06,wrk_9fb17ca42c5f6c39,2,plan_9681ead327789de4,True,False,,embedded_session_autospawn_temp_worker,0.049071409,
same_run01_x4_01_run01,/home/ubuntu/quantum-workload-architecture/workloads/manifests/imported/ovh_v2/01_real_dense_ring6_amplitude.yaml,embedded_session_autospawn_temp_worker,same_run01_x4,1,0.172637113,0.172637113,0.003286618,0.17159763,0.000147591,3.101e-06,wrk_54b5048741377d67,1,plan_9681ead327789de4,True,False,,embedded_session_autospawn_temp_worker,0.172637113,
same_run01_x4_02_run01,/home/ubuntu/quantum-workload-architecture/workloads/manifests/imported/ovh_v2/01_real_dense_ring6_amplitude.yaml,embedded_session_autospawn_temp_worker,same_run01_x4,1,0.047579062,0.047579062,0.003114404,0.046288218,8.7081e-05,3.009e-06,wrk_54b5048741377d67,2,plan_9681ead327789de4,True,False,,embedded_session_autospawn_temp_worker,0.047579062,
same_run01_x4_03_run01,/home/ubuntu/quantum-workload-architecture/workloads/manifests/imported/ovh_v2/01_real_dense_ring6_amplitude.yaml,embedded_session_autospawn_temp_worker,same_run01_x4,1,0.043777405,0.043777405,0.003158773,0.042427801,0.000100271,2.33e-06,wrk_54b5048741377d67,3,plan_9681ead327789de4,True,False,,embedded_session_autospawn_temp_worker,0.043777405,
same_run01_x4_04_run01,/home/ubuntu/quantum-workload-architecture/workloads/manifests/imported/ovh_v2/01_real_dense_ring6_amplitude.yaml,embedded_session_autospawn_temp_worker,same_run01_x4,1,0.043461128,0.043461128,0.002911667,0.04226599,8.8065e-05,2.404e-06,wrk_54b5048741377d67,4,plan_9681ead327789de4,True,False,,embedded_session_autospawn_temp_worker,0.043461128,
same_run01_x8_01_run01,/home/ubuntu/quantum-workload-architecture/workloads/manifests/imported/ovh_v2/01_real_dense_ring6_amplitude.yaml,embedded_session_autospawn_temp_worker,same_run01_x8,1,0.195230169,0.195230169,0.003684701,0.193729229,0.000162535,3.023e-06,wrk_6a59f32a63ac77e1,1,plan_9681ead327789de4,True,False,,embedded_session_autospawn_temp_worker,0.195230169,
same_run01_x8_02_run01,/home/ubuntu/quantum-workload-architecture/workloads/manifests/imported/ovh_v2/01_real_dense_ring6_amplitude.yaml,embedded_session_autospawn_temp_worker,same_run01_x8,1,0.057959273,0.057959273,0.003396023,0.056588891,0.000126065,3.412e-06,wrk_6a59f32a63ac77e1,2,plan_9681ead327789de4,True,False,,embedded_session_autospawn_temp_worker,0.057959273,
same_run01_x8_03_run01,/home/ubuntu/quantum-workload-architecture/workloads/manifests/imported/ovh_v2/01_real_dense_ring6_amplitude.yaml,embedded_session_autospawn_temp_worker,same_run01_x8,1,0.052332421,0.052332421,0.003254132,0.05101934,0.000113227,2.827e-06,wrk_6a59f32a63ac77e1,3,plan_9681ead327789de4,True,False,,embedded_session_autospawn_temp_worker,0.052332421,
same_run01_x8_04_run01,/home/ubuntu/quantum-workload-architecture/workloads/manifests/imported/ovh_v2/01_real_dense_ring6_amplitude.yaml,embedded_session_autospawn_temp_worker,same_run01_x8,1,0.051915475,0.051915475,0.003114259,0.050672061,0.00010896,2.555e-06,wrk_6a59f32a63ac77e1,4,plan_9681ead327789de4,True,False,,embedded_session_autospawn_temp_worker,0.051915475,
same_run01_x8_05_run01,/home/ubuntu/quantum-workload-architecture/workloads/manifests/imported/ovh_v2/01_real_dense_ring6_amplitude.yaml,embedded_session_autospawn_temp_worker,same_run01_x8,1,0.045874242,0.045874242,0.003243143,0.044474678,0.000124806,2.442e-06,wrk_6a59f32a63ac77e1,5,plan_9681ead327789de4,True,False,,embedded_session_autospawn_temp_worker,0.045874242,
same_run01_x8_06_run01,/home/ubuntu/quantum-workload-architecture/workloads/manifests/imported/ovh_v2/01_real_dense_ring6_amplitude.yaml,embedded_session_autospawn_temp_worker,same_run01_x8,1,0.043089796,0.043089796,0.002898931,0.041855119,8.4865e-05,2.537e-06,wrk_6a59f32a63ac77e1,6,plan_9681ead327789de4,True,False,,embedded_session_autospawn_temp_worker,0.043089796,
same_run01_x8_07_run01,/home/ubuntu/quantum-workload-architecture/workloads/manifests/imported/ovh_v2/01_real_dense_ring6_amplitude.yaml,embedded_session_autospawn_temp_worker,same_run01_x8,1,0.04436692,0.04436692,0.003116833,0.043037568,0.000100417,2.403e-06,wrk_6a59f32a63ac77e1,7,plan_9681ead327789de4,True,False,,embedded_session_autospawn_temp_worker,0.04436692,
same_run01_x8_08_run01,/home/ubuntu/quantum-workload-architecture/workloads/manifests/imported/ovh_v2/01_real_dense_ring6_amplitude.yaml,embedded_session_autospawn_temp_worker,same_run01_x8,1,0.043438128,0.043438128,0.002941484,0.042193597,8.8227e-05,2.306e-06,wrk_6a59f32a63ac77e1,8,plan_9681ead327789de4,True,False,,embedded_session_autospawn_temp_worker,0.043438128,
same_run06_x1_01_run06,/home/ubuntu/quantum-workload-architecture/workloads/manifests/imported/ovh_v2/06_star_graph_phase_amplitude_heldout_low.yaml,embedded_session_autospawn_temp_worker,same_run06_x1,1,0.179488895,0.179488895,0.004304466,0.177437585,0.000192524,2.889e-06,wrk_898ffcb19bf49456,1,plan_1e9bb43cfe444bbb,True,False,,embedded_session_autospawn_temp_worker,0.179488895,
same_run06_x2_01_run06,/home/ubuntu/quantum-workload-architecture/workloads/manifests/imported/ovh_v2/06_star_graph_phase_amplitude_heldout_low.yaml,embedded_session_autospawn_temp_worker,same_run06_x2,1,0.231682468,0.231682468,0.004817779,0.229600274,0.00030282,3.19e-06,wrk_e7c51469c6b5957f,1,plan_1e9bb43cfe444bbb,True,False,,embedded_session_autospawn_temp_worker,0.231682468,
same_run06_x2_02_run06,/home/ubuntu/quantum-workload-architecture/workloads/manifests/imported/ovh_v2/06_star_graph_phase_amplitude_heldout_low.yaml,embedded_session_autospawn_temp_worker,same_run06_x2,1,0.06071914,0.06071914,0.00342315,0.059287624,0.000130004,3.044e-06,wrk_e7c51469c6b5957f,2,plan_1e9bb43cfe444bbb,True,False,,embedded_session_autospawn_temp_worker,0.06071914,
same_run06_x4_01_run06,/home/ubuntu/quantum-workload-architecture/workloads/manifests/imported/ovh_v2/06_star_graph_phase_amplitude_heldout_low.yaml,embedded_session_autospawn_temp_worker,same_run06_x4,1,0.20877133,0.20877133,0.003924496,0.207231038,0.000216242,3.499e-06,wrk_77ccf5c0035c2742,1,plan_1e9bb43cfe444bbb,True,False,,embedded_session_autospawn_temp_worker,0.20877133,
same_run06_x4_02_run06,/home/ubuntu/quantum-workload-architecture/workloads/manifests/imported/ovh_v2/06_star_graph_phase_amplitude_heldout_low.yaml,embedded_session_autospawn_temp_worker,same_run06_x4,1,0.061649649,0.061649649,0.003446318,0.060346672,0.000116476,3.383e-06,wrk_77ccf5c0035c2742,2,plan_1e9bb43cfe444bbb,True,False,,embedded_session_autospawn_temp_worker,0.061649649,
same_run06_x4_03_run06,/home/ubuntu/quantum-workload-architecture/workloads/manifests/imported/ovh_v2/06_star_graph_phase_amplitude_heldout_low.yaml,embedded_session_autospawn_temp_worker,same_run06_x4,1,0.055818901,0.055818901,0.003331084,0.054469919,0.000111457,2.761e-06,wrk_77ccf5c0035c2742,3,plan_1e9bb43cfe444bbb,True,False,,embedded_session_autospawn_temp_worker,0.055818901,
same_run06_x4_04_run06,/home/ubuntu/quantum-workload-architecture/workloads/manifests/imported/ovh_v2/06_star_graph_phase_amplitude_heldout_low.yaml,embedded_session_autospawn_temp_worker,same_run06_x4,1,0.055972102,0.055972102,0.003280645,0.054662275,0.000115491,2.64e-06,wrk_77ccf5c0035c2742,4,plan_1e9bb43cfe444bbb,True,False,,embedded_session_autospawn_temp_worker,0.055972102,
same_run06_x8_01_run06,/home/ubuntu/quantum-workload-architecture/workloads/manifests/imported/ovh_v2/06_star_graph_phase_amplitude_heldout_low.yaml,embedded_session_autospawn_temp_worker,same_run06_x8,1,0.19319543,0.19319543,0.003552266,0.191745714,0.000175584,2.944e-06,wrk_0e53c80e0b0499c9,1,plan_1e9bb43cfe444bbb,True,False,,embedded_session_autospawn_temp_worker,0.19319543,
same_run06_x8_02_run06,/home/ubuntu/quantum-workload-architecture/workloads/manifests/imported/ovh_v2/06_star_graph_phase_amplitude_heldout_low.yaml,embedded_session_autospawn_temp_worker,same_run06_x8,1,0.061193136,0.061193136,0.003304618,0.059858337,0.000119834,3.548e-06,wrk_0e53c80e0b0499c9,2,plan_1e9bb43cfe444bbb,True,False,,embedded_session_autospawn_temp_worker,0.061193136,
same_run06_x8_03_run06,/home/ubuntu/quantum-workload-architecture/workloads/manifests/imported/ovh_v2/06_star_graph_phase_amplitude_heldout_low.yaml,embedded_session_autospawn_temp_worker,same_run06_x8,1,0.05588106,0.05588106,0.003202448,0.054546302,0.000105537,2.754e-06,wrk_0e53c80e0b0499c9,3,plan_1e9bb43cfe444bbb,True,False,,embedded_session_autospawn_temp_worker,0.05588106,
same_run06_x8_04_run06,/home/ubuntu/quantum-workload-architecture/workloads/manifests/imported/ovh_v2/06_star_graph_phase_amplitude_heldout_low.yaml,embedded_session_autospawn_temp_worker,same_run06_x8,1,0.056805402,0.056805402,0.004076282,0.054616732,0.000104567,2.867e-06,wrk_0e53c80e0b0499c9,4,plan_1e9bb43cfe444bbb,True,False,,embedded_session_autospawn_temp_worker,0.056805402,
same_run06_x8_05_run06,/home/ubuntu/quantum-workload-architecture/workloads/manifests/imported/ovh_v2/06_star_graph_phase_amplitude_heldout_low.yaml,embedded_session_autospawn_temp_worker,same_run06_x8,1,0.098534942,0.098534942,0.003663236,0.097254257,0.000288944,3.418e-06,wrk_0e53c80e0b0499c9,5,plan_1e9bb43cfe444bbb,True,False,,embedded_session_autospawn_temp_worker,0.098534942,
same_run06_x8_06_run06,/home/ubuntu/quantum-workload-architecture/workloads/manifests/imported/ovh_v2/06_star_graph_phase_amplitude_heldout_low.yaml,embedded_session_autospawn_temp_worker,same_run06_x8,1,0.055583503,0.055583503,0.003322052,0.054219887,0.000108508,2.9e-06,wrk_0e53c80e0b0499c9,6,plan_1e9bb43cfe444bbb,True,False,,embedded_session_autospawn_temp_worker,0.055583503,
same_run06_x8_07_run06,/home/ubuntu/quantum-workload-architecture/workloads/manifests/imported/ovh_v2/06_star_graph_phase_amplitude_heldout_low.yaml,embedded_session_autospawn_temp_worker,same_run06_x8,1,0.057300707,0.057300707,0.003274785,0.055962395,0.000124386,2.683e-06,wrk_0e53c80e0b0499c9,7,plan_1e9bb43cfe444bbb,True,False,,embedded_session_autospawn_temp_worker,0.057300707,
same_run06_x8_08_run06,/home/ubuntu/quantum-workload-architecture/workloads/manifests/imported/ovh_v2/06_star_graph_phase_amplitude_heldout_low.yaml,embedded_session_autospawn_temp_worker,same_run06_x8,1,0.055972835,0.055972835,0.003372304,0.054598696,0.000118726,2.745e-06,wrk_0e53c80e0b0499c9,8,plan_1e9bb43cfe444bbb,True,False,,embedded_session_autospawn_temp_worker,0.055972835,
same_run08_x1_01_run08,/home/ubuntu/quantum-workload-architecture/workloads/manifests/imported/ovh_v2/08_parity_iqp_batched_heldout_medium.yaml,embedded_session_autospawn_temp_worker,same_run08_x1,1,0.159110082,0.159110082,0.003266766,0.157714641,0.000122139,2.732e-06,wrk_02430f3e44d35368,1,plan_7209297490c788dd,True,False,,embedded_session_autospawn_temp_worker,0.159110082,
same_run08_x2_01_run08,/home/ubuntu/quantum-workload-architecture/workloads/manifests/imported/ovh_v2/08_parity_iqp_batched_heldout_medium.yaml,embedded_session_autospawn_temp_worker,same_run08_x2,1,0.192998337,0.192998337,0.003579502,0.191510795,0.000162385,2.879e-06,wrk_9cddf621805f6402,1,plan_7209297490c788dd,True,False,,embedded_session_autospawn_temp_worker,0.192998337,
same_run08_x2_02_run08,/home/ubuntu/quantum-workload-architecture/workloads/manifests/imported/ovh_v2/08_parity_iqp_batched_heldout_medium.yaml,embedded_session_autospawn_temp_worker,same_run08_x2,1,0.055607502,0.055607502,0.003190538,0.054272215,0.000107026,3.06e-06,wrk_9cddf621805f6402,2,plan_7209297490c788dd,True,False,,embedded_session_autospawn_temp_worker,0.055607502,
same_run08_x4_01_run08,/home/ubuntu/quantum-workload-architecture/workloads/manifests/imported/ovh_v2/08_parity_iqp_batched_heldout_medium.yaml,embedded_session_autospawn_temp_worker,same_run08_x4,1,0.160996106,0.160996106,0.003200848,0.159695995,0.000125202,2.595e-06,wrk_aac5fe8ab427ab79,1,plan_7209297490c788dd,True,False,,embedded_session_autospawn_temp_worker,0.160996106,
same_run08_x4_02_run08,/home/ubuntu/quantum-workload-architecture/workloads/manifests/imported/ovh_v2/08_parity_iqp_batched_heldout_medium.yaml,embedded_session_autospawn_temp_worker,same_run08_x4,1,0.046318473,0.046318473,0.002848136,0.045049726,9.0659e-05,2.368e-06,wrk_aac5fe8ab427ab79,2,plan_7209297490c788dd,True,False,,embedded_session_autospawn_temp_worker,0.046318473,
same_run08_x4_03_run08,/home/ubuntu/quantum-workload-architecture/workloads/manifests/imported/ovh_v2/08_parity_iqp_batched_heldout_medium.yaml,embedded_session_autospawn_temp_worker,same_run08_x4,1,0.042188921,0.042188921,0.003080611,0.040686646,0.000100896,2.209e-06,wrk_aac5fe8ab427ab79,3,plan_7209297490c788dd,True,False,,embedded_session_autospawn_temp_worker,0.042188921,
same_run08_x4_04_run08,/home/ubuntu/quantum-workload-architecture/workloads/manifests/imported/ovh_v2/08_parity_iqp_batched_heldout_medium.yaml,embedded_session_autospawn_temp_worker,same_run08_x4,1,0.042702274,0.042702274,0.003160731,0.041202523,9.436e-05,2.566e-06,wrk_aac5fe8ab427ab79,4,plan_7209297490c788dd,True,False,,embedded_session_autospawn_temp_worker,0.042702274,
same_run08_x8_01_run08,/home/ubuntu/quantum-workload-architecture/workloads/manifests/imported/ovh_v2/08_parity_iqp_batched_heldout_medium.yaml,embedded_session_autospawn_temp_worker,same_run08_x8,1,0.184197546,0.184197546,0.00344898,0.182901401,0.000173577,2.621e-06,wrk_1d66c86ea46ad0aa,1,plan_7209297490c788dd,True,False,,embedded_session_autospawn_temp_worker,0.184197546,
same_run08_x8_02_run08,/home/ubuntu/quantum-workload-architecture/workloads/manifests/imported/ovh_v2/08_parity_iqp_batched_heldout_medium.yaml,embedded_session_autospawn_temp_worker,same_run08_x8,1,0.055923553,0.055923553,0.003177531,0.054562925,0.00011922,2.849e-06,wrk_1d66c86ea46ad0aa,2,plan_7209297490c788dd,True,False,,embedded_session_autospawn_temp_worker,0.055923553,
same_run08_x8_03_run08,/home/ubuntu/quantum-workload-architecture/workloads/manifests/imported/ovh_v2/08_parity_iqp_batched_heldout_medium.yaml,embedded_session_autospawn_temp_worker,same_run08_x8,1,0.049546621,0.049546621,0.003039562,0.048244658,0.000102746,2.373e-06,wrk_1d66c86ea46ad0aa,3,plan_7209297490c788dd,True,False,,embedded_session_autospawn_temp_worker,0.049546621,
same_run08_x8_04_run08,/home/ubuntu/quantum-workload-architecture/workloads/manifests/imported/ovh_v2/08_parity_iqp_batched_heldout_medium.yaml,embedded_session_autospawn_temp_worker,same_run08_x8,1,0.049492695,0.049492695,0.003067814,0.048201196,0.000105356,2.323e-06,wrk_1d66c86ea46ad0aa,4,plan_7209297490c788dd,True,False,,embedded_session_autospawn_temp_worker,0.049492695,
same_run08_x8_05_run08,/home/ubuntu/quantum-workload-architecture/workloads/manifests/imported/ovh_v2/08_parity_iqp_batched_heldout_medium.yaml,embedded_session_autospawn_temp_worker,same_run08_x8,1,0.050255449,0.050255449,0.003220853,0.048848155,0.000114259,2.305e-06,wrk_1d66c86ea46ad0aa,5,plan_7209297490c788dd,True,False,,embedded_session_autospawn_temp_worker,0.050255449,
same_run08_x8_06_run08,/home/ubuntu/quantum-workload-architecture/workloads/manifests/imported/ovh_v2/08_parity_iqp_batched_heldout_medium.yaml,embedded_session_autospawn_temp_worker,same_run08_x8,1,0.049892282,0.049892282,0.003134344,0.048559666,0.000100915,2.299e-06,wrk_1d66c86ea46ad0aa,6,plan_7209297490c788dd,True,False,,embedded_session_autospawn_temp_worker,0.049892282,
same_run08_x8_07_run08,/home/ubuntu/quantum-workload-architecture/workloads/manifests/imported/ovh_v2/08_parity_iqp_batched_heldout_medium.yaml,embedded_session_autospawn_temp_worker,same_run08_x8,1,0.050414656,0.050414656,0.003209583,0.049077506,0.000104816,2.172e-06,wrk_1d66c86ea46ad0aa,7,plan_7209297490c788dd,True,False,,embedded_session_autospawn_temp_worker,0.050414656,
same_run08_x8_08_run08,/home/ubuntu/quantum-workload-architecture/workloads/manifests/imported/ovh_v2/08_parity_iqp_batched_heldout_medium.yaml,embedded_session_autospawn_temp_worker,same_run08_x8,1,0.051079985,0.051079985,0.003621301,0.049338483,0.000108403,2.465e-06,wrk_1d66c86ea46ad0aa,8,plan_7209297490c788dd,True,False,,embedded_session_autospawn_temp_worker,0.051079985,
mixed_trio_x6_01_run01,/home/ubuntu/quantum-workload-architecture/workloads/manifests/imported/ovh_v2/01_real_dense_ring6_amplitude.yaml,embedded_session_autospawn_temp_worker,mixed_trio_x6,1,0.17338207,0.17338207,0.003569744,0.171899348,0.000198909,2.79e-06,wrk_f2aa39664ff51aff,1,plan_9681ead327789de4,True,False,,embedded_session_autospawn_temp_worker,0.17338207,
mixed_trio_x6_02_run06,/home/ubuntu/quantum-workload-architecture/workloads/manifests/imported/ovh_v2/06_star_graph_phase_amplitude_heldout_low.yaml,embedded_session_autospawn_temp_worker,mixed_trio_x6,1,0.050747322,0.050747322,0.002909046,0.049583268,9.0046e-05,3.183e-06,wrk_f2aa39664ff51aff,2,plan_1e9bb43cfe444bbb,True,False,,embedded_session_autospawn_temp_worker,0.050747322,
mixed_trio_x6_03_run08,/home/ubuntu/quantum-workload-architecture/workloads/manifests/imported/ovh_v2/08_parity_iqp_batched_heldout_medium.yaml,embedded_session_autospawn_temp_worker,mixed_trio_x6,1,0.042306566,0.042306566,0.002838664,0.041017468,9.1142e-05,2.563e-06,wrk_f2aa39664ff51aff,3,plan_7209297490c788dd,True,False,,embedded_session_autospawn_temp_worker,0.042306566,
mixed_trio_x6_04_run01,/home/ubuntu/quantum-workload-architecture/workloads/manifests/imported/ovh_v2/01_real_dense_ring6_amplitude.yaml,embedded_session_autospawn_temp_worker,mixed_trio_x6,1,0.043499723,0.043499723,0.003193108,0.042176288,8.8465e-05,2.32e-06,wrk_f2aa39664ff51aff,4,plan_9681ead327789de4,True,False,,embedded_session_autospawn_temp_worker,0.043499723,
mixed_trio_x6_05_run06,/home/ubuntu/quantum-workload-architecture/workloads/manifests/imported/ovh_v2/06_star_graph_phase_amplitude_heldout_low.yaml,embedded_session_autospawn_temp_worker,mixed_trio_x6,1,0.045941534,0.045941534,0.00289804,0.044765736,8.3528e-05,2.534e-06,wrk_f2aa39664ff51aff,5,plan_1e9bb43cfe444bbb,True,False,,embedded_session_autospawn_temp_worker,0.045941534,
mixed_trio_x6_06_run08,/home/ubuntu/quantum-workload-architecture/workloads/manifests/imported/ovh_v2/08_parity_iqp_batched_heldout_medium.yaml,embedded_session_autospawn_temp_worker,mixed_trio_x6,1,0.04100719,0.04100719,0.002969552,0.039708685,9.2443e-05,2.278e-06,wrk_f2aa39664ff51aff,6,plan_7209297490c788dd,True,False,,embedded_session_autospawn_temp_worker,0.04100719,
same_run01_x1_01_run01,/home/ubuntu/quantum-workload-architecture/workloads/manifests/imported/ovh_v2/01_real_dense_ring6_amplitude.yaml,embedded_session_autospawn_temp_worker,same_run01_x1,2,0.160708462,0.160708462,0.003292376,0.159279779,0.000138677,3.172e-06,wrk_ec73295f3f2e19f3,1,plan_9681ead327789de4,True,False,,embedded_session_autospawn_temp_worker,0.160708462,
same_run01_x2_01_run01,/home/ubuntu/quantum-workload-architecture/workloads/manifests/imported/ovh_v2/01_real_dense_ring6_amplitude.yaml,embedded_session_autospawn_temp_worker,same_run01_x2,2,0.166917331,0.166917331,0.003696282,0.16546829,0.000154061,3.481e-06,wrk_8957e9a67d95d1bc,1,plan_9681ead327789de4,True,False,,embedded_session_autospawn_temp_worker,0.166917331,
same_run01_x2_02_run01,/home/ubuntu/quantum-workload-architecture/workloads/manifests/imported/ovh_v2/01_real_dense_ring6_amplitude.yaml,embedded_session_autospawn_temp_worker,same_run01_x2,2,0.049262564,0.049262564,0.003151525,0.04791542,9.2495e-05,2.984e-06,wrk_8957e9a67d95d1bc,2,plan_9681ead327789de4,True,False,,embedded_session_autospawn_temp_worker,0.049262564,
same_run01_x4_01_run01,/home/ubuntu/quantum-workload-architecture/workloads/manifests/imported/ovh_v2/01_real_dense_ring6_amplitude.yaml,embedded_session_autospawn_temp_worker,same_run01_x4,2,0.161558923,0.161558923,0.003208205,0.160284623,0.000131126,3.11e-06,wrk_a3b3077ca70d8f2a,1,plan_9681ead327789de4,True,False,,embedded_session_autospawn_temp_worker,0.161558923,
same_run01_x4_02_run01,/home/ubuntu/quantum-workload-architecture/workloads/manifests/imported/ovh_v2/01_real_dense_ring6_amplitude.yaml,embedded_session_autospawn_temp_worker,same_run01_x4,2,0.047363861,0.047363861,0.002655935,0.046427525,9.0679e-05,3.375e-06,wrk_a3b3077ca70d8f2a,2,plan_9681ead327789de4,True,False,,embedded_session_autospawn_temp_worker,0.047363861,
same_run01_x4_03_run01,/home/ubuntu/quantum-workload-architecture/workloads/manifests/imported/ovh_v2/01_real_dense_ring6_amplitude.yaml,embedded_session_autospawn_temp_worker,same_run01_x4,2,0.042831324,0.042831324,0.002784535,0.041761411,8.9607e-05,2.654e-06,wrk_a3b3077ca70d8f2a,3,plan_9681ead327789de4,True,False,,embedded_session_autospawn_temp_worker,0.042831324,
same_run01_x4_04_run01,/home/ubuntu/quantum-workload-architecture/workloads/manifests/imported/ovh_v2/01_real_dense_ring6_amplitude.yaml,embedded_session_autospawn_temp_worker,same_run01_x4,2,0.043776541,0.043776541,0.002875914,0.042760585,8.5582e-05,3.087e-06,wrk_a3b3077ca70d8f2a,4,plan_9681ead327789de4,True,False,,embedded_session_autospawn_temp_worker,0.043776541,
same_run01_x8_01_run01,/home/ubuntu/quantum-workload-architecture/workloads/manifests/imported/ovh_v2/01_real_dense_ring6_amplitude.yaml,embedded_session_autospawn_temp_worker,same_run01_x8,2,0.172678896,0.172678896,0.003757297,0.171139417,0.000188949,3.779e-06,wrk_44f941c5a3851beb,1,plan_9681ead327789de4,True,False,,embedded_session_autospawn_temp_worker,0.172678896,
same_run01_x8_02_run01,/home/ubuntu/quantum-workload-architecture/workloads/manifests/imported/ovh_v2/01_real_dense_ring6_amplitude.yaml,embedded_session_autospawn_temp_worker,same_run01_x8,2,0.047545287,0.047545287,0.002794886,0.046491036,0.000100235,3.33e-06,wrk_44f941c5a3851beb,2,plan_9681ead327789de4,True,False,,embedded_session_autospawn_temp_worker,0.047545287,
same_run01_x8_03_run01,/home/ubuntu/quantum-workload-architecture/workloads/manifests/imported/ovh_v2/01_real_dense_ring6_amplitude.yaml,embedded_session_autospawn_temp_worker,same_run01_x8,2,0.043073756,0.043073756,0.002436476,0.042331587,7.851e-05,2.35e-06,wrk_44f941c5a3851beb,3,plan_9681ead327789de4,True,False,,embedded_session_autospawn_temp_worker,0.043073756,
same_run01_x8_04_run01,/home/ubuntu/quantum-workload-architecture/workloads/manifests/imported/ovh_v2/01_real_dense_ring6_amplitude.yaml,embedded_session_autospawn_temp_worker,same_run01_x8,2,0.042668415,0.042668415,0.002412706,0.041932627,7.8964e-05,2.419e-06,wrk_44f941c5a3851beb,4,plan_9681ead327789de4,True,False,,embedded_session_autospawn_temp_worker,0.042668415,
same_run01_x8_05_run01,/home/ubuntu/quantum-workload-architecture/workloads/manifests/imported/ovh_v2/01_real_dense_ring6_amplitude.yaml,embedded_session_autospawn_temp_worker,same_run01_x8,2,0.043128096,0.043128096,0.002780158,0.042096633,8.3609e-05,2.535e-06,wrk_44f941c5a3851beb,5,plan_9681ead327789de4,True,False,,embedded_session_autospawn_temp_worker,0.043128096,
same_run01_x8_06_run01,/home/ubuntu/quantum-workload-architecture/workloads/manifests/imported/ovh_v2/01_real_dense_ring6_amplitude.yaml,embedded_session_autospawn_temp_worker,same_run01_x8,2,0.042928652,0.042928652,0.002858587,0.041745711,9.7259e-05,2.333e-06,wrk_44f941c5a3851beb,6,plan_9681ead327789de4,True,False,,embedded_session_autospawn_temp_worker,0.042928652,
same_run01_x8_07_run01,/home/ubuntu/quantum-workload-architecture/workloads/manifests/imported/ovh_v2/01_real_dense_ring6_amplitude.yaml,embedded_session_autospawn_temp_worker,same_run01_x8,2,0.043606444,0.043606444,0.00302772,0.042388204,8.4097e-05,2.864e-06,wrk_44f941c5a3851beb,7,plan_9681ead327789de4,True,False,,embedded_session_autospawn_temp_worker,0.043606444,
same_run01_x8_08_run01,/home/ubuntu/quantum-workload-architecture/workloads/manifests/imported/ovh_v2/01_real_dense_ring6_amplitude.yaml,embedded_session_autospawn_temp_worker,same_run01_x8,2,0.043050744,0.043050744,0.002925811,0.041808276,8.8259e-05,2.671e-06,wrk_44f941c5a3851beb,8,plan_9681ead327789de4,True,False,,embedded_session_autospawn_temp_worker,0.043050744,
same_run06_x1_01_run06,/home/ubuntu/quantum-workload-architecture/workloads/manifests/imported/ovh_v2/06_star_graph_phase_amplitude_heldout_low.yaml,embedded_session_autospawn_temp_worker,same_run06_x1,2,0.203280077,0.203280077,0.003731,0.201883771,0.000200261,2.791e-06,wrk_9c5337669b3fc813,1,plan_1e9bb43cfe444bbb,True,False,,embedded_session_autospawn_temp_worker,0.203280077,
same_run06_x2_01_run06,/home/ubuntu/quantum-workload-architecture/workloads/manifests/imported/ovh_v2/06_star_graph_phase_amplitude_heldout_low.yaml,embedded_session_autospawn_temp_worker,same_run06_x2,2,0.180376881,0.180376881,0.003300957,0.179119391,0.000132979,2.4e-06,wrk_4e444f090fe00052,1,plan_1e9bb43cfe444bbb,True,False,,embedded_session_autospawn_temp_worker,0.180376881,
same_run06_x2_02_run06,/home/ubuntu/quantum-workload-architecture/workloads/manifests/imported/ovh_v2/06_star_graph_phase_amplitude_heldout_low.yaml,embedded_session_autospawn_temp_worker,same_run06_x2,2,0.050606054,0.050606054,0.0029623,0.049458635,9.2521e-05,2.647e-06,wrk_4e444f090fe00052,2,plan_1e9bb43cfe444bbb,True,False,,embedded_session_autospawn_temp_worker,0.050606054,
same_run06_x4_01_run06,/home/ubuntu/quantum-workload-architecture/workloads/manifests/imported/ovh_v2/06_star_graph_phase_amplitude_heldout_low.yaml,embedded_session_autospawn_temp_worker,same_run06_x4,2,0.184348087,0.184348087,0.003576133,0.182826935,0.00016665,3.094e-06,wrk_758d31f185196e80,1,plan_1e9bb43cfe444bbb,True,False,,embedded_session_autospawn_temp_worker,0.184348087,
same_run06_x4_02_run06,/home/ubuntu/quantum-workload-architecture/workloads/manifests/imported/ovh_v2/06_star_graph_phase_amplitude_heldout_low.yaml,embedded_session_autospawn_temp_worker,same_run06_x4,2,0.051295952,0.051295952,0.003111945,0.050093018,9.0997e-05,3.111e-06,wrk_758d31f185196e80,2,plan_1e9bb43cfe444bbb,True,False,,embedded_session_autospawn_temp_worker,0.051295952,
same_run06_x4_03_run06,/home/ubuntu/quantum-workload-architecture/workloads/manifests/imported/ovh_v2/06_star_graph_phase_amplitude_heldout_low.yaml,embedded_session_autospawn_temp_worker,same_run06_x4,2,0.046344453,0.046344453,0.002992288,0.045063513,0.000105011,2.343e-06,wrk_758d31f185196e80,3,plan_1e9bb43cfe444bbb,True,False,,embedded_session_autospawn_temp_worker,0.046344453,
same_run06_x4_04_run06,/home/ubuntu/quantum-workload-architecture/workloads/manifests/imported/ovh_v2/06_star_graph_phase_amplitude_heldout_low.yaml,embedded_session_autospawn_temp_worker,same_run06_x4,2,0.046744362,0.046744362,0.002995657,0.04543492,8.283e-05,2.537e-06,wrk_758d31f185196e80,4,plan_1e9bb43cfe444bbb,True,False,,embedded_session_autospawn_temp_worker,0.046744362,
same_run06_x8_01_run06,/home/ubuntu/quantum-workload-architecture/workloads/manifests/imported/ovh_v2/06_star_graph_phase_amplitude_heldout_low.yaml,embedded_session_autospawn_temp_worker,same_run06_x8,2,0.165582427,0.165582427,0.003579625,0.164162401,0.000121591,3.664e-06,wrk_3c5187c1d027b96d,1,plan_1e9bb43cfe444bbb,True,False,,embedded_session_autospawn_temp_worker,0.165582427,
same_run06_x8_02_run06,/home/ubuntu/quantum-workload-architecture/workloads/manifests/imported/ovh_v2/06_star_graph_phase_amplitude_heldout_low.yaml,embedded_session_autospawn_temp_worker,same_run06_x8,2,0.051586345,0.051586345,0.003067229,0.050267224,9.544e-05,2.843e-06,wrk_3c5187c1d027b96d,2,plan_1e9bb43cfe444bbb,True,False,,embedded_session_autospawn_temp_worker,0.051586345,
same_run06_x8_03_run06,/home/ubuntu/quantum-workload-architecture/workloads/manifests/imported/ovh_v2/06_star_graph_phase_amplitude_heldout_low.yaml,embedded_session_autospawn_temp_worker,same_run06_x8,2,0.046567766,0.046567766,0.003011819,0.045290875,0.000102368,2.58e-06,wrk_3c5187c1d027b96d,3,plan_1e9bb43cfe444bbb,True,False,,embedded_session_autospawn_temp_worker,0.046567766,
same_run06_x8_04_run06,/home/ubuntu/quantum-workload-architecture/workloads/manifests/imported/ovh_v2/06_star_graph_phase_amplitude_heldout_low.yaml,embedded_session_autospawn_temp_worker,same_run06_x8,2,0.046209978,0.046209978,0.002967148,0.04494737,8.7882e-05,2.579e-06,wrk_3c5187c1d027b96d,4,plan_1e9bb43cfe444bbb,True,False,,embedded_session_autospawn_temp_worker,0.046209978,
same_run06_x8_05_run06,/home/ubuntu/quantum-workload-architecture/workloads/manifests/imported/ovh_v2/06_star_graph_phase_amplitude_heldout_low.yaml,embedded_session_autospawn_temp_worker,same_run06_x8,2,0.046382715,0.046382715,0.003130937,0.045039121,9.7026e-05,2.36e-06,wrk_3c5187c1d027b96d,5,plan_1e9bb43cfe444bbb,True,False,,embedded_session_autospawn_temp_worker,0.046382715,
same_run06_x8_06_run06,/home/ubuntu/quantum-workload-architecture/workloads/manifests/imported/ovh_v2/06_star_graph_phase_amplitude_heldout_low.yaml,embedded_session_autospawn_temp_worker,same_run06_x8,2,0.046688228,0.046688228,0.003039447,0.045388724,9.2823e-05,2.911e-06,wrk_3c5187c1d027b96d,6,plan_1e9bb43cfe444bbb,True,False,,embedded_session_autospawn_temp_worker,0.046688228,
same_run06_x8_07_run06,/home/ubuntu/quantum-workload-architecture/workloads/manifests/imported/ovh_v2/06_star_graph_phase_amplitude_heldout_low.yaml,embedded_session_autospawn_temp_worker,same_run06_x8,2,0.046520353,0.046520353,0.002981647,0.045268461,9.8393e-05,2.304e-06,wrk_3c5187c1d027b96d,7,plan_1e9bb43cfe444bbb,True,False,,embedded_session_autospawn_temp_worker,0.046520353,
same_run06_x8_08_run06,/home/ubuntu/quantum-workload-architecture/workloads/manifests/imported/ovh_v2/06_star_graph_phase_amplitude_heldout_low.yaml,embedded_session_autospawn_temp_worker,same_run06_x8,2,0.046103204,0.046103204,0.002957714,0.044884634,8.8139e-05,2.665e-06,wrk_3c5187c1d027b96d,8,plan_1e9bb43cfe444bbb,True,False,,embedded_session_autospawn_temp_worker,0.046103204,
same_run08_x1_01_run08,/home/ubuntu/quantum-workload-architecture/workloads/manifests/imported/ovh_v2/08_parity_iqp_batched_heldout_medium.yaml,embedded_session_autospawn_temp_worker,same_run08_x1,2,0.16741666,0.16741666,0.00372038,0.16587867,0.000124735,2.854e-06,wrk_8cf89cbda2fa7121,1,plan_7209297490c788dd,True,False,,embedded_session_autospawn_temp_worker,0.16741666,
same_run08_x2_01_run08,/home/ubuntu/quantum-workload-architecture/workloads/manifests/imported/ovh_v2/08_parity_iqp_batched_heldout_medium.yaml,embedded_session_autospawn_temp_worker,same_run08_x2,2,0.169361781,0.169361781,0.003434059,0.167927983,0.000162769,3.01e-06,wrk_e420506c6be08a59,1,plan_7209297490c788dd,True,False,,embedded_session_autospawn_temp_worker,0.169361781,
same_run08_x2_02_run08,/home/ubuntu/quantum-workload-architecture/workloads/manifests/imported/ovh_v2/08_parity_iqp_batched_heldout_medium.yaml,embedded_session_autospawn_temp_worker,same_run08_x2,2,0.049091822,0.049091822,0.002950092,0.047963092,0.000135043,2.727e-06,wrk_e420506c6be08a59,2,plan_7209297490c788dd,True,False,,embedded_session_autospawn_temp_worker,0.049091822,
same_run08_x4_01_run08,/home/ubuntu/quantum-workload-architecture/workloads/manifests/imported/ovh_v2/08_parity_iqp_batched_heldout_medium.yaml,embedded_session_autospawn_temp_worker,same_run08_x4,2,0.184906735,0.184906735,0.003721287,0.183307768,0.00019791,3.225e-06,wrk_3d334481ca0cdf92,1,plan_7209297490c788dd,True,False,,embedded_session_autospawn_temp_worker,0.184906735,
same_run08_x4_02_run08,/home/ubuntu/quantum-workload-architecture/workloads/manifests/imported/ovh_v2/08_parity_iqp_batched_heldout_medium.yaml,embedded_session_autospawn_temp_worker,same_run08_x4,2,0.046422953,0.046422953,0.002972717,0.045196642,9.1547e-05,2.961e-06,wrk_3d334481ca0cdf92,2,plan_7209297490c788dd,True,False,,embedded_session_autospawn_temp_worker,0.046422953,
same_run08_x4_03_run08,/home/ubuntu/quantum-workload-architecture/workloads/manifests/imported/ovh_v2/08_parity_iqp_batched_heldout_medium.yaml,embedded_session_autospawn_temp_worker,same_run08_x4,2,0.041817218,0.041817218,0.00291857,0.040547679,9.0073e-05,2.604e-06,wrk_3d334481ca0cdf92,3,plan_7209297490c788dd,True,False,,embedded_session_autospawn_temp_worker,0.041817218,
same_run08_x4_04_run08,/home/ubuntu/quantum-workload-architecture/workloads/manifests/imported/ovh_v2/08_parity_iqp_batched_heldout_medium.yaml,embedded_session_autospawn_temp_worker,same_run08_x4,2,0.042365344,0.042365344,0.002786386,0.041149599,8.628e-05,2.196e-06,wrk_3d334481ca0cdf92,4,plan_7209297490c788dd,True,False,,embedded_session_autospawn_temp_worker,0.042365344,
same_run08_x8_01_run08,/home/ubuntu/quantum-workload-architecture/workloads/manifests/imported/ovh_v2/08_parity_iqp_batched_heldout_medium.yaml,embedded_session_autospawn_temp_worker,same_run08_x8,2,0.180364662,0.180364662,0.003588873,0.178809466,0.000197015,2.828e-06,wrk_1e79915758c8e732,1,plan_7209297490c788dd,True,False,,embedded_session_autospawn_temp_worker,0.180364662,
same_run08_x8_02_run08,/home/ubuntu/quantum-workload-architecture/workloads/manifests/imported/ovh_v2/08_parity_iqp_batched_heldout_medium.yaml,embedded_session_autospawn_temp_worker,same_run08_x8,2,0.046505256,0.046505256,0.002938323,0.045270054,8.9551e-05,2.803e-06,wrk_1e79915758c8e732,2,plan_7209297490c788dd,True,False,,embedded_session_autospawn_temp_worker,0.046505256,
same_run08_x8_03_run08,/home/ubuntu/quantum-workload-architecture/workloads/manifests/imported/ovh_v2/08_parity_iqp_batched_heldout_medium.yaml,embedded_session_autospawn_temp_worker,same_run08_x8,2,0.041518218,0.041518218,0.00281763,0.040286497,8.7112e-05,2.589e-06,wrk_1e79915758c8e732,3,plan_7209297490c788dd,True,False,,embedded_session_autospawn_temp_worker,0.041518218,
same_run08_x8_04_run08,/home/ubuntu/quantum-workload-architecture/workloads/manifests/imported/ovh_v2/08_parity_iqp_batched_heldout_medium.yaml,embedded_session_autospawn_temp_worker,same_run08_x8,2,0.041571563,0.041571563,0.002907424,0.040277198,8.3997e-05,2.636e-06,wrk_1e79915758c8e732,4,plan_7209297490c788dd,True,False,,embedded_session_autospawn_temp_worker,0.041571563,
same_run08_x8_05_run08,/home/ubuntu/quantum-workload-architecture/workloads/manifests/imported/ovh_v2/08_parity_iqp_batched_heldout_medium.yaml,embedded_session_autospawn_temp_worker,same_run08_x8,2,0.041586231,0.041586231,0.002797788,0.040397273,8.7498e-05,2.844e-06,wrk_1e79915758c8e732,5,plan_7209297490c788dd,True,False,,embedded_session_autospawn_temp_worker,0.041586231,
same_run08_x8_06_run08,/home/ubuntu/quantum-workload-architecture/workloads/manifests/imported/ovh_v2/08_parity_iqp_batched_heldout_medium.yaml,embedded_session_autospawn_temp_worker,same_run08_x8,2,0.041954555,0.041954555,0.002957702,0.040680386,8.3831e-05,2.329e-06,wrk_1e79915758c8e732,6,plan_7209297490c788dd,True,False,,embedded_session_autospawn_temp_worker,0.041954555,
same_run08_x8_07_run08,/home/ubuntu/quantum-workload-architecture/workloads/manifests/imported/ovh_v2/08_parity_iqp_batched_heldout_medium.yaml,embedded_session_autospawn_temp_worker,same_run08_x8,2,0.04145084,0.04145084,0.002765338,0.040254379,9.2296e-05,2.549e-06,wrk_1e79915758c8e732,7,plan_7209297490c788dd,True,False,,embedded_session_autospawn_temp_worker,0.04145084,
same_run08_x8_08_run08,/home/ubuntu/quantum-workload-architecture/workloads/manifests/imported/ovh_v2/08_parity_iqp_batched_heldout_medium.yaml,embedded_session_autospawn_temp_worker,same_run08_x8,2,0.041700117,0.041700117,0.00284455,0.040451391,8.5976e-05,2.436e-06,wrk_1e79915758c8e732,8,plan_7209297490c788dd,True,False,,embedded_session_autospawn_temp_worker,0.041700117,
mixed_trio_x6_01_run01,/home/ubuntu/quantum-workload-architecture/workloads/manifests/imported/ovh_v2/01_real_dense_ring6_amplitude.yaml,embedded_session_autospawn_temp_worker,mixed_trio_x6,2,0.187270754,0.187270754,0.003538748,0.185830322,0.000135376,5.742e-06,wrk_8b26b03f71b616c4,1,plan_9681ead327789de4,True,False,,embedded_session_autospawn_temp_worker,0.187270754,
mixed_trio_x6_02_run06,/home/ubuntu/quantum-workload-architecture/workloads/manifests/imported/ovh_v2/06_star_graph_phase_amplitude_heldout_low.yaml,embedded_session_autospawn_temp_worker,mixed_trio_x6,2,0.052250376,0.052250376,0.002902072,0.051204197,0.000105318,3.543e-06,wrk_8b26b03f71b616c4,2,plan_1e9bb43cfe444bbb,True,False,,embedded_session_autospawn_temp_worker,0.052250376,
mixed_trio_x6_03_run08,/home/ubuntu/quantum-workload-architecture/workloads/manifests/imported/ovh_v2/08_parity_iqp_batched_heldout_medium.yaml,embedded_session_autospawn_temp_worker,mixed_trio_x6,2,0.042216909,0.042216909,0.002776583,0.041028073,8.2465e-05,2.822e-06,wrk_8b26b03f71b616c4,3,plan_7209297490c788dd,True,False,,embedded_session_autospawn_temp_worker,0.042216909,
mixed_trio_x6_04_run01,/home/ubuntu/quantum-workload-architecture/workloads/manifests/imported/ovh_v2/01_real_dense_ring6_amplitude.yaml,embedded_session_autospawn_temp_worker,mixed_trio_x6,2,0.044885765,0.044885765,0.003052549,0.043569992,8.5527e-05,2.43e-06,wrk_8b26b03f71b616c4,4,plan_9681ead327789de4,True,False,,embedded_session_autospawn_temp_worker,0.044885765,
mixed_trio_x6_05_run06,/home/ubuntu/quantum-workload-architecture/workloads/manifests/imported/ovh_v2/06_star_graph_phase_amplitude_heldout_low.yaml,embedded_session_autospawn_temp_worker,mixed_trio_x6,2,0.07094605,0.07094605,0.005210798,0.069497027,9.3818e-05,5.863e-06,wrk_8b26b03f71b616c4,5,plan_1e9bb43cfe444bbb,True,False,,embedded_session_autospawn_temp_worker,0.07094605,
mixed_trio_x6_06_run08,/home/ubuntu/quantum-workload-architecture/workloads/manifests/imported/ovh_v2/08_parity_iqp_batched_heldout_medium.yaml,embedded_session_autospawn_temp_worker,mixed_trio_x6,2,0.0840692,0.0840692,0.004011413,0.082391926,0.000303257,3.148e-06,wrk_8b26b03f71b616c4,6,plan_7209297490c788dd,True,False,,embedded_session_autospawn_temp_worker,0.0840692,
same_run01_x1_01_run01,/home/ubuntu/quantum-workload-architecture/workloads/manifests/imported/ovh_v2/01_real_dense_ring6_amplitude.yaml,embedded_session_autospawn_temp_worker,same_run01_x1,3,0.165555522,0.165555522,0.003367021,0.164175725,0.000150425,3.297e-06,wrk_18314c5713ae92ce,1,plan_9681ead327789de4,True,False,,embedded_session_autospawn_temp_worker,0.165555522,
same_run01_x2_01_run01,/home/ubuntu/quantum-workload-architecture/workloads/manifests/imported/ovh_v2/01_real_dense_ring6_amplitude.yaml,embedded_session_autospawn_temp_worker,same_run01_x2,3,0.187744303,0.187744303,0.003311441,0.186492091,0.000136213,2.914e-06,wrk_1706fbdcfd8df0d2,1,plan_9681ead327789de4,True,False,,embedded_session_autospawn_temp_worker,0.187744303,
same_run01_x2_02_run01,/home/ubuntu/quantum-workload-architecture/workloads/manifests/imported/ovh_v2/01_real_dense_ring6_amplitude.yaml,embedded_session_autospawn_temp_worker,same_run01_x2,3,0.05837379,0.05837379,0.003523947,0.05682101,0.000129356,2.748e-06,wrk_1706fbdcfd8df0d2,2,plan_9681ead327789de4,True,False,,embedded_session_autospawn_temp_worker,0.05837379,
same_run01_x4_01_run01,/home/ubuntu/quantum-workload-architecture/workloads/manifests/imported/ovh_v2/01_real_dense_ring6_amplitude.yaml,embedded_session_autospawn_temp_worker,same_run01_x4,3,0.206685204,0.206685204,0.003675749,0.205186448,0.000202979,2.461e-06,wrk_804176034b244311,1,plan_9681ead327789de4,True,False,,embedded_session_autospawn_temp_worker,0.206685204,
same_run01_x4_02_run01,/home/ubuntu/quantum-workload-architecture/workloads/manifests/imported/ovh_v2/01_real_dense_ring6_amplitude.yaml,embedded_session_autospawn_temp_worker,same_run01_x4,3,0.048771813,0.048771813,0.003102606,0.047421474,0.000111488,2.737e-06,wrk_804176034b244311,2,plan_9681ead327789de4,True,False,,embedded_session_autospawn_temp_worker,0.048771813,
same_run01_x4_03_run01,/home/ubuntu/quantum-workload-architecture/workloads/manifests/imported/ovh_v2/01_real_dense_ring6_amplitude.yaml,embedded_session_autospawn_temp_worker,same_run01_x4,3,0.044224759,0.044224759,0.003135291,0.042896806,9.0467e-05,2.617e-06,wrk_804176034b244311,3,plan_9681ead327789de4,True,False,,embedded_session_autospawn_temp_worker,0.044224759,
same_run01_x4_04_run01,/home/ubuntu/quantum-workload-architecture/workloads/manifests/imported/ovh_v2/01_real_dense_ring6_amplitude.yaml,embedded_session_autospawn_temp_worker,same_run01_x4,3,0.044785057,0.044785057,0.003092014,0.043451842,9.2726e-05,2.475e-06,wrk_804176034b244311,4,plan_9681ead327789de4,True,False,,embedded_session_autospawn_temp_worker,0.044785057,
same_run01_x8_01_run01,/home/ubuntu/quantum-workload-architecture/workloads/manifests/imported/ovh_v2/01_real_dense_ring6_amplitude.yaml,embedded_session_autospawn_temp_worker,same_run01_x8,3,0.169285521,0.169285521,0.003635908,0.167777516,0.000171448,2.588e-06,wrk_45616cf0f507ead2,1,plan_9681ead327789de4,True,False,,embedded_session_autospawn_temp_worker,0.169285521,
same_run01_x8_02_run01,/home/ubuntu/quantum-workload-architecture/workloads/manifests/imported/ovh_v2/01_real_dense_ring6_amplitude.yaml,embedded_session_autospawn_temp_worker,same_run01_x8,3,0.047474399,0.047474399,0.002993737,0.046255255,8.7996e-05,2.766e-06,wrk_45616cf0f507ead2,2,plan_9681ead327789de4,True,False,,embedded_session_autospawn_temp_worker,0.047474399,
same_run01_x8_03_run01,/home/ubuntu/quantum-workload-architecture/workloads/manifests/imported/ovh_v2/01_real_dense_ring6_amplitude.yaml,embedded_session_autospawn_temp_worker,same_run01_x8,3,0.043432999,0.043432999,0.002938342,0.042191968,8.5701e-05,2.936e-06,wrk_45616cf0f507ead2,3,plan_9681ead327789de4,True,False,,embedded_session_autospawn_temp_worker,0.043432999,
same_run01_x8_04_run01,/home/ubuntu/quantum-workload-architecture/workloads/manifests/imported/ovh_v2/01_real_dense_ring6_amplitude.yaml,embedded_session_autospawn_temp_worker,same_run01_x8,3,0.042851251,0.042851251,0.002924414,0.041613022,8.9706e-05,2.229e-06,wrk_45616cf0f507ead2,4,plan_9681ead327789de4,True,False,,embedded_session_autospawn_temp_worker,0.042851251,
same_run01_x8_05_run01,/home/ubuntu/quantum-workload-architecture/workloads/manifests/imported/ovh_v2/01_real_dense_ring6_amplitude.yaml,embedded_session_autospawn_temp_worker,same_run01_x8,3,0.043016371,0.043016371,0.002942219,0.041805962,8.5822e-05,2.415e-06,wrk_45616cf0f507ead2,5,plan_9681ead327789de4,True,False,,embedded_session_autospawn_temp_worker,0.043016371,
same_run01_x8_06_run01,/home/ubuntu/quantum-workload-architecture/workloads/manifests/imported/ovh_v2/01_real_dense_ring6_amplitude.yaml,embedded_session_autospawn_temp_worker,same_run01_x8,3,0.043252301,0.043252301,0.003009457,0.042000046,0.000101275,2.609e-06,wrk_45616cf0f507ead2,6,plan_9681ead327789de4,True,False,,embedded_session_autospawn_temp_worker,0.043252301,
same_run01_x8_07_run01,/home/ubuntu/quantum-workload-architecture/workloads/manifests/imported/ovh_v2/01_real_dense_ring6_amplitude.yaml,embedded_session_autospawn_temp_worker,same_run01_x8,3,0.044058611,0.044058611,0.002992239,0.04284228,0.000119609,2.341e-06,wrk_45616cf0f507ead2,7,plan_9681ead327789de4,True,False,,embedded_session_autospawn_temp_worker,0.044058611,
same_run01_x8_08_run01,/home/ubuntu/quantum-workload-architecture/workloads/manifests/imported/ovh_v2/01_real_dense_ring6_amplitude.yaml,embedded_session_autospawn_temp_worker,same_run01_x8,3,0.043624683,0.043624683,0.002924791,0.042373887,0.000115646,2.271e-06,wrk_45616cf0f507ead2,8,plan_9681ead327789de4,True,False,,embedded_session_autospawn_temp_worker,0.043624683,
same_run06_x1_01_run06,/home/ubuntu/quantum-workload-architecture/workloads/manifests/imported/ovh_v2/06_star_graph_phase_amplitude_heldout_low.yaml,embedded_session_autospawn_temp_worker,same_run06_x1,3,0.166605779,0.166605779,0.003480169,0.165163214,0.000139377,3.108e-06,wrk_54c776c7417fc571,1,plan_1e9bb43cfe444bbb,True,False,,embedded_session_autospawn_temp_worker,0.166605779,
same_run06_x2_01_run06,/home/ubuntu/quantum-workload-architecture/workloads/manifests/imported/ovh_v2/06_star_graph_phase_amplitude_heldout_low.yaml,embedded_session_autospawn_temp_worker,same_run06_x2,3,0.165423237,0.165423237,0.003503628,0.164009933,0.000145851,2.406e-06,wrk_050123850233d667,1,plan_1e9bb43cfe444bbb,True,False,,embedded_session_autospawn_temp_worker,0.165423237,
same_run06_x2_02_run06,/home/ubuntu/quantum-workload-architecture/workloads/manifests/imported/ovh_v2/06_star_graph_phase_amplitude_heldout_low.yaml,embedded_session_autospawn_temp_worker,same_run06_x2,3,0.050852914,0.050852914,0.00300218,0.04955811,9.4162e-05,2.527e-06,wrk_050123850233d667,2,plan_1e9bb43cfe444bbb,True,False,,embedded_session_autospawn_temp_worker,0.050852914,
same_run06_x4_01_run06,/home/ubuntu/quantum-workload-architecture/workloads/manifests/imported/ovh_v2/06_star_graph_phase_amplitude_heldout_low.yaml,embedded_session_autospawn_temp_worker,same_run06_x4,3,0.212152113,0.212152113,0.004109814,0.210552618,0.000220295,3.756e-06,wrk_017669ef18a76008,1,plan_1e9bb43cfe444bbb,True,False,,embedded_session_autospawn_temp_worker,0.212152113,
same_run06_x4_02_run06,/home/ubuntu/quantum-workload-architecture/workloads/manifests/imported/ovh_v2/06_star_graph_phase_amplitude_heldout_low.yaml,embedded_session_autospawn_temp_worker,same_run06_x4,3,0.061816746,0.061816746,0.003338487,0.060475566,0.000117229,3.772e-06,wrk_017669ef18a76008,2,plan_1e9bb43cfe444bbb,True,False,,embedded_session_autospawn_temp_worker,0.061816746,
same_run06_x4_03_run06,/home/ubuntu/quantum-workload-architecture/workloads/manifests/imported/ovh_v2/06_star_graph_phase_amplitude_heldout_low.yaml,embedded_session_autospawn_temp_worker,same_run06_x4,3,0.056073379,0.056073379,0.003278496,0.054838549,0.000110265,2.667e-06,wrk_017669ef18a76008,3,plan_1e9bb43cfe444bbb,True,False,,embedded_session_autospawn_temp_worker,0.056073379,
same_run06_x4_04_run06,/home/ubuntu/quantum-workload-architecture/workloads/manifests/imported/ovh_v2/06_star_graph_phase_amplitude_heldout_low.yaml,embedded_session_autospawn_temp_worker,same_run06_x4,3,0.100178554,0.100178554,0.004241163,0.098382551,0.000258343,2.895e-06,wrk_017669ef18a76008,4,plan_1e9bb43cfe444bbb,True,False,,embedded_session_autospawn_temp_worker,0.100178554,
same_run06_x8_01_run06,/home/ubuntu/quantum-workload-architecture/workloads/manifests/imported/ovh_v2/06_star_graph_phase_amplitude_heldout_low.yaml,embedded_session_autospawn_temp_worker,same_run06_x8,3,0.164685173,0.164685173,0.003213233,0.163323736,0.0001386,2.65e-06,wrk_58ae64373d21feb4,1,plan_1e9bb43cfe444bbb,True,False,,embedded_session_autospawn_temp_worker,0.164685173,
same_run06_x8_02_run06,/home/ubuntu/quantum-workload-architecture/workloads/manifests/imported/ovh_v2/06_star_graph_phase_amplitude_heldout_low.yaml,embedded_session_autospawn_temp_worker,same_run06_x8,3,0.050463101,0.050463101,0.002968523,0.049213189,8.6912e-05,2.806e-06,wrk_58ae64373d21feb4,2,plan_1e9bb43cfe444bbb,True,False,,embedded_session_autospawn_temp_worker,0.050463101,
same_run06_x8_03_run06,/home/ubuntu/quantum-workload-architecture/workloads/manifests/imported/ovh_v2/06_star_graph_phase_amplitude_heldout_low.yaml,embedded_session_autospawn_temp_worker,same_run06_x8,3,0.046075979,0.046075979,0.003083538,0.044793007,0.000114925,2.383e-06,wrk_58ae64373d21feb4,3,plan_1e9bb43cfe444bbb,True,False,,embedded_session_autospawn_temp_worker,0.046075979,
same_run06_x8_04_run06,/home/ubuntu/quantum-workload-architecture/workloads/manifests/imported/ovh_v2/06_star_graph_phase_amplitude_heldout_low.yaml,embedded_session_autospawn_temp_worker,same_run06_x8,3,0.046734521,0.046734521,0.003077806,0.045479225,9.0773e-05,2.324e-06,wrk_58ae64373d21feb4,4,plan_1e9bb43cfe444bbb,True,False,,embedded_session_autospawn_temp_worker,0.046734521,
same_run06_x8_05_run06,/home/ubuntu/quantum-workload-architecture/workloads/manifests/imported/ovh_v2/06_star_graph_phase_amplitude_heldout_low.yaml,embedded_session_autospawn_temp_worker,same_run06_x8,3,0.046418054,0.046418054,0.003002775,0.045099892,9.3528e-05,2.304e-06,wrk_58ae64373d21feb4,5,plan_1e9bb43cfe444bbb,True,False,,embedded_session_autospawn_temp_worker,0.046418054,
same_run06_x8_06_run06,/home/ubuntu/quantum-workload-architecture/workloads/manifests/imported/ovh_v2/06_star_graph_phase_amplitude_heldout_low.yaml,embedded_session_autospawn_temp_worker,same_run06_x8,3,0.046196829,0.046196829,0.00300901,0.04497451,8.5177e-05,2.409e-06,wrk_58ae64373d21feb4,6,plan_1e9bb43cfe444bbb,True,False,,embedded_session_autospawn_temp_worker,0.046196829,
same_run06_x8_07_run06,/home/ubuntu/quantum-workload-architecture/workloads/manifests/imported/ovh_v2/06_star_graph_phase_amplitude_heldout_low.yaml,embedded_session_autospawn_temp_worker,same_run06_x8,3,0.046718727,0.046718727,0.002869193,0.045583629,8.4492e-05,2.326e-06,wrk_58ae64373d21feb4,7,plan_1e9bb43cfe444bbb,True,False,,embedded_session_autospawn_temp_worker,0.046718727,
same_run06_x8_08_run06,/home/ubuntu/quantum-workload-architecture/workloads/manifests/imported/ovh_v2/06_star_graph_phase_amplitude_heldout_low.yaml,embedded_session_autospawn_temp_worker,same_run06_x8,3,0.047409763,0.047409763,0.003099544,0.046090767,0.000108026,2.145e-06,wrk_58ae64373d21feb4,8,plan_1e9bb43cfe444bbb,True,False,,embedded_session_autospawn_temp_worker,0.047409763,
same_run08_x1_01_run08,/home/ubuntu/quantum-workload-architecture/workloads/manifests/imported/ovh_v2/08_parity_iqp_batched_heldout_medium.yaml,embedded_session_autospawn_temp_worker,same_run08_x1,3,0.172739563,0.172739563,0.00363898,0.171172162,0.000221194,3.14e-06,wrk_5570a1e0d9665590,1,plan_7209297490c788dd,True,False,,embedded_session_autospawn_temp_worker,0.172739563,
same_run08_x2_01_run08,/home/ubuntu/quantum-workload-architecture/workloads/manifests/imported/ovh_v2/08_parity_iqp_batched_heldout_medium.yaml,embedded_session_autospawn_temp_worker,same_run08_x2,3,0.167076809,0.167076809,0.003528423,0.165590444,0.000168769,2.965e-06,wrk_e78aeee83e136a71,1,plan_7209297490c788dd,True,False,,embedded_session_autospawn_temp_worker,0.167076809,
same_run08_x2_02_run08,/home/ubuntu/quantum-workload-architecture/workloads/manifests/imported/ovh_v2/08_parity_iqp_batched_heldout_medium.yaml,embedded_session_autospawn_temp_worker,same_run08_x2,3,0.046573663,0.046573663,0.002905698,0.045292033,9.2393e-05,3.152e-06,wrk_e78aeee83e136a71,2,plan_7209297490c788dd,True,False,,embedded_session_autospawn_temp_worker,0.046573663,
same_run08_x4_01_run08,/home/ubuntu/quantum-workload-architecture/workloads/manifests/imported/ovh_v2/08_parity_iqp_batched_heldout_medium.yaml,embedded_session_autospawn_temp_worker,same_run08_x4,3,0.189100298,0.189100298,0.002936994,0.188171313,0.000181811,2.922e-06,wrk_f34640bec8e8f077,1,plan_7209297490c788dd,True,False,,embedded_session_autospawn_temp_worker,0.189100298,
same_run08_x4_02_run08,/home/ubuntu/quantum-workload-architecture/workloads/manifests/imported/ovh_v2/08_parity_iqp_batched_heldout_medium.yaml,embedded_session_autospawn_temp_worker,same_run08_x4,3,0.061425612,0.061425612,0.003498279,0.06030339,0.000176885,4.119e-06,wrk_f34640bec8e8f077,2,plan_7209297490c788dd,True,False,,embedded_session_autospawn_temp_worker,0.061425612,
same_run08_x4_03_run08,/home/ubuntu/quantum-workload-architecture/workloads/manifests/imported/ovh_v2/08_parity_iqp_batched_heldout_medium.yaml,embedded_session_autospawn_temp_worker,same_run08_x4,3,0.056675264,0.056675264,0.00328527,0.055301603,0.000154048,2.474e-06,wrk_f34640bec8e8f077,3,plan_7209297490c788dd,True,False,,embedded_session_autospawn_temp_worker,0.056675264,
same_run08_x4_04_run08,/home/ubuntu/quantum-workload-architecture/workloads/manifests/imported/ovh_v2/08_parity_iqp_batched_heldout_medium.yaml,embedded_session_autospawn_temp_worker,same_run08_x4,3,0.050173154,0.050173154,0.00316492,0.048771005,0.000114713,2.723e-06,wrk_f34640bec8e8f077,4,plan_7209297490c788dd,True,False,,embedded_session_autospawn_temp_worker,0.050173154,
same_run08_x8_01_run08,/home/ubuntu/quantum-workload-architecture/workloads/manifests/imported/ovh_v2/08_parity_iqp_batched_heldout_medium.yaml,embedded_session_autospawn_temp_worker,same_run08_x8,3,0.161994709,0.161994709,0.002834422,0.160973766,0.000113978,2.64e-06,wrk_647a09fb0c624716,1,plan_7209297490c788dd,True,False,,embedded_session_autospawn_temp_worker,0.161994709,
same_run08_x8_02_run08,/home/ubuntu/quantum-workload-architecture/workloads/manifests/imported/ovh_v2/08_parity_iqp_batched_heldout_medium.yaml,embedded_session_autospawn_temp_worker,same_run08_x8,3,0.045529743,0.045529743,0.00255657,0.044598825,8.8972e-05,2.945e-06,wrk_647a09fb0c624716,2,plan_7209297490c788dd,True,False,,embedded_session_autospawn_temp_worker,0.045529743,
same_run08_x8_03_run08,/home/ubuntu/quantum-workload-architecture/workloads/manifests/imported/ovh_v2/08_parity_iqp_batched_heldout_medium.yaml,embedded_session_autospawn_temp_worker,same_run08_x8,3,0.042980781,0.042980781,0.002927506,0.041690416,8.6994e-05,2.574e-06,wrk_647a09fb0c624716,3,plan_7209297490c788dd,True,False,,embedded_session_autospawn_temp_worker,0.042980781,
same_run08_x8_04_run08,/home/ubuntu/quantum-workload-architecture/workloads/manifests/imported/ovh_v2/08_parity_iqp_batched_heldout_medium.yaml,embedded_session_autospawn_temp_worker,same_run08_x8,3,0.042119513,0.042119513,0.002857248,0.040863714,9.0114e-05,2.343e-06,wrk_647a09fb0c624716,4,plan_7209297490c788dd,True,False,,embedded_session_autospawn_temp_worker,0.042119513,
same_run08_x8_05_run08,/home/ubuntu/quantum-workload-architecture/workloads/manifests/imported/ovh_v2/08_parity_iqp_batched_heldout_medium.yaml,embedded_session_autospawn_temp_worker,same_run08_x8,3,0.042447219,0.042447219,0.003036729,0.041132546,0.00012712,2.657e-06,wrk_647a09fb0c624716,5,plan_7209297490c788dd,True,False,,embedded_session_autospawn_temp_worker,0.042447219,
same_run08_x8_06_run08,/home/ubuntu/quantum-workload-architecture/workloads/manifests/imported/ovh_v2/08_parity_iqp_batched_heldout_medium.yaml,embedded_session_autospawn_temp_worker,same_run08_x8,3,0.042066536,0.042066536,0.00297052,0.040782606,8.6722e-05,2.375e-06,wrk_647a09fb0c624716,6,plan_7209297490c788dd,True,False,,embedded_session_autospawn_temp_worker,0.042066536,
same_run08_x8_07_run08,/home/ubuntu/quantum-workload-architecture/workloads/manifests/imported/ovh_v2/08_parity_iqp_batched_heldout_medium.yaml,embedded_session_autospawn_temp_worker,same_run08_x8,3,0.041954655,0.041954655,0.002944748,0.040696262,0.000100734,2.248e-06,wrk_647a09fb0c624716,7,plan_7209297490c788dd,True,False,,embedded_session_autospawn_temp_worker,0.041954655,
same_run08_x8_08_run08,/home/ubuntu/quantum-workload-architecture/workloads/manifests/imported/ovh_v2/08_parity_iqp_batched_heldout_medium.yaml,embedded_session_autospawn_temp_worker,same_run08_x8,3,0.041605879,0.041605879,0.002865066,0.040380131,0.000109362,2.478e-06,wrk_647a09fb0c624716,8,plan_7209297490c788dd,True,False,,embedded_session_autospawn_temp_worker,0.041605879,
mixed_trio_x6_01_run01,/home/ubuntu/quantum-workload-architecture/workloads/manifests/imported/ovh_v2/01_real_dense_ring6_amplitude.yaml,embedded_session_autospawn_temp_worker,mixed_trio_x6,3,0.174967173,0.174967173,0.003671606,0.173312127,0.000180015,3.414e-06,wrk_2534e1eaa05ad0a7,1,plan_9681ead327789de4,True,False,,embedded_session_autospawn_temp_worker,0.174967173,
mixed_trio_x6_02_run06,/home/ubuntu/quantum-workload-architecture/workloads/manifests/imported/ovh_v2/06_star_graph_phase_amplitude_heldout_low.yaml,embedded_session_autospawn_temp_worker,mixed_trio_x6,3,0.05064831,0.05064831,0.003162927,0.049248277,0.000106424,2.499e-06,wrk_2534e1eaa05ad0a7,2,plan_1e9bb43cfe444bbb,True,False,,embedded_session_autospawn_temp_worker,0.05064831,
mixed_trio_x6_03_run08,/home/ubuntu/quantum-workload-architecture/workloads/manifests/imported/ovh_v2/08_parity_iqp_batched_heldout_medium.yaml,embedded_session_autospawn_temp_worker,mixed_trio_x6,3,0.042437452,0.042437452,0.00289631,0.041115212,8.8635e-05,2.229e-06,wrk_2534e1eaa05ad0a7,3,plan_7209297490c788dd,True,False,,embedded_session_autospawn_temp_worker,0.042437452,
mixed_trio_x6_04_run01,/home/ubuntu/quantum-workload-architecture/workloads/manifests/imported/ovh_v2/01_real_dense_ring6_amplitude.yaml,embedded_session_autospawn_temp_worker,mixed_trio_x6,3,0.043262141,0.043262141,0.00282342,0.042148807,9.7734e-05,2.575e-06,wrk_2534e1eaa05ad0a7,4,plan_9681ead327789de4,True,False,,embedded_session_autospawn_temp_worker,0.043262141,
mixed_trio_x6_05_run06,/home/ubuntu/quantum-workload-architecture/workloads/manifests/imported/ovh_v2/06_star_graph_phase_amplitude_heldout_low.yaml,embedded_session_autospawn_temp_worker,mixed_trio_x6,3,0.045370276,0.045370276,0.002429989,0.044576636,8.2136e-05,2.507e-06,wrk_2534e1eaa05ad0a7,5,plan_1e9bb43cfe444bbb,True,False,,embedded_session_autospawn_temp_worker,0.045370276,
mixed_trio_x6_06_run08,/home/ubuntu/quantum-workload-architecture/workloads/manifests/imported/ovh_v2/08_parity_iqp_batched_heldout_medium.yaml,embedded_session_autospawn_temp_worker,mixed_trio_x6,3,0.048573363,0.048573363,0.003835428,0.047520916,7.6202e-05,2.398e-06,wrk_2534e1eaa05ad0a7,6,plan_7209297490c788dd,True,False,,embedded_session_autospawn_temp_worker,0.048573363,
same_run01_x1_01_run01,/home/ubuntu/quantum-workload-architecture/workloads/manifests/imported/ovh_v2/01_real_dense_ring6_amplitude.yaml,embedded_session_autospawn_temp_worker,same_run01_x1,4,0.162106833,0.162106833,0.003305885,0.160705604,0.000137184,2.66e-06,wrk_3d3fbbfe20e8875d,1,plan_9681ead327789de4,True,False,,embedded_session_autospawn_temp_worker,0.162106833,
same_run01_x2_01_run01,/home/ubuntu/quantum-workload-architecture/workloads/manifests/imported/ovh_v2/01_real_dense_ring6_amplitude.yaml,embedded_session_autospawn_temp_worker,same_run01_x2,4,0.159858768,0.159858768,0.003487349,0.158370104,0.000130394,3.096e-06,wrk_b800075c91112aa6,1,plan_9681ead327789de4,True,False,,embedded_session_autospawn_temp_worker,0.159858768,
same_run01_x2_02_run01,/home/ubuntu/quantum-workload-architecture/workloads/manifests/imported/ovh_v2/01_real_dense_ring6_amplitude.yaml,embedded_session_autospawn_temp_worker,same_run01_x2,4,0.052273944,0.052273944,0.003920891,0.050937847,8.9825e-05,3.474e-06,wrk_b800075c91112aa6,2,plan_9681ead327789de4,True,False,,embedded_session_autospawn_temp_worker,0.052273944,
same_run01_x4_01_run01,/home/ubuntu/quantum-workload-architecture/workloads/manifests/imported/ovh_v2/01_real_dense_ring6_amplitude.yaml,embedded_session_autospawn_temp_worker,same_run01_x4,4,0.160126202,0.160126202,0.003337725,0.158782635,0.000120367,3.036e-06,wrk_dbe7db6eef367751,1,plan_9681ead327789de4,True,False,,embedded_session_autospawn_temp_worker,0.160126202,
same_run01_x4_02_run01,/home/ubuntu/quantum-workload-architecture/workloads/manifests/imported/ovh_v2/01_real_dense_ring6_amplitude.yaml,embedded_session_autospawn_temp_worker,same_run01_x4,4,0.048339715,0.048339715,0.003047324,0.047014133,0.000102526,3.49e-06,wrk_dbe7db6eef367751,2,plan_9681ead327789de4,True,False,,embedded_session_autospawn_temp_worker,0.048339715,
same_run01_x4_03_run01,/home/ubuntu/quantum-workload-architecture/workloads/manifests/imported/ovh_v2/01_real_dense_ring6_amplitude.yaml,embedded_session_autospawn_temp_worker,same_run01_x4,4,0.043091214,0.043091214,0.003167812,0.041700371,9.9404e-05,2.413e-06,wrk_dbe7db6eef367751,3,plan_9681ead327789de4,True,False,,embedded_session_autospawn_temp_worker,0.043091214,
same_run01_x4_04_run01,/home/ubuntu/quantum-workload-architecture/workloads/manifests/imported/ovh_v2/01_real_dense_ring6_amplitude.yaml,embedded_session_autospawn_temp_worker,same_run01_x4,4,0.043131419,0.043131419,0.002990211,0.041828475,8.9751e-05,2.457e-06,wrk_dbe7db6eef367751,4,plan_9681ead327789de4,True,False,,embedded_session_autospawn_temp_worker,0.043131419,
same_run01_x8_01_run01,/home/ubuntu/quantum-workload-architecture/workloads/manifests/imported/ovh_v2/01_real_dense_ring6_amplitude.yaml,embedded_session_autospawn_temp_worker,same_run01_x8,4,0.163960069,0.163960069,0.002931215,0.163042504,0.000118896,2.695e-06,wrk_699a061a35d5e273,1,plan_9681ead327789de4,True,False,,embedded_session_autospawn_temp_worker,0.163960069,
same_run01_x8_02_run01,/home/ubuntu/quantum-workload-architecture/workloads/manifests/imported/ovh_v2/01_real_dense_ring6_amplitude.yaml,embedded_session_autospawn_temp_worker,same_run01_x8,4,0.047744903,0.047744903,0.002804951,0.046804894,9.4113e-05,2.978e-06,wrk_699a061a35d5e273,2,plan_9681ead327789de4,True,False,,embedded_session_autospawn_temp_worker,0.047744903,
same_run01_x8_03_run01,/home/ubuntu/quantum-workload-architecture/workloads/manifests/imported/ovh_v2/01_real_dense_ring6_amplitude.yaml,embedded_session_autospawn_temp_worker,same_run01_x8,4,0.043756358,0.043756358,0.002984592,0.042510548,8.9304e-05,2.256e-06,wrk_699a061a35d5e273,3,plan_9681ead327789de4,True,False,,embedded_session_autospawn_temp_worker,0.043756358,
same_run01_x8_04_run01,/home/ubuntu/quantum-workload-architecture/workloads/manifests/imported/ovh_v2/01_real_dense_ring6_amplitude.yaml,embedded_session_autospawn_temp_worker,same_run01_x8,4,0.044197231,0.044197231,0.003103312,0.042878049,9.7768e-05,2.263e-06,wrk_699a061a35d5e273,4,plan_9681ead327789de4,True,False,,embedded_session_autospawn_temp_worker,0.044197231,
same_run01_x8_05_run01,/home/ubuntu/quantum-workload-architecture/workloads/manifests/imported/ovh_v2/01_real_dense_ring6_amplitude.yaml,embedded_session_autospawn_temp_worker,same_run01_x8,4,0.043536225,0.043536225,0.003106695,0.042216113,8.9768e-05,2.482e-06,wrk_699a061a35d5e273,5,plan_9681ead327789de4,True,False,,embedded_session_autospawn_temp_worker,0.043536225,
same_run01_x8_06_run01,/home/ubuntu/quantum-workload-architecture/workloads/manifests/imported/ovh_v2/01_real_dense_ring6_amplitude.yaml,embedded_session_autospawn_temp_worker,same_run01_x8,4,0.044228261,0.044228261,0.003080481,0.042922966,9.5953e-05,2.425e-06,wrk_699a061a35d5e273,6,plan_9681ead327789de4,True,False,,embedded_session_autospawn_temp_worker,0.044228261,
same_run01_x8_07_run01,/home/ubuntu/quantum-workload-architecture/workloads/manifests/imported/ovh_v2/01_real_dense_ring6_amplitude.yaml,embedded_session_autospawn_temp_worker,same_run01_x8,4,0.051866192,0.051866192,0.003108084,0.050525392,0.000120217,2.329e-06,wrk_699a061a35d5e273,7,plan_9681ead327789de4,True,False,,embedded_session_autospawn_temp_worker,0.051866192,
same_run01_x8_08_run01,/home/ubuntu/quantum-workload-architecture/workloads/manifests/imported/ovh_v2/01_real_dense_ring6_amplitude.yaml,embedded_session_autospawn_temp_worker,same_run01_x8,4,0.044579373,0.044579373,0.003154938,0.043194135,9.4418e-05,2.54e-06,wrk_699a061a35d5e273,8,plan_9681ead327789de4,True,False,,embedded_session_autospawn_temp_worker,0.044579373,
same_run06_x1_01_run06,/home/ubuntu/quantum-workload-architecture/workloads/manifests/imported/ovh_v2/06_star_graph_phase_amplitude_heldout_low.yaml,embedded_session_autospawn_temp_worker,same_run06_x1,4,0.164265677,0.164265677,0.003481131,0.162812465,0.000131391,2.842e-06,wrk_d9ea5d09cf566748,1,plan_1e9bb43cfe444bbb,True,False,,embedded_session_autospawn_temp_worker,0.164265677,
same_run06_x2_01_run06,/home/ubuntu/quantum-workload-architecture/workloads/manifests/imported/ovh_v2/06_star_graph_phase_amplitude_heldout_low.yaml,embedded_session_autospawn_temp_worker,same_run06_x2,4,0.198477936,0.198477936,0.004048762,0.196796157,0.000205043,3.07e-06,wrk_b0bc036ff23f7eca,1,plan_1e9bb43cfe444bbb,True,False,,embedded_session_autospawn_temp_worker,0.198477936,
same_run06_x2_02_run06,/home/ubuntu/quantum-workload-architecture/workloads/manifests/imported/ovh_v2/06_star_graph_phase_amplitude_heldout_low.yaml,embedded_session_autospawn_temp_worker,same_run06_x2,4,0.060638977,0.060638977,0.003244689,0.059339804,0.000117977,3.001e-06,wrk_b0bc036ff23f7eca,2,plan_1e9bb43cfe444bbb,True,False,,embedded_session_autospawn_temp_worker,0.060638977,
same_run06_x4_01_run06,/home/ubuntu/quantum-workload-architecture/workloads/manifests/imported/ovh_v2/06_star_graph_phase_amplitude_heldout_low.yaml,embedded_session_autospawn_temp_worker,same_run06_x4,4,0.162173239,0.162173239,0.003358599,0.160785694,0.000155795,3.489e-06,wrk_38eceb853af82ec3,1,plan_1e9bb43cfe444bbb,True,False,,embedded_session_autospawn_temp_worker,0.162173239,
same_run06_x4_02_run06,/home/ubuntu/quantum-workload-architecture/workloads/manifests/imported/ovh_v2/06_star_graph_phase_amplitude_heldout_low.yaml,embedded_session_autospawn_temp_worker,same_run06_x4,4,0.051473583,0.051473583,0.00315929,0.050186488,0.000116847,3.002e-06,wrk_38eceb853af82ec3,2,plan_1e9bb43cfe444bbb,True,False,,embedded_session_autospawn_temp_worker,0.051473583,
same_run06_x4_03_run06,/home/ubuntu/quantum-workload-architecture/workloads/manifests/imported/ovh_v2/06_star_graph_phase_amplitude_heldout_low.yaml,embedded_session_autospawn_temp_worker,same_run06_x4,4,0.046984115,0.046984115,0.00306894,0.045674679,9.0894e-05,2.463e-06,wrk_38eceb853af82ec3,3,plan_1e9bb43cfe444bbb,True,False,,embedded_session_autospawn_temp_worker,0.046984115,
same_run06_x4_04_run06,/home/ubuntu/quantum-workload-architecture/workloads/manifests/imported/ovh_v2/06_star_graph_phase_amplitude_heldout_low.yaml,embedded_session_autospawn_temp_worker,same_run06_x4,4,0.046704606,0.046704606,0.003145083,0.045387317,0.000118558,2.743e-06,wrk_38eceb853af82ec3,4,plan_1e9bb43cfe444bbb,True,False,,embedded_session_autospawn_temp_worker,0.046704606,
same_run06_x8_01_run06,/home/ubuntu/quantum-workload-architecture/workloads/manifests/imported/ovh_v2/06_star_graph_phase_amplitude_heldout_low.yaml,embedded_session_autospawn_temp_worker,same_run06_x8,4,0.161925643,0.161925643,0.003204577,0.160672922,0.000116671,2.767e-06,wrk_ec58ff81caf0aad8,1,plan_1e9bb43cfe444bbb,True,False,,embedded_session_autospawn_temp_worker,0.161925643,
same_run06_x8_02_run06,/home/ubuntu/quantum-workload-architecture/workloads/manifests/imported/ovh_v2/06_star_graph_phase_amplitude_heldout_low.yaml,embedded_session_autospawn_temp_worker,same_run06_x8,4,0.051528962,0.051528962,0.003172514,0.05014888,0.000104644,2.53e-06,wrk_ec58ff81caf0aad8,2,plan_1e9bb43cfe444bbb,True,False,,embedded_session_autospawn_temp_worker,0.051528962,
same_run06_x8_03_run06,/home/ubuntu/quantum-workload-architecture/workloads/manifests/imported/ovh_v2/06_star_graph_phase_amplitude_heldout_low.yaml,embedded_session_autospawn_temp_worker,same_run06_x8,4,0.046079295,0.046079295,0.002983633,0.044810634,8.488e-05,2.212e-06,wrk_ec58ff81caf0aad8,3,plan_1e9bb43cfe444bbb,True,False,,embedded_session_autospawn_temp_worker,0.046079295,
same_run06_x8_04_run06,/home/ubuntu/quantum-workload-architecture/workloads/manifests/imported/ovh_v2/06_star_graph_phase_amplitude_heldout_low.yaml,embedded_session_autospawn_temp_worker,same_run06_x8,4,0.045821892,0.045821892,0.002986267,0.044599625,8.3792e-05,2.439e-06,wrk_ec58ff81caf0aad8,4,plan_1e9bb43cfe444bbb,True,False,,embedded_session_autospawn_temp_worker,0.045821892,
same_run06_x8_05_run06,/home/ubuntu/quantum-workload-architecture/workloads/manifests/imported/ovh_v2/06_star_graph_phase_amplitude_heldout_low.yaml,embedded_session_autospawn_temp_worker,same_run06_x8,4,0.045821899,0.045821899,0.003025289,0.04453125,0.000101804,2.195e-06,wrk_ec58ff81caf0aad8,5,plan_1e9bb43cfe444bbb,True,False,,embedded_session_autospawn_temp_worker,0.045821899,
same_run06_x8_06_run06,/home/ubuntu/quantum-workload-architecture/workloads/manifests/imported/ovh_v2/06_star_graph_phase_amplitude_heldout_low.yaml,embedded_session_autospawn_temp_worker,same_run06_x8,4,0.046024584,0.046024584,0.002947089,0.044851758,8.4824e-05,2.082e-06,wrk_ec58ff81caf0aad8,6,plan_1e9bb43cfe444bbb,True,False,,embedded_session_autospawn_temp_worker,0.046024584,
same_run06_x8_07_run06,/home/ubuntu/quantum-workload-architecture/workloads/manifests/imported/ovh_v2/06_star_graph_phase_amplitude_heldout_low.yaml,embedded_session_autospawn_temp_worker,same_run06_x8,4,0.046689377,0.046689377,0.003075431,0.045312361,8.3916e-05,2.296e-06,wrk_ec58ff81caf0aad8,7,plan_1e9bb43cfe444bbb,True,False,,embedded_session_autospawn_temp_worker,0.046689377,
same_run06_x8_08_run06,/home/ubuntu/quantum-workload-architecture/workloads/manifests/imported/ovh_v2/06_star_graph_phase_amplitude_heldout_low.yaml,embedded_session_autospawn_temp_worker,same_run06_x8,4,0.045354836,0.045354836,0.00304372,0.043986582,8.4618e-05,2.39e-06,wrk_ec58ff81caf0aad8,8,plan_1e9bb43cfe444bbb,True,False,,embedded_session_autospawn_temp_worker,0.045354836,
same_run08_x1_01_run08,/home/ubuntu/quantum-workload-architecture/workloads/manifests/imported/ovh_v2/08_parity_iqp_batched_heldout_medium.yaml,embedded_session_autospawn_temp_worker,same_run08_x1,4,0.18606844,0.18606844,0.003027797,0.185197809,0.000134637,2.6e-06,wrk_7646f24b65d6dd54,1,plan_7209297490c788dd,True,False,,embedded_session_autospawn_temp_worker,0.18606844,
same_run08_x2_01_run08,/home/ubuntu/quantum-workload-architecture/workloads/manifests/imported/ovh_v2/08_parity_iqp_batched_heldout_medium.yaml,embedded_session_autospawn_temp_worker,same_run08_x2,4,0.1574997,0.1574997,0.003295682,0.156053505,0.000120569,3.117e-06,wrk_f7d98d21ad75a00f,1,plan_7209297490c788dd,True,False,,embedded_session_autospawn_temp_worker,0.1574997,
same_run08_x2_02_run08,/home/ubuntu/quantum-workload-architecture/workloads/manifests/imported/ovh_v2/08_parity_iqp_batched_heldout_medium.yaml,embedded_session_autospawn_temp_worker,same_run08_x2,4,0.04623038,0.04623038,0.002945425,0.04492319,9.7723e-05,3.054e-06,wrk_f7d98d21ad75a00f,2,plan_7209297490c788dd,True,False,,embedded_session_autospawn_temp_worker,0.04623038,
same_run08_x4_01_run08,/home/ubuntu/quantum-workload-architecture/workloads/manifests/imported/ovh_v2/08_parity_iqp_batched_heldout_medium.yaml,embedded_session_autospawn_temp_worker,same_run08_x4,4,0.166824809,0.166824809,0.003278664,0.165447601,0.00014776,2.553e-06,wrk_564741286aa9b2ac,1,plan_7209297490c788dd,True,False,,embedded_session_autospawn_temp_worker,0.166824809,
same_run08_x4_02_run08,/home/ubuntu/quantum-workload-architecture/workloads/manifests/imported/ovh_v2/08_parity_iqp_batched_heldout_medium.yaml,embedded_session_autospawn_temp_worker,same_run08_x4,4,0.046575111,0.046575111,0.003021653,0.045239045,9.3507e-05,3.26e-06,wrk_564741286aa9b2ac,2,plan_7209297490c788dd,True,False,,embedded_session_autospawn_temp_worker,0.046575111,
same_run08_x4_03_run08,/home/ubuntu/quantum-workload-architecture/workloads/manifests/imported/ovh_v2/08_parity_iqp_batched_heldout_medium.yaml,embedded_session_autospawn_temp_worker,same_run08_x4,4,0.094748468,0.094748468,0.004798587,0.092398178,0.000372475,2.758e-06,wrk_564741286aa9b2ac,3,plan_7209297490c788dd,True,False,,embedded_session_autospawn_temp_worker,0.094748468,
same_run08_x4_04_run08,/home/ubuntu/quantum-workload-architecture/workloads/manifests/imported/ovh_v2/08_parity_iqp_batched_heldout_medium.yaml,embedded_session_autospawn_temp_worker,same_run08_x4,4,0.052805196,0.052805196,0.002691467,0.051936463,0.000105478,2.275e-06,wrk_564741286aa9b2ac,4,plan_7209297490c788dd,True,False,,embedded_session_autospawn_temp_worker,0.052805196,
same_run08_x8_01_run08,/home/ubuntu/quantum-workload-architecture/workloads/manifests/imported/ovh_v2/08_parity_iqp_batched_heldout_medium.yaml,embedded_session_autospawn_temp_worker,same_run08_x8,4,0.17184231,0.17184231,0.003505295,0.170281334,0.000193545,3.39e-06,wrk_53b68c74cb293f94,1,plan_7209297490c788dd,True,False,,embedded_session_autospawn_temp_worker,0.17184231,
same_run08_x8_02_run08,/home/ubuntu/quantum-workload-architecture/workloads/manifests/imported/ovh_v2/08_parity_iqp_batched_heldout_medium.yaml,embedded_session_autospawn_temp_worker,same_run08_x8,4,0.046739643,0.046739643,0.00297756,0.045423414,9.3614e-05,2.965e-06,wrk_53b68c74cb293f94,2,plan_7209297490c788dd,True,False,,embedded_session_autospawn_temp_worker,0.046739643,
same_run08_x8_03_run08,/home/ubuntu/quantum-workload-architecture/workloads/manifests/imported/ovh_v2/08_parity_iqp_batched_heldout_medium.yaml,embedded_session_autospawn_temp_worker,same_run08_x8,4,0.040489451,0.040489451,0.002532137,0.039478304,8.6236e-05,2.364e-06,wrk_53b68c74cb293f94,3,plan_7209297490c788dd,True,False,,embedded_session_autospawn_temp_worker,0.040489451,
same_run08_x8_04_run08,/home/ubuntu/quantum-workload-architecture/workloads/manifests/imported/ovh_v2/08_parity_iqp_batched_heldout_medium.yaml,embedded_session_autospawn_temp_worker,same_run08_x8,4,0.093689693,0.093689693,0.003767765,0.09243577,0.000251491,2.901e-06,wrk_53b68c74cb293f94,4,plan_7209297490c788dd,True,False,,embedded_session_autospawn_temp_worker,0.093689693,
same_run08_x8_05_run08,/home/ubuntu/quantum-workload-architecture/workloads/manifests/imported/ovh_v2/08_parity_iqp_batched_heldout_medium.yaml,embedded_session_autospawn_temp_worker,same_run08_x8,4,0.05314389,0.05314389,0.003120199,0.051841284,0.000140548,2.802e-06,wrk_53b68c74cb293f94,5,plan_7209297490c788dd,True,False,,embedded_session_autospawn_temp_worker,0.05314389,
same_run08_x8_06_run08,/home/ubuntu/quantum-workload-architecture/workloads/manifests/imported/ovh_v2/08_parity_iqp_batched_heldout_medium.yaml,embedded_session_autospawn_temp_worker,same_run08_x8,4,0.052050083,0.052050083,0.003274083,0.050625507,0.000113014,2.471e-06,wrk_53b68c74cb293f94,6,plan_7209297490c788dd,True,False,,embedded_session_autospawn_temp_worker,0.052050083,
same_run08_x8_07_run08,/home/ubuntu/quantum-workload-architecture/workloads/manifests/imported/ovh_v2/08_parity_iqp_batched_heldout_medium.yaml,embedded_session_autospawn_temp_worker,same_run08_x8,4,0.049970673,0.049970673,0.003095371,0.048693139,0.000103447,2.669e-06,wrk_53b68c74cb293f94,7,plan_7209297490c788dd,True,False,,embedded_session_autospawn_temp_worker,0.049970673,
same_run08_x8_08_run08,/home/ubuntu/quantum-workload-architecture/workloads/manifests/imported/ovh_v2/08_parity_iqp_batched_heldout_medium.yaml,embedded_session_autospawn_temp_worker,same_run08_x8,4,0.051214934,0.051214934,0.003114817,0.049881688,0.000111528,2.471e-06,wrk_53b68c74cb293f94,8,plan_7209297490c788dd,True,False,,embedded_session_autospawn_temp_worker,0.051214934,
mixed_trio_x6_01_run01,/home/ubuntu/quantum-workload-architecture/workloads/manifests/imported/ovh_v2/01_real_dense_ring6_amplitude.yaml,embedded_session_autospawn_temp_worker,mixed_trio_x6,4,0.220462166,0.220462166,0.003186583,0.219311731,0.000119242,3.217e-06,wrk_7898ecf3ac2396e7,1,plan_9681ead327789de4,True,False,,embedded_session_autospawn_temp_worker,0.220462166,
mixed_trio_x6_02_run06,/home/ubuntu/quantum-workload-architecture/workloads/manifests/imported/ovh_v2/06_star_graph_phase_amplitude_heldout_low.yaml,embedded_session_autospawn_temp_worker,mixed_trio_x6,4,0.06049937,0.06049937,0.002717506,0.059689422,0.000103311,2.997e-06,wrk_7898ecf3ac2396e7,2,plan_1e9bb43cfe444bbb,True,False,,embedded_session_autospawn_temp_worker,0.06049937,
mixed_trio_x6_03_run08,/home/ubuntu/quantum-workload-architecture/workloads/manifests/imported/ovh_v2/08_parity_iqp_batched_heldout_medium.yaml,embedded_session_autospawn_temp_worker,mixed_trio_x6,4,0.049141445,0.049141445,0.002512428,0.048332245,9.6435e-05,2.358e-06,wrk_7898ecf3ac2396e7,3,plan_7209297490c788dd,True,False,,embedded_session_autospawn_temp_worker,0.049141445,
mixed_trio_x6_04_run01,/home/ubuntu/quantum-workload-architecture/workloads/manifests/imported/ovh_v2/01_real_dense_ring6_amplitude.yaml,embedded_session_autospawn_temp_worker,mixed_trio_x6,4,0.051049919,0.051049919,0.002673334,0.05021064,9.4579e-05,2.413e-06,wrk_7898ecf3ac2396e7,4,plan_9681ead327789de4,True,False,,embedded_session_autospawn_temp_worker,0.051049919,
mixed_trio_x6_05_run06,/home/ubuntu/quantum-workload-architecture/workloads/manifests/imported/ovh_v2/06_star_graph_phase_amplitude_heldout_low.yaml,embedded_session_autospawn_temp_worker,mixed_trio_x6,4,0.054905253,0.054905253,0.002682172,0.054089811,0.000107308,2.691e-06,wrk_7898ecf3ac2396e7,5,plan_1e9bb43cfe444bbb,True,False,,embedded_session_autospawn_temp_worker,0.054905253,
mixed_trio_x6_06_run08,/home/ubuntu/quantum-workload-architecture/workloads/manifests/imported/ovh_v2/08_parity_iqp_batched_heldout_medium.yaml,embedded_session_autospawn_temp_worker,mixed_trio_x6,4,0.049328488,0.049328488,0.002551924,0.048545446,9.78e-05,2.381e-06,wrk_7898ecf3ac2396e7,6,plan_7209297490c788dd,True,False,,embedded_session_autospawn_temp_worker,0.049328488,
same_run01_x1_01_run01,/home/ubuntu/quantum-workload-architecture/workloads/manifests/imported/ovh_v2/01_real_dense_ring6_amplitude.yaml,embedded_session_autospawn_temp_worker,same_run01_x1,5,0.170635121,0.170635121,0.003398791,0.169295597,0.000136538,3.423e-06,wrk_e870a0634bdb0730,1,plan_9681ead327789de4,True,False,,embedded_session_autospawn_temp_worker,0.170635121,
same_run01_x2_01_run01,/home/ubuntu/quantum-workload-architecture/workloads/manifests/imported/ovh_v2/01_real_dense_ring6_amplitude.yaml,embedded_session_autospawn_temp_worker,same_run01_x2,5,0.180694042,0.180694042,0.006190669,0.176718809,0.000175185,3.195e-06,wrk_869b2a8255d7af96,1,plan_9681ead327789de4,True,False,,embedded_session_autospawn_temp_worker,0.180694042,
same_run01_x2_02_run01,/home/ubuntu/quantum-workload-architecture/workloads/manifests/imported/ovh_v2/01_real_dense_ring6_amplitude.yaml,embedded_session_autospawn_temp_worker,same_run01_x2,5,0.100050417,0.100050417,0.007394936,0.095071943,0.000141147,4.033e-06,wrk_869b2a8255d7af96,2,plan_9681ead327789de4,True,False,,embedded_session_autospawn_temp_worker,0.100050417,
same_run01_x4_01_run01,/home/ubuntu/quantum-workload-architecture/workloads/manifests/imported/ovh_v2/01_real_dense_ring6_amplitude.yaml,embedded_session_autospawn_temp_worker,same_run01_x4,5,0.176069111,0.176069111,0.003643126,0.174621527,0.000161736,2.677e-06,wrk_e19bb779a20fb1be,1,plan_9681ead327789de4,True,False,,embedded_session_autospawn_temp_worker,0.176069111,
same_run01_x4_02_run01,/home/ubuntu/quantum-workload-architecture/workloads/manifests/imported/ovh_v2/01_real_dense_ring6_amplitude.yaml,embedded_session_autospawn_temp_worker,same_run01_x4,5,0.047945959,0.047945959,0.00300696,0.046666698,9.483e-05,2.782e-06,wrk_e19bb779a20fb1be,2,plan_9681ead327789de4,True,False,,embedded_session_autospawn_temp_worker,0.047945959,
same_run01_x4_03_run01,/home/ubuntu/quantum-workload-architecture/workloads/manifests/imported/ovh_v2/01_real_dense_ring6_amplitude.yaml,embedded_session_autospawn_temp_worker,same_run01_x4,5,0.043013451,0.043013451,0.002936264,0.04173402,8.564e-05,2.216e-06,wrk_e19bb779a20fb1be,3,plan_9681ead327789de4,True,False,,embedded_session_autospawn_temp_worker,0.043013451,
same_run01_x4_04_run01,/home/ubuntu/quantum-workload-architecture/workloads/manifests/imported/ovh_v2/01_real_dense_ring6_amplitude.yaml,embedded_session_autospawn_temp_worker,same_run01_x4,5,0.043701881,0.043701881,0.003177393,0.042253042,0.00010144,2.281e-06,wrk_e19bb779a20fb1be,4,plan_9681ead327789de4,True,False,,embedded_session_autospawn_temp_worker,0.043701881,
same_run01_x8_01_run01,/home/ubuntu/quantum-workload-architecture/workloads/manifests/imported/ovh_v2/01_real_dense_ring6_amplitude.yaml,embedded_session_autospawn_temp_worker,same_run01_x8,5,0.168090619,0.168090619,0.003752339,0.166495116,0.000142785,3.513e-06,wrk_25f25e21c2465a41,1,plan_9681ead327789de4,True,False,,embedded_session_autospawn_temp_worker,0.168090619,
same_run01_x8_02_run01,/home/ubuntu/quantum-workload-architecture/workloads/manifests/imported/ovh_v2/01_real_dense_ring6_amplitude.yaml,embedded_session_autospawn_temp_worker,same_run01_x8,5,0.04787911,0.04787911,0.002874263,0.046765474,9.5044e-05,3.084e-06,wrk_25f25e21c2465a41,2,plan_9681ead327789de4,True,False,,embedded_session_autospawn_temp_worker,0.04787911,
same_run01_x8_03_run01,/home/ubuntu/quantum-workload-architecture/workloads/manifests/imported/ovh_v2/01_real_dense_ring6_amplitude.yaml,embedded_session_autospawn_temp_worker,same_run01_x8,5,0.04344075,0.04344075,0.002604323,0.042664824,8.6705e-05,2.667e-06,wrk_25f25e21c2465a41,3,plan_9681ead327789de4,True,False,,embedded_session_autospawn_temp_worker,0.04344075,
same_run01_x8_04_run01,/home/ubuntu/quantum-workload-architecture/workloads/manifests/imported/ovh_v2/01_real_dense_ring6_amplitude.yaml,embedded_session_autospawn_temp_worker,same_run01_x8,5,0.04301894,0.04301894,0.002508776,0.042270743,8.7664e-05,2.492e-06,wrk_25f25e21c2465a41,4,plan_9681ead327789de4,True,False,,embedded_session_autospawn_temp_worker,0.04301894,
same_run01_x8_05_run01,/home/ubuntu/quantum-workload-architecture/workloads/manifests/imported/ovh_v2/01_real_dense_ring6_amplitude.yaml,embedded_session_autospawn_temp_worker,same_run01_x8,5,0.042417603,0.042417603,0.00266225,0.041475431,8.2279e-05,2.415e-06,wrk_25f25e21c2465a41,5,plan_9681ead327789de4,True,False,,embedded_session_autospawn_temp_worker,0.042417603,
same_run01_x8_06_run01,/home/ubuntu/quantum-workload-architecture/workloads/manifests/imported/ovh_v2/01_real_dense_ring6_amplitude.yaml,embedded_session_autospawn_temp_worker,same_run01_x8,5,0.043387404,0.043387404,0.00297269,0.042107743,8.3804e-05,2.891e-06,wrk_25f25e21c2465a41,6,plan_9681ead327789de4,True,False,,embedded_session_autospawn_temp_worker,0.043387404,
same_run01_x8_07_run01,/home/ubuntu/quantum-workload-architecture/workloads/manifests/imported/ovh_v2/01_real_dense_ring6_amplitude.yaml,embedded_session_autospawn_temp_worker,same_run01_x8,5,0.044046253,0.044046253,0.003115835,0.042722067,8.7495e-05,2.6e-06,wrk_25f25e21c2465a41,7,plan_9681ead327789de4,True,False,,embedded_session_autospawn_temp_worker,0.044046253,
same_run01_x8_08_run01,/home/ubuntu/quantum-workload-architecture/workloads/manifests/imported/ovh_v2/01_real_dense_ring6_amplitude.yaml,embedded_session_autospawn_temp_worker,same_run01_x8,5,0.044011167,0.044011167,0.003171194,0.042634318,0.000105745,2.5e-06,wrk_25f25e21c2465a41,8,plan_9681ead327789de4,True,False,,embedded_session_autospawn_temp_worker,0.044011167,
same_run06_x1_01_run06,/home/ubuntu/quantum-workload-architecture/workloads/manifests/imported/ovh_v2/06_star_graph_phase_amplitude_heldout_low.yaml,embedded_session_autospawn_temp_worker,same_run06_x1,5,0.202580857,0.202580857,0.00365197,0.201077182,0.000147046,2.737e-06,wrk_256a903d7380f17a,1,plan_1e9bb43cfe444bbb,True,False,,embedded_session_autospawn_temp_worker,0.202580857,
same_run06_x2_01_run06,/home/ubuntu/quantum-workload-architecture/workloads/manifests/imported/ovh_v2/06_star_graph_phase_amplitude_heldout_low.yaml,embedded_session_autospawn_temp_worker,same_run06_x2,5,0.18136788,0.18136788,0.003921915,0.179858676,0.000138942,2.941e-06,wrk_a6d040b887e530be,1,plan_1e9bb43cfe444bbb,True,False,,embedded_session_autospawn_temp_worker,0.18136788,
same_run06_x2_02_run06,/home/ubuntu/quantum-workload-architecture/workloads/manifests/imported/ovh_v2/06_star_graph_phase_amplitude_heldout_low.yaml,embedded_session_autospawn_temp_worker,same_run06_x2,5,0.050051037,0.050051037,0.002626173,0.049158613,9.5839e-05,3.183e-06,wrk_a6d040b887e530be,2,plan_1e9bb43cfe444bbb,True,False,,embedded_session_autospawn_temp_worker,0.050051037,
same_run06_x4_01_run06,/home/ubuntu/quantum-workload-architecture/workloads/manifests/imported/ovh_v2/06_star_graph_phase_amplitude_heldout_low.yaml,embedded_session_autospawn_temp_worker,same_run06_x4,5,0.172742564,0.172742564,0.0036279,0.171210275,0.000157086,2.767e-06,wrk_db46f57afc67dac0,1,plan_1e9bb43cfe444bbb,True,False,,embedded_session_autospawn_temp_worker,0.172742564,
same_run06_x4_02_run06,/home/ubuntu/quantum-workload-architecture/workloads/manifests/imported/ovh_v2/06_star_graph_phase_amplitude_heldout_low.yaml,embedded_session_autospawn_temp_worker,same_run06_x4,5,0.052734309,0.052734309,0.003127519,0.051472139,9.3401e-05,2.947e-06,wrk_db46f57afc67dac0,2,plan_1e9bb43cfe444bbb,True,False,,embedded_session_autospawn_temp_worker,0.052734309,
same_run06_x4_03_run06,/home/ubuntu/quantum-workload-architecture/workloads/manifests/imported/ovh_v2/06_star_graph_phase_amplitude_heldout_low.yaml,embedded_session_autospawn_temp_worker,same_run06_x4,5,0.046570075,0.046570075,0.003049919,0.045262724,9.6774e-05,2.478e-06,wrk_db46f57afc67dac0,3,plan_1e9bb43cfe444bbb,True,False,,embedded_session_autospawn_temp_worker,0.046570075,
same_run06_x4_04_run06,/home/ubuntu/quantum-workload-architecture/workloads/manifests/imported/ovh_v2/06_star_graph_phase_amplitude_heldout_low.yaml,embedded_session_autospawn_temp_worker,same_run06_x4,5,0.046757098,0.046757098,0.00300773,0.045576653,8.7101e-05,2.382e-06,wrk_db46f57afc67dac0,4,plan_1e9bb43cfe444bbb,True,False,,embedded_session_autospawn_temp_worker,0.046757098,
same_run06_x8_01_run06,/home/ubuntu/quantum-workload-architecture/workloads/manifests/imported/ovh_v2/06_star_graph_phase_amplitude_heldout_low.yaml,embedded_session_autospawn_temp_worker,same_run06_x8,5,0.189329522,0.189329522,0.003379629,0.187874895,0.000126819,3.653e-06,wrk_cfb25195047bebdd,1,plan_1e9bb43cfe444bbb,True,False,,embedded_session_autospawn_temp_worker,0.189329522,
same_run06_x8_02_run06,/home/ubuntu/quantum-workload-architecture/workloads/manifests/imported/ovh_v2/06_star_graph_phase_amplitude_heldout_low.yaml,embedded_session_autospawn_temp_worker,same_run06_x8,5,0.050473032,0.050473032,0.002895358,0.049301335,9.0458e-05,3.439e-06,wrk_cfb25195047bebdd,2,plan_1e9bb43cfe444bbb,True,False,,embedded_session_autospawn_temp_worker,0.050473032,
same_run06_x8_03_run06,/home/ubuntu/quantum-workload-architecture/workloads/manifests/imported/ovh_v2/06_star_graph_phase_amplitude_heldout_low.yaml,embedded_session_autospawn_temp_worker,same_run06_x8,5,0.045924711,0.045924711,0.002942777,0.044720336,9.6612e-05,2.333e-06,wrk_cfb25195047bebdd,3,plan_1e9bb43cfe444bbb,True,False,,embedded_session_autospawn_temp_worker,0.045924711,
same_run06_x8_04_run06,/home/ubuntu/quantum-workload-architecture/workloads/manifests/imported/ovh_v2/06_star_graph_phase_amplitude_heldout_low.yaml,embedded_session_autospawn_temp_worker,same_run06_x8,5,0.045947695,0.045947695,0.002955351,0.044713626,8.926e-05,3.007e-06,wrk_cfb25195047bebdd,4,plan_1e9bb43cfe444bbb,True,False,,embedded_session_autospawn_temp_worker,0.045947695,
same_run06_x8_05_run06,/home/ubuntu/quantum-workload-architecture/workloads/manifests/imported/ovh_v2/06_star_graph_phase_amplitude_heldout_low.yaml,embedded_session_autospawn_temp_worker,same_run06_x8,5,0.045902886,0.045902886,0.003022817,0.044546807,9.615e-05,2.041e-06,wrk_cfb25195047bebdd,5,plan_1e9bb43cfe444bbb,True,False,,embedded_session_autospawn_temp_worker,0.045902886,
same_run06_x8_06_run06,/home/ubuntu/quantum-workload-architecture/workloads/manifests/imported/ovh_v2/06_star_graph_phase_amplitude_heldout_low.yaml,embedded_session_autospawn_temp_worker,same_run06_x8,5,0.046148303,0.046148303,0.002940689,0.044922816,8.8719e-05,2.338e-06,wrk_cfb25195047bebdd,6,plan_1e9bb43cfe444bbb,True,False,,embedded_session_autospawn_temp_worker,0.046148303,
same_run06_x8_07_run06,/home/ubuntu/quantum-workload-architecture/workloads/manifests/imported/ovh_v2/06_star_graph_phase_amplitude_heldout_low.yaml,embedded_session_autospawn_temp_worker,same_run06_x8,5,0.046571249,0.046571249,0.003007229,0.045351592,9.5016e-05,2.414e-06,wrk_cfb25195047bebdd,7,plan_1e9bb43cfe444bbb,True,False,,embedded_session_autospawn_temp_worker,0.046571249,
same_run06_x8_08_run06,/home/ubuntu/quantum-workload-architecture/workloads/manifests/imported/ovh_v2/06_star_graph_phase_amplitude_heldout_low.yaml,embedded_session_autospawn_temp_worker,same_run06_x8,5,0.047338789,0.047338789,0.003029506,0.046032997,9.4705e-05,2.704e-06,wrk_cfb25195047bebdd,8,plan_1e9bb43cfe444bbb,True,False,,embedded_session_autospawn_temp_worker,0.047338789,
same_run08_x1_01_run08,/home/ubuntu/quantum-workload-architecture/workloads/manifests/imported/ovh_v2/08_parity_iqp_batched_heldout_medium.yaml,embedded_session_autospawn_temp_worker,same_run08_x1,5,0.160406505,0.160406505,0.003121858,0.159172111,0.000114261,2.845e-06,wrk_3e570524cd0854e5,1,plan_7209297490c788dd,True,False,,embedded_session_autospawn_temp_worker,0.160406505,
same_run08_x2_01_run08,/home/ubuntu/quantum-workload-architecture/workloads/manifests/imported/ovh_v2/08_parity_iqp_batched_heldout_medium.yaml,embedded_session_autospawn_temp_worker,same_run08_x2,5,0.166024037,0.166024037,0.003452088,0.164557315,0.0001613,2.718e-06,wrk_a67b95ae5a5915a8,1,plan_7209297490c788dd,True,False,,embedded_session_autospawn_temp_worker,0.166024037,
same_run08_x2_02_run08,/home/ubuntu/quantum-workload-architecture/workloads/manifests/imported/ovh_v2/08_parity_iqp_batched_heldout_medium.yaml,embedded_session_autospawn_temp_worker,same_run08_x2,5,0.045914809,0.045914809,0.002927875,0.044642905,8.713e-05,3.223e-06,wrk_a67b95ae5a5915a8,2,plan_7209297490c788dd,True,False,,embedded_session_autospawn_temp_worker,0.045914809,
same_run08_x4_01_run08,/home/ubuntu/quantum-workload-architecture/workloads/manifests/imported/ovh_v2/08_parity_iqp_batched_heldout_medium.yaml,embedded_session_autospawn_temp_worker,same_run08_x4,5,0.182105034,0.182105034,0.0031463,0.180934427,0.000138763,3.491e-06,wrk_655bb2054074125e,1,plan_7209297490c788dd,True,False,,embedded_session_autospawn_temp_worker,0.182105034,
same_run08_x4_02_run08,/home/ubuntu/quantum-workload-architecture/workloads/manifests/imported/ovh_v2/08_parity_iqp_batched_heldout_medium.yaml,embedded_session_autospawn_temp_worker,same_run08_x4,5,0.05531506,0.05531506,0.003186063,0.053937696,0.000111603,3.028e-06,wrk_655bb2054074125e,2,plan_7209297490c788dd,True,False,,embedded_session_autospawn_temp_worker,0.05531506,
same_run08_x4_03_run08,/home/ubuntu/quantum-workload-architecture/workloads/manifests/imported/ovh_v2/08_parity_iqp_batched_heldout_medium.yaml,embedded_session_autospawn_temp_worker,same_run08_x4,5,0.049247922,0.049247922,0.002811801,0.048159166,0.000100817,2.866e-06,wrk_655bb2054074125e,3,plan_7209297490c788dd,True,False,,embedded_session_autospawn_temp_worker,0.049247922,
same_run08_x4_04_run08,/home/ubuntu/quantum-workload-architecture/workloads/manifests/imported/ovh_v2/08_parity_iqp_batched_heldout_medium.yaml,embedded_session_autospawn_temp_worker,same_run08_x4,5,0.065968269,0.065968269,0.003543695,0.064709747,0.000263694,2.974e-06,wrk_655bb2054074125e,4,plan_7209297490c788dd,True,False,,embedded_session_autospawn_temp_worker,0.065968269,
same_run08_x8_01_run08,/home/ubuntu/quantum-workload-architecture/workloads/manifests/imported/ovh_v2/08_parity_iqp_batched_heldout_medium.yaml,embedded_session_autospawn_temp_worker,same_run08_x8,5,0.160567381,0.160567381,0.003273333,0.159140539,0.000125694,2.595e-06,wrk_fb292dd9a7fabb7b,1,plan_7209297490c788dd,True,False,,embedded_session_autospawn_temp_worker,0.160567381,
same_run08_x8_02_run08,/home/ubuntu/quantum-workload-architecture/workloads/manifests/imported/ovh_v2/08_parity_iqp_batched_heldout_medium.yaml,embedded_session_autospawn_temp_worker,same_run08_x8,5,0.046184148,0.046184148,0.002925927,0.044941977,9.0327e-05,2.555e-06,wrk_fb292dd9a7fabb7b,2,plan_7209297490c788dd,True,False,,embedded_session_autospawn_temp_worker,0.046184148,
same_run08_x8_03_run08,/home/ubuntu/quantum-workload-architecture/workloads/manifests/imported/ovh_v2/08_parity_iqp_batched_heldout_medium.yaml,embedded_session_autospawn_temp_worker,same_run08_x8,5,0.041962282,0.041962282,0.002924485,0.040626343,9.9662e-05,2.05e-06,wrk_fb292dd9a7fabb7b,3,plan_7209297490c788dd,True,False,,embedded_session_autospawn_temp_worker,0.041962282,
same_run08_x8_04_run08,/home/ubuntu/quantum-workload-architecture/workloads/manifests/imported/ovh_v2/08_parity_iqp_batched_heldout_medium.yaml,embedded_session_autospawn_temp_worker,same_run08_x8,5,0.041894528,0.041894528,0.002793894,0.040731299,9.0525e-05,2.232e-06,wrk_fb292dd9a7fabb7b,4,plan_7209297490c788dd,True,False,,embedded_session_autospawn_temp_worker,0.041894528,
same_run08_x8_05_run08,/home/ubuntu/quantum-workload-architecture/workloads/manifests/imported/ovh_v2/08_parity_iqp_batched_heldout_medium.yaml,embedded_session_autospawn_temp_worker,same_run08_x8,5,0.041794249,0.041794249,0.002782757,0.040666334,9.648e-05,2.373e-06,wrk_fb292dd9a7fabb7b,5,plan_7209297490c788dd,True,False,,embedded_session_autospawn_temp_worker,0.041794249,
same_run08_x8_06_run08,/home/ubuntu/quantum-workload-architecture/workloads/manifests/imported/ovh_v2/08_parity_iqp_batched_heldout_medium.yaml,embedded_session_autospawn_temp_worker,same_run08_x8,5,0.041665131,0.041665131,0.002849549,0.040375976,8.6564e-05,2.037e-06,wrk_fb292dd9a7fabb7b,6,plan_7209297490c788dd,True,False,,embedded_session_autospawn_temp_worker,0.041665131,
same_run08_x8_07_run08,/home/ubuntu/quantum-workload-architecture/workloads/manifests/imported/ovh_v2/08_parity_iqp_batched_heldout_medium.yaml,embedded_session_autospawn_temp_worker,same_run08_x8,5,0.04232668,0.04232668,0.003091422,0.040867782,0.000105437,2.158e-06,wrk_fb292dd9a7fabb7b,7,plan_7209297490c788dd,True,False,,embedded_session_autospawn_temp_worker,0.04232668,
same_run08_x8_08_run08,/home/ubuntu/quantum-workload-architecture/workloads/manifests/imported/ovh_v2/08_parity_iqp_batched_heldout_medium.yaml,embedded_session_autospawn_temp_worker,same_run08_x8,5,0.041730462,0.041730462,0.002865549,0.040482456,9.165e-05,2.518e-06,wrk_fb292dd9a7fabb7b,8,plan_7209297490c788dd,True,False,,embedded_session_autospawn_temp_worker,0.041730462,
mixed_trio_x6_01_run01,/home/ubuntu/quantum-workload-architecture/workloads/manifests/imported/ovh_v2/01_real_dense_ring6_amplitude.yaml,embedded_session_autospawn_temp_worker,mixed_trio_x6,5,0.16073205,0.16073205,0.003345511,0.159389666,0.000125574,3.149e-06,wrk_51be4f10190e3e4b,1,plan_9681ead327789de4,True,False,,embedded_session_autospawn_temp_worker,0.16073205,
mixed_trio_x6_02_run06,/home/ubuntu/quantum-workload-architecture/workloads/manifests/imported/ovh_v2/06_star_graph_phase_amplitude_heldout_low.yaml,embedded_session_autospawn_temp_worker,mixed_trio_x6,5,0.051195825,0.051195825,0.003014991,0.049922715,0.0001191,2.948e-06,wrk_51be4f10190e3e4b,2,plan_1e9bb43cfe444bbb,True,False,,embedded_session_autospawn_temp_worker,0.051195825,
mixed_trio_x6_03_run08,/home/ubuntu/quantum-workload-architecture/workloads/manifests/imported/ovh_v2/08_parity_iqp_batched_heldout_medium.yaml,embedded_session_autospawn_temp_worker,mixed_trio_x6,5,0.041780682,0.041780682,0.002859501,0.040572217,8.7301e-05,2.447e-06,wrk_51be4f10190e3e4b,3,plan_7209297490c788dd,True,False,,embedded_session_autospawn_temp_worker,0.041780682,
mixed_trio_x6_04_run01,/home/ubuntu/quantum-workload-architecture/workloads/manifests/imported/ovh_v2/01_real_dense_ring6_amplitude.yaml,embedded_session_autospawn_temp_worker,mixed_trio_x6,5,0.043902679,0.043902679,0.003046584,0.042504332,9.2336e-05,2.306e-06,wrk_51be4f10190e3e4b,4,plan_9681ead327789de4,True,False,,embedded_session_autospawn_temp_worker,0.043902679,
mixed_trio_x6_05_run06,/home/ubuntu/quantum-workload-architecture/workloads/manifests/imported/ovh_v2/06_star_graph_phase_amplitude_heldout_low.yaml,embedded_session_autospawn_temp_worker,mixed_trio_x6,5,0.04552995,0.04552995,0.002959237,0.044223191,8.4592e-05,2.249e-06,wrk_51be4f10190e3e4b,5,plan_1e9bb43cfe444bbb,True,False,,embedded_session_autospawn_temp_worker,0.04552995,
mixed_trio_x6_06_run08,/home/ubuntu/quantum-workload-architecture/workloads/manifests/imported/ovh_v2/08_parity_iqp_batched_heldout_medium.yaml,embedded_session_autospawn_temp_worker,mixed_trio_x6,5,0.041845809,0.041845809,0.002776426,0.040686924,8.3783e-05,2.364e-06,wrk_51be4f10190e3e4b,6,plan_7209297490c788dd,True,False,,embedded_session_autospawn_temp_worker,0.041845809,
