request_id,workload_manifest,mode,sequence_label,benchmark_repeat,cli_wall_s,driver_total_s,outer_driver_overhead_s,worker_execute_s,worker_request_dispatch_s,worker_reply_s,worker_session_id,session_request_index,selected_plan_id,correctness_ok,fallback_used,fallback_reason,runner_mode,request_wall_s,execution_payload_path
same_run01_x1_01_run01,/home/ubuntu/quantum-workload-architecture/workloads/manifests/imported/ovh_v2/01_real_dense_ring6_amplitude.yaml,persistent_warm_cli,same_run01_x1,1,0.691145607,0.26976379,0.183858896,0.088663622,0.000294912,3.787e-06,wrk_f9fceb7946cbb6ef,2,plan_9681ead327789de4,True,False,,,,
same_run01_x2_01_run01,/home/ubuntu/quantum-workload-architecture/workloads/manifests/imported/ovh_v2/01_real_dense_ring6_amplitude.yaml,persistent_warm_cli,same_run01_x2,1,0.676038018,0.293162121,0.205565506,0.090114733,0.000284626,3.007e-06,wrk_f9fceb7946cbb6ef,3,plan_9681ead327789de4,True,False,,,,
same_run01_x2_02_run01,/home/ubuntu/quantum-workload-architecture/workloads/manifests/imported/ovh_v2/01_real_dense_ring6_amplitude.yaml,persistent_warm_cli,same_run01_x2,1,0.637350655,0.231556441,0.154951479,0.079171985,0.000302252,2.796e-06,wrk_f9fceb7946cbb6ef,4,plan_9681ead327789de4,True,False,,,,
same_run01_x4_01_run01,/home/ubuntu/quantum-workload-architecture/workloads/manifests/imported/ovh_v2/01_real_dense_ring6_amplitude.yaml,persistent_warm_cli,same_run01_x4,1,0.631083819,0.242766574,0.178402287,0.066726825,0.000299959,2.569e-06,wrk_f9fceb7946cbb6ef,5,plan_9681ead327789de4,True,False,,,,
same_run01_x4_02_run01,/home/ubuntu/quantum-workload-architecture/workloads/manifests/imported/ovh_v2/01_real_dense_ring6_amplitude.yaml,persistent_warm_cli,same_run01_x4,1,0.66359914,0.274302479,0.191188526,0.085547081,0.000270138,2.621e-06,wrk_f9fceb7946cbb6ef,6,plan_9681ead327789de4,True,False,,,,
same_run01_x4_03_run01,/home/ubuntu/quantum-workload-architecture/workloads/manifests/imported/ovh_v2/01_real_dense_ring6_amplitude.yaml,persistent_warm_cli,same_run01_x4,1,0.534498462,0.147129175,0.09754743,0.051499293,0.000120452,2.451e-06,wrk_f9fceb7946cbb6ef,7,plan_9681ead327789de4,True,False,,,,
same_run01_x4_04_run01,/home/ubuntu/quantum-workload-architecture/workloads/manifests/imported/ovh_v2/01_real_dense_ring6_amplitude.yaml,persistent_warm_cli,same_run01_x4,1,0.622518115,0.255387717,0.169841601,0.08804798,0.00030655,3.07e-06,wrk_f9fceb7946cbb6ef,8,plan_9681ead327789de4,True,False,,,,
same_run01_x8_01_run01,/home/ubuntu/quantum-workload-architecture/workloads/manifests/imported/ovh_v2/01_real_dense_ring6_amplitude.yaml,persistent_warm_cli,same_run01_x8,1,0.687543653,0.265128314,0.198463563,0.068822255,0.000187909,2.709e-06,wrk_f9fceb7946cbb6ef,9,plan_9681ead327789de4,True,False,,,,
same_run01_x8_02_run01,/home/ubuntu/quantum-workload-architecture/workloads/manifests/imported/ovh_v2/01_real_dense_ring6_amplitude.yaml,persistent_warm_cli,same_run01_x8,1,0.590007572,0.204765709,0.128483134,0.078814349,0.000287331,2.989e-06,wrk_f9fceb7946cbb6ef,10,plan_9681ead327789de4,True,False,,,,
same_run01_x8_03_run01,/home/ubuntu/quantum-workload-architecture/workloads/manifests/imported/ovh_v2/01_real_dense_ring6_amplitude.yaml,persistent_warm_cli,same_run01_x8,1,0.635836639,0.261596272,0.182548689,0.081555817,0.000318834,2.938e-06,wrk_f9fceb7946cbb6ef,11,plan_9681ead327789de4,True,False,,,,
same_run01_x8_04_run01,/home/ubuntu/quantum-workload-architecture/workloads/manifests/imported/ovh_v2/01_real_dense_ring6_amplitude.yaml,persistent_warm_cli,same_run01_x8,1,0.648347977,0.273587666,0.189066832,0.087211132,0.000326695,2.743e-06,wrk_f9fceb7946cbb6ef,12,plan_9681ead327789de4,True,False,,,,
same_run01_x8_05_run01,/home/ubuntu/quantum-workload-architecture/workloads/manifests/imported/ovh_v2/01_real_dense_ring6_amplitude.yaml,persistent_warm_cli,same_run01_x8,1,0.612440856,0.255657792,0.181130617,0.077202237,0.000313649,2.834e-06,wrk_f9fceb7946cbb6ef,13,plan_9681ead327789de4,True,False,,,,
same_run01_x8_06_run01,/home/ubuntu/quantum-workload-architecture/workloads/manifests/imported/ovh_v2/01_real_dense_ring6_amplitude.yaml,persistent_warm_cli,same_run01_x8,1,0.662932732,0.281539304,0.194947581,0.089462378,0.000303402,2.895e-06,wrk_f9fceb7946cbb6ef,14,plan_9681ead327789de4,True,False,,,,
same_run01_x8_07_run01,/home/ubuntu/quantum-workload-architecture/workloads/manifests/imported/ovh_v2/01_real_dense_ring6_amplitude.yaml,persistent_warm_cli,same_run01_x8,1,0.620712358,0.264902667,0.18103046,0.086336845,0.000282595,2.769e-06,wrk_f9fceb7946cbb6ef,15,plan_9681ead327789de4,True,False,,,,
same_run01_x8_08_run01,/home/ubuntu/quantum-workload-architecture/workloads/manifests/imported/ovh_v2/01_real_dense_ring6_amplitude.yaml,persistent_warm_cli,same_run01_x8,1,0.659080352,0.241835392,0.161598023,0.082645061,0.000280055,2.404e-06,wrk_f9fceb7946cbb6ef,16,plan_9681ead327789de4,True,False,,,,
same_run06_x1_01_run06,/home/ubuntu/quantum-workload-architecture/workloads/manifests/imported/ovh_v2/06_star_graph_phase_amplitude_heldout_low.yaml,persistent_warm_cli,same_run06_x1,1,0.672209477,0.290770635,0.198331444,0.095037102,0.000336213,2.782e-06,wrk_f9fceb7946cbb6ef,17,plan_1e9bb43cfe444bbb,True,False,,,,
same_run06_x2_01_run06,/home/ubuntu/quantum-workload-architecture/workloads/manifests/imported/ovh_v2/06_star_graph_phase_amplitude_heldout_low.yaml,persistent_warm_cli,same_run06_x2,1,0.649598501,0.270154248,0.172370028,0.102295684,0.000289768,5.367e-06,wrk_f9fceb7946cbb6ef,18,plan_1e9bb43cfe444bbb,True,False,,,,
same_run06_x2_02_run06,/home/ubuntu/quantum-workload-architecture/workloads/manifests/imported/ovh_v2/06_star_graph_phase_amplitude_heldout_low.yaml,persistent_warm_cli,same_run06_x2,1,0.673629684,0.267925756,0.172821318,0.097920677,0.000306565,3.244e-06,wrk_f9fceb7946cbb6ef,19,plan_1e9bb43cfe444bbb,True,False,,,,
same_run06_x4_01_run06,/home/ubuntu/quantum-workload-architecture/workloads/manifests/imported/ovh_v2/06_star_graph_phase_amplitude_heldout_low.yaml,persistent_warm_cli,same_run06_x4,1,0.688751535,0.274917973,0.183154995,0.094323119,0.00029048,3.136e-06,wrk_f9fceb7946cbb6ef,20,plan_1e9bb43cfe444bbb,True,False,,,,
same_run06_x4_02_run06,/home/ubuntu/quantum-workload-architecture/workloads/manifests/imported/ovh_v2/06_star_graph_phase_amplitude_heldout_low.yaml,persistent_warm_cli,same_run06_x4,1,0.707901293,0.28508897,0.194753776,0.093022365,0.000322722,2.631e-06,wrk_f9fceb7946cbb6ef,21,plan_1e9bb43cfe444bbb,True,False,,,,
same_run06_x4_03_run06,/home/ubuntu/quantum-workload-architecture/workloads/manifests/imported/ovh_v2/06_star_graph_phase_amplitude_heldout_low.yaml,persistent_warm_cli,same_run06_x4,1,0.648078345,0.266296327,0.16989617,0.099191222,0.00028971,3.296e-06,wrk_f9fceb7946cbb6ef,22,plan_1e9bb43cfe444bbb,True,False,,,,
same_run06_x4_04_run06,/home/ubuntu/quantum-workload-architecture/workloads/manifests/imported/ovh_v2/06_star_graph_phase_amplitude_heldout_low.yaml,persistent_warm_cli,same_run06_x4,1,0.736617571,0.295975148,0.200866727,0.097767299,0.00028971,2.419e-06,wrk_f9fceb7946cbb6ef,23,plan_1e9bb43cfe444bbb,True,False,,,,
same_run06_x8_01_run06,/home/ubuntu/quantum-workload-architecture/workloads/manifests/imported/ovh_v2/06_star_graph_phase_amplitude_heldout_low.yaml,persistent_warm_cli,same_run06_x8,1,0.623887782,0.205276493,0.15205591,0.055201125,0.000130147,3.313e-06,wrk_f9fceb7946cbb6ef,24,plan_1e9bb43cfe444bbb,True,False,,,,
same_run06_x8_02_run06,/home/ubuntu/quantum-workload-architecture/workloads/manifests/imported/ovh_v2/06_star_graph_phase_amplitude_heldout_low.yaml,persistent_warm_cli,same_run06_x8,1,0.716976124,0.295099419,0.199902183,0.097786183,0.000324955,3.116e-06,wrk_f9fceb7946cbb6ef,25,plan_1e9bb43cfe444bbb,True,False,,,,
same_run06_x8_03_run06,/home/ubuntu/quantum-workload-architecture/workloads/manifests/imported/ovh_v2/06_star_graph_phase_amplitude_heldout_low.yaml,persistent_warm_cli,same_run06_x8,1,0.59385797,0.218941425,0.145704909,0.075686304,0.000308549,2.472e-06,wrk_f9fceb7946cbb6ef,26,plan_1e9bb43cfe444bbb,True,False,,,,
same_run06_x8_04_run06,/home/ubuntu/quantum-workload-architecture/workloads/manifests/imported/ovh_v2/06_star_graph_phase_amplitude_heldout_low.yaml,persistent_warm_cli,same_run06_x8,1,0.741811557,0.307472449,0.218038041,0.092228122,0.000348125,3.112e-06,wrk_f9fceb7946cbb6ef,27,plan_1e9bb43cfe444bbb,True,False,,,,
same_run06_x8_05_run06,/home/ubuntu/quantum-workload-architecture/workloads/manifests/imported/ovh_v2/06_star_graph_phase_amplitude_heldout_low.yaml,persistent_warm_cli,same_run06_x8,1,0.618186596,0.254144162,0.166001879,0.090772894,0.000285623,2.894e-06,wrk_f9fceb7946cbb6ef,28,plan_1e9bb43cfe444bbb,True,False,,,,
same_run06_x8_06_run06,/home/ubuntu/quantum-workload-architecture/workloads/manifests/imported/ovh_v2/06_star_graph_phase_amplitude_heldout_low.yaml,persistent_warm_cli,same_run06_x8,1,0.664647165,0.275781836,0.18512304,0.093153778,0.000310052,2.508e-06,wrk_f9fceb7946cbb6ef,29,plan_1e9bb43cfe444bbb,True,False,,,,
same_run06_x8_07_run06,/home/ubuntu/quantum-workload-architecture/workloads/manifests/imported/ovh_v2/06_star_graph_phase_amplitude_heldout_low.yaml,persistent_warm_cli,same_run06_x8,1,0.712828434,0.298180373,0.206036853,0.09470898,0.000305478,2.563e-06,wrk_f9fceb7946cbb6ef,30,plan_1e9bb43cfe444bbb,True,False,,,,
same_run06_x8_08_run06,/home/ubuntu/quantum-workload-architecture/workloads/manifests/imported/ovh_v2/06_star_graph_phase_amplitude_heldout_low.yaml,persistent_warm_cli,same_run06_x8,1,0.674324388,0.300348565,0.212337218,0.090675477,0.000283795,2.963e-06,wrk_f9fceb7946cbb6ef,31,plan_1e9bb43cfe444bbb,True,False,,,,
same_run08_x1_01_run08,/home/ubuntu/quantum-workload-architecture/workloads/manifests/imported/ovh_v2/08_parity_iqp_batched_heldout_medium.yaml,persistent_warm_cli,same_run08_x1,1,0.717273192,0.280542444,0.194565236,0.088594609,0.000293162,2.778e-06,wrk_f9fceb7946cbb6ef,32,plan_7209297490c788dd,True,False,,,,
same_run08_x2_01_run08,/home/ubuntu/quantum-workload-architecture/workloads/manifests/imported/ovh_v2/08_parity_iqp_batched_heldout_medium.yaml,persistent_warm_cli,same_run08_x2,1,0.622988091,0.248856928,0.185079712,0.065901059,0.000198234,2.384e-06,wrk_f9fceb7946cbb6ef,33,plan_7209297490c788dd,True,False,,,,
same_run08_x2_02_run08,/home/ubuntu/quantum-workload-architecture/workloads/manifests/imported/ovh_v2/08_parity_iqp_batched_heldout_medium.yaml,persistent_warm_cli,same_run08_x2,1,0.659855882,0.264864416,0.183587801,0.084226676,0.000447956,2.676e-06,wrk_f9fceb7946cbb6ef,34,plan_7209297490c788dd,True,False,,,,
same_run08_x4_01_run08,/home/ubuntu/quantum-workload-architecture/workloads/manifests/imported/ovh_v2/08_parity_iqp_batched_heldout_medium.yaml,persistent_warm_cli,same_run08_x4,1,0.686945213,0.289498586,0.204113475,0.088076087,0.000299629,2.783e-06,wrk_f9fceb7946cbb6ef,35,plan_7209297490c788dd,True,False,,,,
same_run08_x4_02_run08,/home/ubuntu/quantum-workload-architecture/workloads/manifests/imported/ovh_v2/08_parity_iqp_batched_heldout_medium.yaml,persistent_warm_cli,same_run08_x4,1,0.717397544,0.28132809,0.197110866,0.086690975,0.000297337,3.062e-06,wrk_f9fceb7946cbb6ef,36,plan_7209297490c788dd,True,False,,,,
same_run08_x4_03_run08,/home/ubuntu/quantum-workload-architecture/workloads/manifests/imported/ovh_v2/08_parity_iqp_batched_heldout_medium.yaml,persistent_warm_cli,same_run08_x4,1,0.681510244,0.218535415,0.135046988,0.085999902,0.000282475,2.413e-06,wrk_f9fceb7946cbb6ef,37,plan_7209297490c788dd,True,False,,,,
same_run08_x4_04_run08,/home/ubuntu/quantum-workload-architecture/workloads/manifests/imported/ovh_v2/08_parity_iqp_batched_heldout_medium.yaml,persistent_warm_cli,same_run08_x4,1,0.66496369,0.275839787,0.198781678,0.079501912,0.000339674,2.854e-06,wrk_f9fceb7946cbb6ef,38,plan_7209297490c788dd,True,False,,,,
same_run08_x8_01_run08,/home/ubuntu/quantum-workload-architecture/workloads/manifests/imported/ovh_v2/08_parity_iqp_batched_heldout_medium.yaml,persistent_warm_cli,same_run08_x8,1,0.666242493,0.264275547,0.18191315,0.085090808,0.000314649,2.832e-06,wrk_f9fceb7946cbb6ef,39,plan_7209297490c788dd,True,False,,,,
same_run08_x8_02_run08,/home/ubuntu/quantum-workload-architecture/workloads/manifests/imported/ovh_v2/08_parity_iqp_batched_heldout_medium.yaml,persistent_warm_cli,same_run08_x8,1,0.732841233,0.297729427,0.210634772,0.08962123,0.000349822,3.182e-06,wrk_f9fceb7946cbb6ef,40,plan_7209297490c788dd,True,False,,,,
same_run08_x8_03_run08,/home/ubuntu/quantum-workload-architecture/workloads/manifests/imported/ovh_v2/08_parity_iqp_batched_heldout_medium.yaml,persistent_warm_cli,same_run08_x8,1,0.720815612,0.28934568,0.202013224,0.090054288,0.00031968,2.553e-06,wrk_f9fceb7946cbb6ef,41,plan_7209297490c788dd,True,False,,,,
same_run08_x8_04_run08,/home/ubuntu/quantum-workload-architecture/workloads/manifests/imported/ovh_v2/08_parity_iqp_batched_heldout_medium.yaml,persistent_warm_cli,same_run08_x8,1,0.617778627,0.21510061,0.147327428,0.070113382,0.00026965,3.065e-06,wrk_f9fceb7946cbb6ef,42,plan_7209297490c788dd,True,False,,,,
same_run08_x8_05_run08,/home/ubuntu/quantum-workload-architecture/workloads/manifests/imported/ovh_v2/08_parity_iqp_batched_heldout_medium.yaml,persistent_warm_cli,same_run08_x8,1,0.704003438,0.285873695,0.203227518,0.085084263,0.000280793,2.622e-06,wrk_f9fceb7946cbb6ef,43,plan_7209297490c788dd,True,False,,,,
same_run08_x8_06_run08,/home/ubuntu/quantum-workload-architecture/workloads/manifests/imported/ovh_v2/08_parity_iqp_batched_heldout_medium.yaml,persistent_warm_cli,same_run08_x8,1,0.653156207,0.274318294,0.195669146,0.081126995,0.000327471,2.636e-06,wrk_f9fceb7946cbb6ef,44,plan_7209297490c788dd,True,False,,,,
same_run08_x8_07_run08,/home/ubuntu/quantum-workload-architecture/workloads/manifests/imported/ovh_v2/08_parity_iqp_batched_heldout_medium.yaml,persistent_warm_cli,same_run08_x8,1,0.654788277,0.261297309,0.172699744,0.091209592,0.000288702,2.992e-06,wrk_f9fceb7946cbb6ef,45,plan_7209297490c788dd,True,False,,,,
same_run08_x8_08_run08,/home/ubuntu/quantum-workload-architecture/workloads/manifests/imported/ovh_v2/08_parity_iqp_batched_heldout_medium.yaml,persistent_warm_cli,same_run08_x8,1,0.64830192,0.270020521,0.18041692,0.092344492,0.000325264,2.521e-06,wrk_f9fceb7946cbb6ef,46,plan_7209297490c788dd,True,False,,,,
mixed_trio_x6_01_run01,/home/ubuntu/quantum-workload-architecture/workloads/manifests/imported/ovh_v2/01_real_dense_ring6_amplitude.yaml,persistent_warm_cli,mixed_trio_x6,1,0.675618679,0.262742057,0.180549761,0.084716211,0.000290408,2.269e-06,wrk_f9fceb7946cbb6ef,47,plan_9681ead327789de4,True,False,,,,
mixed_trio_x6_02_run06,/home/ubuntu/quantum-workload-architecture/workloads/manifests/imported/ovh_v2/06_star_graph_phase_amplitude_heldout_low.yaml,persistent_warm_cli,mixed_trio_x6,1,0.6834668,0.274746753,0.183296886,0.093993075,0.000289491,3.26e-06,wrk_f9fceb7946cbb6ef,48,plan_1e9bb43cfe444bbb,True,False,,,,
mixed_trio_x6_03_run08,/home/ubuntu/quantum-workload-architecture/workloads/manifests/imported/ovh_v2/08_parity_iqp_batched_heldout_medium.yaml,persistent_warm_cli,mixed_trio_x6,1,0.652175368,0.266749561,0.179619053,0.089645571,0.000287568,2.79e-06,wrk_f9fceb7946cbb6ef,49,plan_7209297490c788dd,True,False,,,,
mixed_trio_x6_04_run01,/home/ubuntu/quantum-workload-architecture/workloads/manifests/imported/ovh_v2/01_real_dense_ring6_amplitude.yaml,persistent_warm_cli,mixed_trio_x6,1,0.639498709,0.262752288,0.178581464,0.086651065,0.000289098,2.737e-06,wrk_f9fceb7946cbb6ef,50,plan_9681ead327789de4,True,False,,,,
mixed_trio_x6_05_run06,/home/ubuntu/quantum-workload-architecture/workloads/manifests/imported/ovh_v2/06_star_graph_phase_amplitude_heldout_low.yaml,persistent_warm_cli,mixed_trio_x6,1,0.663265616,0.281418676,0.192342358,0.091811173,0.000289568,2.626e-06,wrk_f9fceb7946cbb6ef,51,plan_1e9bb43cfe444bbb,True,False,,,,
mixed_trio_x6_06_run08,/home/ubuntu/quantum-workload-architecture/workloads/manifests/imported/ovh_v2/08_parity_iqp_batched_heldout_medium.yaml,persistent_warm_cli,mixed_trio_x6,1,0.7112586,0.28263678,0.205099461,0.080067515,0.000289553,2.703e-06,wrk_f9fceb7946cbb6ef,52,plan_7209297490c788dd,True,False,,,,
same_run01_x1_01_run01,/home/ubuntu/quantum-workload-architecture/workloads/manifests/imported/ovh_v2/01_real_dense_ring6_amplitude.yaml,persistent_warm_cli,same_run01_x1,2,0.634706228,0.257367257,0.176031048,0.083751706,0.000266,2.265e-06,wrk_f9fceb7946cbb6ef,53,plan_9681ead327789de4,True,False,,,,
same_run01_x2_01_run01,/home/ubuntu/quantum-workload-architecture/workloads/manifests/imported/ovh_v2/01_real_dense_ring6_amplitude.yaml,persistent_warm_cli,same_run01_x2,2,0.662832335,0.280282448,0.19122717,0.091603833,0.000320159,2.462e-06,wrk_f9fceb7946cbb6ef,54,plan_9681ead327789de4,True,False,,,,
same_run01_x2_02_run01,/home/ubuntu/quantum-workload-architecture/workloads/manifests/imported/ovh_v2/01_real_dense_ring6_amplitude.yaml,persistent_warm_cli,same_run01_x2,2,0.731764247,0.290423418,0.205054912,0.087917047,0.000292905,2.812e-06,wrk_f9fceb7946cbb6ef,55,plan_9681ead327789de4,True,False,,,,
same_run01_x4_01_run01,/home/ubuntu/quantum-workload-architecture/workloads/manifests/imported/ovh_v2/01_real_dense_ring6_amplitude.yaml,persistent_warm_cli,same_run01_x4,2,0.69626279,0.273350415,0.189951688,0.085959305,0.000342823,2.619e-06,wrk_f9fceb7946cbb6ef,56,plan_9681ead327789de4,True,False,,,,
same_run01_x4_02_run01,/home/ubuntu/quantum-workload-architecture/workloads/manifests/imported/ovh_v2/01_real_dense_ring6_amplitude.yaml,persistent_warm_cli,same_run01_x4,2,0.634214594,0.251351202,0.175322401,0.07849985,0.000308073,2.368e-06,wrk_f9fceb7946cbb6ef,57,plan_9681ead327789de4,True,False,,,,
same_run01_x4_03_run01,/home/ubuntu/quantum-workload-architecture/workloads/manifests/imported/ovh_v2/01_real_dense_ring6_amplitude.yaml,persistent_warm_cli,same_run01_x4,2,0.62441368,0.26812097,0.189211627,0.081834788,0.000474819,2.727e-06,wrk_f9fceb7946cbb6ef,58,plan_9681ead327789de4,True,False,,,,
same_run01_x4_04_run01,/home/ubuntu/quantum-workload-architecture/workloads/manifests/imported/ovh_v2/01_real_dense_ring6_amplitude.yaml,persistent_warm_cli,same_run01_x4,2,0.701252622,0.287507308,0.198077421,0.091904272,0.000287744,2.569e-06,wrk_f9fceb7946cbb6ef,59,plan_9681ead327789de4,True,False,,,,
same_run01_x8_01_run01,/home/ubuntu/quantum-workload-architecture/workloads/manifests/imported/ovh_v2/01_real_dense_ring6_amplitude.yaml,persistent_warm_cli,same_run01_x8,2,0.603911409,0.188131844,0.129423616,0.060745061,0.000220582,2.701e-06,wrk_f9fceb7946cbb6ef,60,plan_9681ead327789de4,True,False,,,,
same_run01_x8_02_run01,/home/ubuntu/quantum-workload-architecture/workloads/manifests/imported/ovh_v2/01_real_dense_ring6_amplitude.yaml,persistent_warm_cli,same_run01_x8,2,0.556502854,0.187574405,0.118092775,0.071922038,0.00032829,2.304e-06,wrk_f9fceb7946cbb6ef,61,plan_9681ead327789de4,True,False,,,,
same_run01_x8_03_run01,/home/ubuntu/quantum-workload-architecture/workloads/manifests/imported/ovh_v2/01_real_dense_ring6_amplitude.yaml,persistent_warm_cli,same_run01_x8,2,0.638272292,0.281900103,0.196351446,0.088074769,0.000334007,2.689e-06,wrk_f9fceb7946cbb6ef,62,plan_9681ead327789de4,True,False,,,,
same_run01_x8_04_run01,/home/ubuntu/quantum-workload-architecture/workloads/manifests/imported/ovh_v2/01_real_dense_ring6_amplitude.yaml,persistent_warm_cli,same_run01_x8,2,0.657534434,0.285685223,0.197449769,0.090717125,0.000325679,3.305e-06,wrk_f9fceb7946cbb6ef,63,plan_9681ead327789de4,True,False,,,,
same_run01_x8_05_run01,/home/ubuntu/quantum-workload-architecture/workloads/manifests/imported/ovh_v2/01_real_dense_ring6_amplitude.yaml,persistent_warm_cli,same_run01_x8,2,0.631228763,0.199726171,0.143390975,0.058425701,0.000176519,2.442e-06,wrk_f9fceb7946cbb6ef,64,plan_9681ead327789de4,True,False,,,,
same_run01_x8_06_run01,/home/ubuntu/quantum-workload-architecture/workloads/manifests/imported/ovh_v2/01_real_dense_ring6_amplitude.yaml,persistent_warm_cli,same_run01_x8,2,0.668939163,0.278857355,0.193382996,0.088052095,0.000341794,2.387e-06,wrk_f9fceb7946cbb6ef,65,plan_9681ead327789de4,True,False,,,,
same_run01_x8_07_run01,/home/ubuntu/quantum-workload-architecture/workloads/manifests/imported/ovh_v2/01_real_dense_ring6_amplitude.yaml,persistent_warm_cli,same_run01_x8,2,0.695013727,0.27927834,0.193060078,0.08869601,0.000301889,2.828e-06,wrk_f9fceb7946cbb6ef,66,plan_9681ead327789de4,True,False,,,,
same_run01_x8_08_run01,/home/ubuntu/quantum-workload-architecture/workloads/manifests/imported/ovh_v2/01_real_dense_ring6_amplitude.yaml,persistent_warm_cli,same_run01_x8,2,0.650819565,0.264957092,0.176441173,0.091008897,0.000296057,2.542e-06,wrk_f9fceb7946cbb6ef,67,plan_9681ead327789de4,True,False,,,,
same_run06_x1_01_run06,/home/ubuntu/quantum-workload-architecture/workloads/manifests/imported/ovh_v2/06_star_graph_phase_amplitude_heldout_low.yaml,persistent_warm_cli,same_run06_x1,2,0.616184786,0.241212928,0.167396735,0.076160907,0.000217965,2.641e-06,wrk_f9fceb7946cbb6ef,68,plan_1e9bb43cfe444bbb,True,False,,,,
same_run06_x2_01_run06,/home/ubuntu/quantum-workload-architecture/workloads/manifests/imported/ovh_v2/06_star_graph_phase_amplitude_heldout_low.yaml,persistent_warm_cli,same_run06_x2,2,0.673319171,0.255169722,0.186136707,0.071233749,0.0002079,2.774e-06,wrk_f9fceb7946cbb6ef,69,plan_1e9bb43cfe444bbb,True,False,,,,
same_run06_x2_02_run06,/home/ubuntu/quantum-workload-architecture/workloads/manifests/imported/ovh_v2/06_star_graph_phase_amplitude_heldout_low.yaml,persistent_warm_cli,same_run06_x2,2,0.677955722,0.261255634,0.171118645,0.092754419,0.000335295,2.433e-06,wrk_f9fceb7946cbb6ef,70,plan_1e9bb43cfe444bbb,True,False,,,,
same_run06_x4_01_run06,/home/ubuntu/quantum-workload-architecture/workloads/manifests/imported/ovh_v2/06_star_graph_phase_amplitude_heldout_low.yaml,persistent_warm_cli,same_run06_x4,2,0.655333337,0.261840563,0.184354675,0.080064591,0.000289569,2.598e-06,wrk_f9fceb7946cbb6ef,71,plan_1e9bb43cfe444bbb,True,False,,,,
same_run06_x4_02_run06,/home/ubuntu/quantum-workload-architecture/workloads/manifests/imported/ovh_v2/06_star_graph_phase_amplitude_heldout_low.yaml,persistent_warm_cli,same_run06_x4,2,0.655303753,0.234993361,0.15475729,0.082721994,0.000310656,2.25e-06,wrk_f9fceb7946cbb6ef,72,plan_1e9bb43cfe444bbb,True,False,,,,
same_run06_x4_03_run06,/home/ubuntu/quantum-workload-architecture/workloads/manifests/imported/ovh_v2/06_star_graph_phase_amplitude_heldout_low.yaml,persistent_warm_cli,same_run06_x4,2,0.762507602,0.289721733,0.204195601,0.088136718,0.000258513,2.53e-06,wrk_f9fceb7946cbb6ef,73,plan_1e9bb43cfe444bbb,True,False,,,,
same_run06_x4_04_run06,/home/ubuntu/quantum-workload-architecture/workloads/manifests/imported/ovh_v2/06_star_graph_phase_amplitude_heldout_low.yaml,persistent_warm_cli,same_run06_x4,2,0.679220253,0.256138717,0.167000292,0.091738372,0.000327685,2.961e-06,wrk_f9fceb7946cbb6ef,74,plan_1e9bb43cfe444bbb,True,False,,,,
same_run06_x8_01_run06,/home/ubuntu/quantum-workload-architecture/workloads/manifests/imported/ovh_v2/06_star_graph_phase_amplitude_heldout_low.yaml,persistent_warm_cli,same_run06_x8,2,0.699074067,0.279566505,0.188144256,0.093932703,0.00039726,2.732e-06,wrk_f9fceb7946cbb6ef,75,plan_1e9bb43cfe444bbb,True,False,,,,
same_run06_x8_02_run06,/home/ubuntu/quantum-workload-architecture/workloads/manifests/imported/ovh_v2/06_star_graph_phase_amplitude_heldout_low.yaml,persistent_warm_cli,same_run06_x8,2,0.695444142,0.274509855,0.191737168,0.08523256,0.000285292,2.361e-06,wrk_f9fceb7946cbb6ef,76,plan_1e9bb43cfe444bbb,True,False,,,,
same_run06_x8_03_run06,/home/ubuntu/quantum-workload-architecture/workloads/manifests/imported/ovh_v2/06_star_graph_phase_amplitude_heldout_low.yaml,persistent_warm_cli,same_run06_x8,2,0.649178069,0.287522157,0.20008763,0.089997842,0.000289497,2.514e-06,wrk_f9fceb7946cbb6ef,77,plan_1e9bb43cfe444bbb,True,False,,,,
same_run06_x8_04_run06,/home/ubuntu/quantum-workload-architecture/workloads/manifests/imported/ovh_v2/06_star_graph_phase_amplitude_heldout_low.yaml,persistent_warm_cli,same_run06_x8,2,0.612066948,0.244421456,0.162822838,0.084074381,0.000269294,2.432e-06,wrk_f9fceb7946cbb6ef,78,plan_1e9bb43cfe444bbb,True,False,,,,
same_run06_x8_05_run06,/home/ubuntu/quantum-workload-architecture/workloads/manifests/imported/ovh_v2/06_star_graph_phase_amplitude_heldout_low.yaml,persistent_warm_cli,same_run06_x8,2,0.669755901,0.247497477,0.161640857,0.088553033,0.000324501,2.596e-06,wrk_f9fceb7946cbb6ef,79,plan_1e9bb43cfe444bbb,True,False,,,,
same_run06_x8_06_run06,/home/ubuntu/quantum-workload-architecture/workloads/manifests/imported/ovh_v2/06_star_graph_phase_amplitude_heldout_low.yaml,persistent_warm_cli,same_run06_x8,2,0.650639344,0.279334967,0.193132381,0.08879449,0.00037643,2.461e-06,wrk_f9fceb7946cbb6ef,80,plan_1e9bb43cfe444bbb,True,False,,,,
same_run06_x8_07_run06,/home/ubuntu/quantum-workload-architecture/workloads/manifests/imported/ovh_v2/06_star_graph_phase_amplitude_heldout_low.yaml,persistent_warm_cli,same_run06_x8,2,0.664829725,0.289282018,0.194771821,0.097010895,0.00028195,2.499e-06,wrk_f9fceb7946cbb6ef,81,plan_1e9bb43cfe444bbb,True,False,,,,
same_run06_x8_08_run06,/home/ubuntu/quantum-workload-architecture/workloads/manifests/imported/ovh_v2/06_star_graph_phase_amplitude_heldout_low.yaml,persistent_warm_cli,same_run06_x8,2,0.69486456,0.295272865,0.203874008,0.093923064,0.000285071,3.147e-06,wrk_f9fceb7946cbb6ef,82,plan_1e9bb43cfe444bbb,True,False,,,,
same_run08_x1_01_run08,/home/ubuntu/quantum-workload-architecture/workloads/manifests/imported/ovh_v2/08_parity_iqp_batched_heldout_medium.yaml,persistent_warm_cli,same_run08_x1,2,0.651612448,0.231307355,0.16162843,0.071918131,0.0002241,2.86e-06,wrk_f9fceb7946cbb6ef,83,plan_7209297490c788dd,True,False,,,,
same_run08_x2_01_run08,/home/ubuntu/quantum-workload-architecture/workloads/manifests/imported/ovh_v2/08_parity_iqp_batched_heldout_medium.yaml,persistent_warm_cli,same_run08_x2,2,0.67927413,0.2565091,0.170303058,0.088797238,0.000288775,2.749e-06,wrk_f9fceb7946cbb6ef,84,plan_7209297490c788dd,True,False,,,,
same_run08_x2_02_run08,/home/ubuntu/quantum-workload-architecture/workloads/manifests/imported/ovh_v2/08_parity_iqp_batched_heldout_medium.yaml,persistent_warm_cli,same_run08_x2,2,0.666331001,0.246789099,0.16961626,0.079869014,0.000288625,2.674e-06,wrk_f9fceb7946cbb6ef,85,plan_7209297490c788dd,True,False,,,,
same_run08_x4_01_run08,/home/ubuntu/quantum-workload-architecture/workloads/manifests/imported/ovh_v2/08_parity_iqp_batched_heldout_medium.yaml,persistent_warm_cli,same_run08_x4,2,0.715558366,0.268625602,0.190524475,0.080574936,0.000282091,2.926e-06,wrk_f9fceb7946cbb6ef,86,plan_7209297490c788dd,True,False,,,,
same_run08_x4_02_run08,/home/ubuntu/quantum-workload-architecture/workloads/manifests/imported/ovh_v2/08_parity_iqp_batched_heldout_medium.yaml,persistent_warm_cli,same_run08_x4,2,0.671215748,0.273938192,0.191875144,0.084645476,0.000331469,2.76e-06,wrk_f9fceb7946cbb6ef,87,plan_7209297490c788dd,True,False,,,,
same_run08_x4_03_run08,/home/ubuntu/quantum-workload-architecture/workloads/manifests/imported/ovh_v2/08_parity_iqp_batched_heldout_medium.yaml,persistent_warm_cli,same_run08_x4,2,0.608078142,0.228532865,0.150897968,0.080130806,0.000390181,2.274e-06,wrk_f9fceb7946cbb6ef,88,plan_7209297490c788dd,True,False,,,,
same_run08_x4_04_run08,/home/ubuntu/quantum-workload-architecture/workloads/manifests/imported/ovh_v2/08_parity_iqp_batched_heldout_medium.yaml,persistent_warm_cli,same_run08_x4,2,0.704574461,0.267549883,0.186725476,0.083250261,0.000278682,2.82e-06,wrk_f9fceb7946cbb6ef,89,plan_7209297490c788dd,True,False,,,,
same_run08_x8_01_run08,/home/ubuntu/quantum-workload-architecture/workloads/manifests/imported/ovh_v2/08_parity_iqp_batched_heldout_medium.yaml,persistent_warm_cli,same_run08_x8,2,0.680810003,0.271437788,0.190943768,0.082977963,0.000293912,2.784e-06,wrk_f9fceb7946cbb6ef,90,plan_7209297490c788dd,True,False,,,,
same_run08_x8_02_run08,/home/ubuntu/quantum-workload-architecture/workloads/manifests/imported/ovh_v2/08_parity_iqp_batched_heldout_medium.yaml,persistent_warm_cli,same_run08_x8,2,0.521605558,0.175339353,0.123050632,0.054363051,0.000138016,2.748e-06,wrk_f9fceb7946cbb6ef,91,plan_7209297490c788dd,True,False,,,,
same_run08_x8_03_run08,/home/ubuntu/quantum-workload-architecture/workloads/manifests/imported/ovh_v2/08_parity_iqp_batched_heldout_medium.yaml,persistent_warm_cli,same_run08_x8,2,0.619508896,0.247763911,0.163185719,0.087032018,0.000288279,2.5e-06,wrk_f9fceb7946cbb6ef,92,plan_7209297490c788dd,True,False,,,,
same_run08_x8_04_run08,/home/ubuntu/quantum-workload-architecture/workloads/manifests/imported/ovh_v2/08_parity_iqp_batched_heldout_medium.yaml,persistent_warm_cli,same_run08_x8,2,0.618047488,0.202033698,0.120362827,0.084262078,0.000326198,3.049e-06,wrk_f9fceb7946cbb6ef,93,plan_7209297490c788dd,True,False,,,,
same_run08_x8_05_run08,/home/ubuntu/quantum-workload-architecture/workloads/manifests/imported/ovh_v2/08_parity_iqp_batched_heldout_medium.yaml,persistent_warm_cli,same_run08_x8,2,0.635470602,0.21885701,0.136914862,0.084268352,0.000311499,2.662e-06,wrk_f9fceb7946cbb6ef,94,plan_7209297490c788dd,True,False,,,,
same_run08_x8_06_run08,/home/ubuntu/quantum-workload-architecture/workloads/manifests/imported/ovh_v2/08_parity_iqp_batched_heldout_medium.yaml,persistent_warm_cli,same_run08_x8,2,0.61882084,0.247409656,0.170425656,0.079471798,0.000286505,2.888e-06,wrk_f9fceb7946cbb6ef,95,plan_7209297490c788dd,True,False,,,,
same_run08_x8_07_run08,/home/ubuntu/quantum-workload-architecture/workloads/manifests/imported/ovh_v2/08_parity_iqp_batched_heldout_medium.yaml,persistent_warm_cli,same_run08_x8,2,0.601075832,0.147521305,0.099587754,0.049801785,0.000125707,2.401e-06,wrk_f9fceb7946cbb6ef,96,plan_7209297490c788dd,True,False,,,,
same_run08_x8_08_run08,/home/ubuntu/quantum-workload-architecture/workloads/manifests/imported/ovh_v2/08_parity_iqp_batched_heldout_medium.yaml,persistent_warm_cli,same_run08_x8,2,0.58897009,0.221653274,0.137628764,0.086458786,0.000311376,2.886e-06,wrk_f9fceb7946cbb6ef,97,plan_7209297490c788dd,True,False,,,,
mixed_trio_x6_01_run01,/home/ubuntu/quantum-workload-architecture/workloads/manifests/imported/ovh_v2/01_real_dense_ring6_amplitude.yaml,persistent_warm_cli,mixed_trio_x6,2,0.703990276,0.273135487,0.1887346,0.086925676,0.000300358,2.714e-06,wrk_f9fceb7946cbb6ef,98,plan_9681ead327789de4,True,False,,,,
mixed_trio_x6_02_run06,/home/ubuntu/quantum-workload-architecture/workloads/manifests/imported/ovh_v2/06_star_graph_phase_amplitude_heldout_low.yaml,persistent_warm_cli,mixed_trio_x6,2,0.690722528,0.27657954,0.186384614,0.092838195,0.000298113,2.468e-06,wrk_f9fceb7946cbb6ef,99,plan_1e9bb43cfe444bbb,True,False,,,,
mixed_trio_x6_03_run08,/home/ubuntu/quantum-workload-architecture/workloads/manifests/imported/ovh_v2/08_parity_iqp_batched_heldout_medium.yaml,persistent_warm_cli,mixed_trio_x6,2,0.652133185,0.261235897,0.178974734,0.084852912,0.000305997,2.629e-06,wrk_f9fceb7946cbb6ef,100,plan_7209297490c788dd,True,False,,,,
mixed_trio_x6_04_run01,/home/ubuntu/quantum-workload-architecture/workloads/manifests/imported/ovh_v2/01_real_dense_ring6_amplitude.yaml,persistent_warm_cli,mixed_trio_x6,2,0.702566035,0.286789222,0.203787627,0.085531246,0.000365546,2.497e-06,wrk_f9fceb7946cbb6ef,101,plan_9681ead327789de4,True,False,,,,
mixed_trio_x6_05_run06,/home/ubuntu/quantum-workload-architecture/workloads/manifests/imported/ovh_v2/06_star_graph_phase_amplitude_heldout_low.yaml,persistent_warm_cli,mixed_trio_x6,2,0.65589496,0.248308558,0.175221336,0.075526485,0.000301188,2.564e-06,wrk_f9fceb7946cbb6ef,102,plan_1e9bb43cfe444bbb,True,False,,,,
mixed_trio_x6_06_run08,/home/ubuntu/quantum-workload-architecture/workloads/manifests/imported/ovh_v2/08_parity_iqp_batched_heldout_medium.yaml,persistent_warm_cli,mixed_trio_x6,2,0.632685897,0.256320984,0.180817188,0.077865872,0.000270855,2.786e-06,wrk_f9fceb7946cbb6ef,103,plan_7209297490c788dd,True,False,,,,
same_run01_x1_01_run01,/home/ubuntu/quantum-workload-architecture/workloads/manifests/imported/ovh_v2/01_real_dense_ring6_amplitude.yaml,persistent_warm_cli,same_run01_x1,3,0.697640446,0.275328938,0.184361734,0.093533126,0.000336153,3.046e-06,wrk_f9fceb7946cbb6ef,104,plan_9681ead327789de4,True,False,,,,
same_run01_x2_01_run01,/home/ubuntu/quantum-workload-architecture/workloads/manifests/imported/ovh_v2/01_real_dense_ring6_amplitude.yaml,persistent_warm_cli,same_run01_x2,3,0.589845576,0.19120244,0.12676824,0.066640286,0.000151013,2.92e-06,wrk_f9fceb7946cbb6ef,105,plan_9681ead327789de4,True,False,,,,
same_run01_x2_02_run01,/home/ubuntu/quantum-workload-architecture/workloads/manifests/imported/ovh_v2/01_real_dense_ring6_amplitude.yaml,persistent_warm_cli,same_run01_x2,3,0.522180343,0.152861052,0.102610736,0.052383994,0.000147557,2.554e-06,wrk_f9fceb7946cbb6ef,106,plan_9681ead327789de4,True,False,,,,
same_run01_x4_01_run01,/home/ubuntu/quantum-workload-architecture/workloads/manifests/imported/ovh_v2/01_real_dense_ring6_amplitude.yaml,persistent_warm_cli,same_run01_x4,3,0.587055977,0.224668654,0.166612355,0.060087147,0.000139552,2.507e-06,wrk_f9fceb7946cbb6ef,107,plan_9681ead327789de4,True,False,,,,
same_run01_x4_02_run01,/home/ubuntu/quantum-workload-architecture/workloads/manifests/imported/ovh_v2/01_real_dense_ring6_amplitude.yaml,persistent_warm_cli,same_run01_x4,3,0.619605586,0.260948391,0.182576401,0.080731815,0.000256841,2.809e-06,wrk_f9fceb7946cbb6ef,108,plan_9681ead327789de4,True,False,,,,
same_run01_x4_03_run01,/home/ubuntu/quantum-workload-architecture/workloads/manifests/imported/ovh_v2/01_real_dense_ring6_amplitude.yaml,persistent_warm_cli,same_run01_x4,3,0.631660015,0.244200448,0.159941859,0.086568665,0.000275793,2.441e-06,wrk_f9fceb7946cbb6ef,109,plan_9681ead327789de4,True,False,,,,
same_run01_x4_04_run01,/home/ubuntu/quantum-workload-architecture/workloads/manifests/imported/ovh_v2/01_real_dense_ring6_amplitude.yaml,persistent_warm_cli,same_run01_x4,3,0.659107943,0.248882458,0.175953195,0.075181416,0.000247634,2.796e-06,wrk_f9fceb7946cbb6ef,110,plan_9681ead327789de4,True,False,,,,
same_run01_x8_01_run01,/home/ubuntu/quantum-workload-architecture/workloads/manifests/imported/ovh_v2/01_real_dense_ring6_amplitude.yaml,persistent_warm_cli,same_run01_x8,3,0.727578027,0.282363301,0.196634787,0.088220846,0.000323889,2.507e-06,wrk_f9fceb7946cbb6ef,111,plan_9681ead327789de4,True,False,,,,
same_run01_x8_02_run01,/home/ubuntu/quantum-workload-architecture/workloads/manifests/imported/ovh_v2/01_real_dense_ring6_amplitude.yaml,persistent_warm_cli,same_run01_x8,3,0.694963848,0.273093529,0.18543468,0.090240545,0.000313421,2.428e-06,wrk_f9fceb7946cbb6ef,112,plan_9681ead327789de4,True,False,,,,
same_run01_x8_03_run01,/home/ubuntu/quantum-workload-architecture/workloads/manifests/imported/ovh_v2/01_real_dense_ring6_amplitude.yaml,persistent_warm_cli,same_run01_x8,3,0.676806828,0.257151018,0.187954086,0.071384081,0.000221685,2.972e-06,wrk_f9fceb7946cbb6ef,113,plan_9681ead327789de4,True,False,,,,
same_run01_x8_04_run01,/home/ubuntu/quantum-workload-architecture/workloads/manifests/imported/ovh_v2/01_real_dense_ring6_amplitude.yaml,persistent_warm_cli,same_run01_x8,3,0.647048911,0.256369315,0.169376899,0.089468641,0.000287676,2.887e-06,wrk_f9fceb7946cbb6ef,114,plan_9681ead327789de4,True,False,,,,
same_run01_x8_05_run01,/home/ubuntu/quantum-workload-architecture/workloads/manifests/imported/ovh_v2/01_real_dense_ring6_amplitude.yaml,persistent_warm_cli,same_run01_x8,3,0.700688906,0.279347758,0.193900453,0.087878334,0.000284275,2.662e-06,wrk_f9fceb7946cbb6ef,115,plan_9681ead327789de4,True,False,,,,
same_run01_x8_06_run01,/home/ubuntu/quantum-workload-architecture/workloads/manifests/imported/ovh_v2/01_real_dense_ring6_amplitude.yaml,persistent_warm_cli,same_run01_x8,3,0.733330726,0.290131548,0.203493309,0.089274636,0.000324629,2.683e-06,wrk_f9fceb7946cbb6ef,116,plan_9681ead327789de4,True,False,,,,
same_run01_x8_07_run01,/home/ubuntu/quantum-workload-architecture/workloads/manifests/imported/ovh_v2/01_real_dense_ring6_amplitude.yaml,persistent_warm_cli,same_run01_x8,3,0.657608121,0.277112042,0.185628664,0.094165053,0.000316176,2.703e-06,wrk_f9fceb7946cbb6ef,117,plan_9681ead327789de4,True,False,,,,
same_run01_x8_08_run01,/home/ubuntu/quantum-workload-architecture/workloads/manifests/imported/ovh_v2/01_real_dense_ring6_amplitude.yaml,persistent_warm_cli,same_run01_x8,3,0.706557682,0.277950063,0.190714973,0.089810331,0.000297638,2.994e-06,wrk_f9fceb7946cbb6ef,118,plan_9681ead327789de4,True,False,,,,
same_run06_x1_01_run06,/home/ubuntu/quantum-workload-architecture/workloads/manifests/imported/ovh_v2/06_star_graph_phase_amplitude_heldout_low.yaml,persistent_warm_cli,same_run06_x1,3,0.555470269,0.180942317,0.11110591,0.072202366,0.000262648,3.092e-06,wrk_f9fceb7946cbb6ef,119,plan_1e9bb43cfe444bbb,True,False,,,,
same_run06_x2_01_run06,/home/ubuntu/quantum-workload-architecture/workloads/manifests/imported/ovh_v2/06_star_graph_phase_amplitude_heldout_low.yaml,persistent_warm_cli,same_run06_x2,3,0.651404755,0.274944779,0.184260242,0.093306592,0.000294152,2.438e-06,wrk_f9fceb7946cbb6ef,120,plan_1e9bb43cfe444bbb,True,False,,,,
same_run06_x2_02_run06,/home/ubuntu/quantum-workload-architecture/workloads/manifests/imported/ovh_v2/06_star_graph_phase_amplitude_heldout_low.yaml,persistent_warm_cli,same_run06_x2,3,0.663338887,0.269777889,0.187688997,0.084745254,0.000260107,2.751e-06,wrk_f9fceb7946cbb6ef,121,plan_1e9bb43cfe444bbb,True,False,,,,
same_run06_x4_01_run06,/home/ubuntu/quantum-workload-architecture/workloads/manifests/imported/ovh_v2/06_star_graph_phase_amplitude_heldout_low.yaml,persistent_warm_cli,same_run06_x4,3,0.666267004,0.263038564,0.169186854,0.096604515,0.000341629,2.54e-06,wrk_f9fceb7946cbb6ef,122,plan_1e9bb43cfe444bbb,True,False,,,,
same_run06_x4_02_run06,/home/ubuntu/quantum-workload-architecture/workloads/manifests/imported/ovh_v2/06_star_graph_phase_amplitude_heldout_low.yaml,persistent_warm_cli,same_run06_x4,3,0.716987698,0.295071465,0.204036969,0.093650164,0.000313031,2.802e-06,wrk_f9fceb7946cbb6ef,123,plan_1e9bb43cfe444bbb,True,False,,,,
same_run06_x4_03_run06,/home/ubuntu/quantum-workload-architecture/workloads/manifests/imported/ovh_v2/06_star_graph_phase_amplitude_heldout_low.yaml,persistent_warm_cli,same_run06_x4,3,0.65800394,0.280474391,0.195747151,0.087524314,0.000288695,2.774e-06,wrk_f9fceb7946cbb6ef,124,plan_1e9bb43cfe444bbb,True,False,,,,
same_run06_x4_04_run06,/home/ubuntu/quantum-workload-architecture/workloads/manifests/imported/ovh_v2/06_star_graph_phase_amplitude_heldout_low.yaml,persistent_warm_cli,same_run06_x4,3,0.654967642,0.241319228,0.170264874,0.073363542,0.000218745,2.587e-06,wrk_f9fceb7946cbb6ef,125,plan_1e9bb43cfe444bbb,True,False,,,,
same_run06_x8_01_run06,/home/ubuntu/quantum-workload-architecture/workloads/manifests/imported/ovh_v2/06_star_graph_phase_amplitude_heldout_low.yaml,persistent_warm_cli,same_run06_x8,3,0.661624492,0.274434243,0.182390498,0.094805662,0.000336777,2.554e-06,wrk_f9fceb7946cbb6ef,126,plan_1e9bb43cfe444bbb,True,False,,,,
same_run06_x8_02_run06,/home/ubuntu/quantum-workload-architecture/workloads/manifests/imported/ovh_v2/06_star_graph_phase_amplitude_heldout_low.yaml,persistent_warm_cli,same_run06_x8,3,0.667316956,0.286207569,0.198090536,0.090740612,0.000293143,2.803e-06,wrk_f9fceb7946cbb6ef,127,plan_1e9bb43cfe444bbb,True,False,,,,
same_run06_x8_03_run06,/home/ubuntu/quantum-workload-architecture/workloads/manifests/imported/ovh_v2/06_star_graph_phase_amplitude_heldout_low.yaml,persistent_warm_cli,same_run06_x8,3,0.637818556,0.252851835,0.16645341,0.090046637,0.000283813,3.623e-06,wrk_f9fceb7946cbb6ef,128,plan_1e9bb43cfe444bbb,True,False,,,,
same_run06_x8_04_run06,/home/ubuntu/quantum-workload-architecture/workloads/manifests/imported/ovh_v2/06_star_graph_phase_amplitude_heldout_low.yaml,persistent_warm_cli,same_run06_x8,3,0.700896649,0.279672642,0.191794666,0.090613824,0.000336978,2.951e-06,wrk_f9fceb7946cbb6ef,129,plan_1e9bb43cfe444bbb,True,False,,,,
same_run06_x8_05_run06,/home/ubuntu/quantum-workload-architecture/workloads/manifests/imported/ovh_v2/06_star_graph_phase_amplitude_heldout_low.yaml,persistent_warm_cli,same_run06_x8,3,0.61736293,0.239937858,0.159548071,0.083128281,0.000338603,2.678e-06,wrk_f9fceb7946cbb6ef,130,plan_1e9bb43cfe444bbb,True,False,,,,
same_run06_x8_06_run06,/home/ubuntu/quantum-workload-architecture/workloads/manifests/imported/ovh_v2/06_star_graph_phase_amplitude_heldout_low.yaml,persistent_warm_cli,same_run06_x8,3,0.654323726,0.271588017,0.176444771,0.097886884,0.000345049,2.913e-06,wrk_f9fceb7946cbb6ef,131,plan_1e9bb43cfe444bbb,True,False,,,,
same_run06_x8_07_run06,/home/ubuntu/quantum-workload-architecture/workloads/manifests/imported/ovh_v2/06_star_graph_phase_amplitude_heldout_low.yaml,persistent_warm_cli,same_run06_x8,3,0.68862965,0.267175411,0.188374067,0.081038252,0.000203773,2.617e-06,wrk_f9fceb7946cbb6ef,132,plan_1e9bb43cfe444bbb,True,False,,,,
same_run06_x8_08_run06,/home/ubuntu/quantum-workload-architecture/workloads/manifests/imported/ovh_v2/06_star_graph_phase_amplitude_heldout_low.yaml,persistent_warm_cli,same_run06_x8,3,0.704749532,0.279648476,0.190167351,0.092112571,0.000291669,2.628e-06,wrk_f9fceb7946cbb6ef,133,plan_1e9bb43cfe444bbb,True,False,,,,
same_run08_x1_01_run08,/home/ubuntu/quantum-workload-architecture/workloads/manifests/imported/ovh_v2/08_parity_iqp_batched_heldout_medium.yaml,persistent_warm_cli,same_run08_x1,3,0.68085217,0.259250864,0.173057631,0.08871004,0.000296256,2.44e-06,wrk_f9fceb7946cbb6ef,134,plan_7209297490c788dd,True,False,,,,
same_run08_x2_01_run08,/home/ubuntu/quantum-workload-architecture/workloads/manifests/imported/ovh_v2/08_parity_iqp_batched_heldout_medium.yaml,persistent_warm_cli,same_run08_x2,3,0.608790203,0.215094946,0.140602968,0.077181779,0.000298912,2.374e-06,wrk_f9fceb7946cbb6ef,135,plan_7209297490c788dd,True,False,,,,
same_run08_x2_02_run08,/home/ubuntu/quantum-workload-architecture/workloads/manifests/imported/ovh_v2/08_parity_iqp_batched_heldout_medium.yaml,persistent_warm_cli,same_run08_x2,3,0.653091131,0.236201713,0.156120166,0.082568404,0.000317297,2.473e-06,wrk_f9fceb7946cbb6ef,136,plan_7209297490c788dd,True,False,,,,
same_run08_x4_01_run08,/home/ubuntu/quantum-workload-architecture/workloads/manifests/imported/ovh_v2/08_parity_iqp_batched_heldout_medium.yaml,persistent_warm_cli,same_run08_x4,3,0.585307104,0.23045406,0.160442672,0.073575665,0.000275837,2.39e-06,wrk_f9fceb7946cbb6ef,137,plan_7209297490c788dd,True,False,,,,
same_run08_x4_02_run08,/home/ubuntu/quantum-workload-architecture/workloads/manifests/imported/ovh_v2/08_parity_iqp_batched_heldout_medium.yaml,persistent_warm_cli,same_run08_x4,3,0.687160707,0.259923737,0.191668344,0.070497868,0.000223495,2.436e-06,wrk_f9fceb7946cbb6ef,138,plan_7209297490c788dd,True,False,,,,
same_run08_x4_03_run08,/home/ubuntu/quantum-workload-architecture/workloads/manifests/imported/ovh_v2/08_parity_iqp_batched_heldout_medium.yaml,persistent_warm_cli,same_run08_x4,3,0.705491705,0.280701418,0.193922537,0.089380666,0.000298929,2.532e-06,wrk_f9fceb7946cbb6ef,139,plan_7209297490c788dd,True,False,,,,
same_run08_x4_04_run08,/home/ubuntu/quantum-workload-architecture/workloads/manifests/imported/ovh_v2/08_parity_iqp_batched_heldout_medium.yaml,persistent_warm_cli,same_run08_x4,3,0.635693203,0.214811271,0.136580612,0.080671905,0.000353185,2.667e-06,wrk_f9fceb7946cbb6ef,140,plan_7209297490c788dd,True,False,,,,
same_run08_x8_01_run08,/home/ubuntu/quantum-workload-architecture/workloads/manifests/imported/ovh_v2/08_parity_iqp_batched_heldout_medium.yaml,persistent_warm_cli,same_run08_x8,3,0.648353113,0.26839977,0.187315811,0.083546232,0.000333808,2.381e-06,wrk_f9fceb7946cbb6ef,141,plan_7209297490c788dd,True,False,,,,
same_run08_x8_02_run08,/home/ubuntu/quantum-workload-architecture/workloads/manifests/imported/ovh_v2/08_parity_iqp_batched_heldout_medium.yaml,persistent_warm_cli,same_run08_x8,3,0.640894127,0.255425151,0.169154086,0.088716278,0.00032951,2.789e-06,wrk_f9fceb7946cbb6ef,142,plan_7209297490c788dd,True,False,,,,
same_run08_x8_03_run08,/home/ubuntu/quantum-workload-architecture/workloads/manifests/imported/ovh_v2/08_parity_iqp_batched_heldout_medium.yaml,persistent_warm_cli,same_run08_x8,3,0.564183929,0.201347413,0.131648204,0.072182845,0.000353046,2.435e-06,wrk_f9fceb7946cbb6ef,143,plan_7209297490c788dd,True,False,,,,
same_run08_x8_04_run08,/home/ubuntu/quantum-workload-architecture/workloads/manifests/imported/ovh_v2/08_parity_iqp_batched_heldout_medium.yaml,persistent_warm_cli,same_run08_x8,3,0.633141138,0.205701352,0.132024342,0.076149077,0.000340421,2.743e-06,wrk_f9fceb7946cbb6ef,144,plan_7209297490c788dd,True,False,,,,
same_run08_x8_05_run08,/home/ubuntu/quantum-workload-architecture/workloads/manifests/imported/ovh_v2/08_parity_iqp_batched_heldout_medium.yaml,persistent_warm_cli,same_run08_x8,3,0.616564125,0.235510967,0.152297772,0.085762828,0.000288335,2.679e-06,wrk_f9fceb7946cbb6ef,145,plan_7209297490c788dd,True,False,,,,
same_run08_x8_06_run08,/home/ubuntu/quantum-workload-architecture/workloads/manifests/imported/ovh_v2/08_parity_iqp_batched_heldout_medium.yaml,persistent_warm_cli,same_run08_x8,3,0.605363862,0.228283471,0.1479743,0.08264242,0.000281222,2.456e-06,wrk_f9fceb7946cbb6ef,146,plan_7209297490c788dd,True,False,,,,
same_run08_x8_07_run08,/home/ubuntu/quantum-workload-architecture/workloads/manifests/imported/ovh_v2/08_parity_iqp_batched_heldout_medium.yaml,persistent_warm_cli,same_run08_x8,3,0.654132071,0.253601203,0.151743052,0.104244841,0.000299629,3.025e-06,wrk_f9fceb7946cbb6ef,147,plan_7209297490c788dd,True,False,,,,
same_run08_x8_08_run08,/home/ubuntu/quantum-workload-architecture/workloads/manifests/imported/ovh_v2/08_parity_iqp_batched_heldout_medium.yaml,persistent_warm_cli,same_run08_x8,3,0.668067492,0.281868314,0.191926409,0.092497899,0.000286878,2.772e-06,wrk_f9fceb7946cbb6ef,148,plan_7209297490c788dd,True,False,,,,
mixed_trio_x6_01_run01,/home/ubuntu/quantum-workload-architecture/workloads/manifests/imported/ovh_v2/01_real_dense_ring6_amplitude.yaml,persistent_warm_cli,mixed_trio_x6,3,0.64199565,0.243843162,0.165427359,0.0807956,0.000255571,2.692e-06,wrk_f9fceb7946cbb6ef,149,plan_9681ead327789de4,True,False,,,,
mixed_trio_x6_02_run06,/home/ubuntu/quantum-workload-architecture/workloads/manifests/imported/ovh_v2/06_star_graph_phase_amplitude_heldout_low.yaml,persistent_warm_cli,mixed_trio_x6,3,0.593743304,0.200286139,0.140974644,0.061340903,0.000147038,2.494e-06,wrk_f9fceb7946cbb6ef,150,plan_1e9bb43cfe444bbb,True,False,,,,
mixed_trio_x6_03_run08,/home/ubuntu/quantum-workload-architecture/workloads/manifests/imported/ovh_v2/08_parity_iqp_batched_heldout_medium.yaml,persistent_warm_cli,mixed_trio_x6,3,0.608811864,0.231487272,0.168420512,0.06542552,0.000324925,3.724e-06,wrk_f9fceb7946cbb6ef,151,plan_7209297490c788dd,True,False,,,,
mixed_trio_x6_04_run01,/home/ubuntu/quantum-workload-architecture/workloads/manifests/imported/ovh_v2/01_real_dense_ring6_amplitude.yaml,persistent_warm_cli,mixed_trio_x6,3,0.694638632,0.276634938,0.195612788,0.08354971,0.00029066,2.706e-06,wrk_f9fceb7946cbb6ef,152,plan_9681ead327789de4,True,False,,,,
mixed_trio_x6_05_run06,/home/ubuntu/quantum-workload-architecture/workloads/manifests/imported/ovh_v2/06_star_graph_phase_amplitude_heldout_low.yaml,persistent_warm_cli,mixed_trio_x6,3,0.702471316,0.270277859,0.184747541,0.0881646,0.000310655,2.322e-06,wrk_f9fceb7946cbb6ef,153,plan_1e9bb43cfe444bbb,True,False,,,,
mixed_trio_x6_06_run08,/home/ubuntu/quantum-workload-architecture/workloads/manifests/imported/ovh_v2/08_parity_iqp_batched_heldout_medium.yaml,persistent_warm_cli,mixed_trio_x6,3,0.669247409,0.278031863,0.187923017,0.092682645,0.000344192,2.772e-06,wrk_f9fceb7946cbb6ef,154,plan_7209297490c788dd,True,False,,,,
same_run01_x1_01_run01,/home/ubuntu/quantum-workload-architecture/workloads/manifests/imported/ovh_v2/01_real_dense_ring6_amplitude.yaml,persistent_warm_cli,same_run01_x1,4,0.655568235,0.225511264,0.151143292,0.076843716,0.00029202,2.468e-06,wrk_f9fceb7946cbb6ef,155,plan_9681ead327789de4,True,False,,,,
same_run01_x2_01_run01,/home/ubuntu/quantum-workload-architecture/workloads/manifests/imported/ovh_v2/01_real_dense_ring6_amplitude.yaml,persistent_warm_cli,same_run01_x2,4,0.68789356,0.2661283,0.181999076,0.086582404,0.000301169,2.546e-06,wrk_f9fceb7946cbb6ef,156,plan_9681ead327789de4,True,False,,,,
same_run01_x2_02_run01,/home/ubuntu/quantum-workload-architecture/workloads/manifests/imported/ovh_v2/01_real_dense_ring6_amplitude.yaml,persistent_warm_cli,same_run01_x2,4,0.683212537,0.277735465,0.182564225,0.097839935,0.000290992,2.913e-06,wrk_f9fceb7946cbb6ef,157,plan_9681ead327789de4,True,False,,,,
same_run01_x4_01_run01,/home/ubuntu/quantum-workload-architecture/workloads/manifests/imported/ovh_v2/01_real_dense_ring6_amplitude.yaml,persistent_warm_cli,same_run01_x4,4,0.7244593,0.312747687,0.197024216,0.118815146,0.000333,3.436e-06,wrk_f9fceb7946cbb6ef,158,plan_9681ead327789de4,True,False,,,,
same_run01_x4_02_run01,/home/ubuntu/quantum-workload-architecture/workloads/manifests/imported/ovh_v2/01_real_dense_ring6_amplitude.yaml,persistent_warm_cli,same_run01_x4,4,0.697735701,0.253123374,0.163971567,0.09171438,0.000330629,2.719e-06,wrk_f9fceb7946cbb6ef,159,plan_9681ead327789de4,True,False,,,,
same_run01_x4_03_run01,/home/ubuntu/quantum-workload-architecture/workloads/manifests/imported/ovh_v2/01_real_dense_ring6_amplitude.yaml,persistent_warm_cli,same_run01_x4,4,0.616671155,0.220570064,0.163364939,0.059545979,0.000247481,2.832e-06,wrk_f9fceb7946cbb6ef,160,plan_9681ead327789de4,True,False,,,,
same_run01_x4_04_run01,/home/ubuntu/quantum-workload-architecture/workloads/manifests/imported/ovh_v2/01_real_dense_ring6_amplitude.yaml,persistent_warm_cli,same_run01_x4,4,0.67960245,0.275906866,0.197386417,0.081581917,0.0003989,2.781e-06,wrk_f9fceb7946cbb6ef,161,plan_9681ead327789de4,True,False,,,,
same_run01_x8_01_run01,/home/ubuntu/quantum-workload-architecture/workloads/manifests/imported/ovh_v2/01_real_dense_ring6_amplitude.yaml,persistent_warm_cli,same_run01_x8,4,0.65460193,0.285984397,0.199484032,0.089027836,0.000288682,2.39e-06,wrk_f9fceb7946cbb6ef,162,plan_9681ead327789de4,True,False,,,,
same_run01_x8_02_run01,/home/ubuntu/quantum-workload-architecture/workloads/manifests/imported/ovh_v2/01_real_dense_ring6_amplitude.yaml,persistent_warm_cli,same_run01_x8,4,0.750312415,0.319751463,0.228497934,0.093971194,0.000299017,2.958e-06,wrk_f9fceb7946cbb6ef,163,plan_9681ead327789de4,True,False,,,,
same_run01_x8_03_run01,/home/ubuntu/quantum-workload-architecture/workloads/manifests/imported/ovh_v2/01_real_dense_ring6_amplitude.yaml,persistent_warm_cli,same_run01_x8,4,0.673117789,0.279989691,0.192780065,0.090182354,0.000341227,2.713e-06,wrk_f9fceb7946cbb6ef,164,plan_9681ead327789de4,True,False,,,,
same_run01_x8_04_run01,/home/ubuntu/quantum-workload-architecture/workloads/manifests/imported/ovh_v2/01_real_dense_ring6_amplitude.yaml,persistent_warm_cli,same_run01_x8,4,0.655509042,0.261433401,0.191396385,0.07253505,0.000442279,2.678e-06,wrk_f9fceb7946cbb6ef,165,plan_9681ead327789de4,True,False,,,,
same_run01_x8_05_run01,/home/ubuntu/quantum-workload-architecture/workloads/manifests/imported/ovh_v2/01_real_dense_ring6_amplitude.yaml,persistent_warm_cli,same_run01_x8,4,0.707133779,0.283734018,0.200596034,0.086078662,0.000461963,3.101e-06,wrk_f9fceb7946cbb6ef,166,plan_9681ead327789de4,True,False,,,,
same_run01_x8_06_run01,/home/ubuntu/quantum-workload-architecture/workloads/manifests/imported/ovh_v2/01_real_dense_ring6_amplitude.yaml,persistent_warm_cli,same_run01_x8,4,0.729076296,0.299053688,0.208795944,0.092947847,0.000307285,2.748e-06,wrk_f9fceb7946cbb6ef,167,plan_9681ead327789de4,True,False,,,,
same_run01_x8_07_run01,/home/ubuntu/quantum-workload-architecture/workloads/manifests/imported/ovh_v2/01_real_dense_ring6_amplitude.yaml,persistent_warm_cli,same_run01_x8,4,0.628955131,0.251032543,0.183199537,0.070059854,0.000227588,2.782e-06,wrk_f9fceb7946cbb6ef,168,plan_9681ead327789de4,True,False,,,,
same_run01_x8_08_run01,/home/ubuntu/quantum-workload-architecture/workloads/manifests/imported/ovh_v2/01_real_dense_ring6_amplitude.yaml,persistent_warm_cli,same_run01_x8,4,0.619327878,0.218522473,0.146659077,0.074412172,0.00029893,2.712e-06,wrk_f9fceb7946cbb6ef,169,plan_9681ead327789de4,True,False,,,,
same_run06_x1_01_run06,/home/ubuntu/quantum-workload-architecture/workloads/manifests/imported/ovh_v2/06_star_graph_phase_amplitude_heldout_low.yaml,persistent_warm_cli,same_run06_x1,4,0.698990298,0.319793037,0.203460571,0.119742638,0.000308954,3.435e-06,wrk_f9fceb7946cbb6ef,170,plan_1e9bb43cfe444bbb,True,False,,,,
same_run06_x2_01_run06,/home/ubuntu/quantum-workload-architecture/workloads/manifests/imported/ovh_v2/06_star_graph_phase_amplitude_heldout_low.yaml,persistent_warm_cli,same_run06_x2,4,0.64627012,0.253181656,0.164322397,0.091623064,0.000284241,2.875e-06,wrk_f9fceb7946cbb6ef,171,plan_1e9bb43cfe444bbb,True,False,,,,
same_run06_x2_02_run06,/home/ubuntu/quantum-workload-architecture/workloads/manifests/imported/ovh_v2/06_star_graph_phase_amplitude_heldout_low.yaml,persistent_warm_cli,same_run06_x2,4,0.725472578,0.295537179,0.204266512,0.09385418,0.000281498,3.015e-06,wrk_f9fceb7946cbb6ef,172,plan_1e9bb43cfe444bbb,True,False,,,,
same_run06_x4_01_run06,/home/ubuntu/quantum-workload-architecture/workloads/manifests/imported/ovh_v2/06_star_graph_phase_amplitude_heldout_low.yaml,persistent_warm_cli,same_run06_x4,4,0.710342722,0.319179227,0.196598825,0.125510618,0.000283039,2.771e-06,wrk_f9fceb7946cbb6ef,173,plan_1e9bb43cfe444bbb,True,False,,,,
same_run06_x4_02_run06,/home/ubuntu/quantum-workload-architecture/workloads/manifests/imported/ovh_v2/06_star_graph_phase_amplitude_heldout_low.yaml,persistent_warm_cli,same_run06_x4,4,0.714961264,0.291624734,0.199275392,0.094982386,0.000298237,2.647e-06,wrk_f9fceb7946cbb6ef,174,plan_1e9bb43cfe444bbb,True,False,,,,
same_run06_x4_03_run06,/home/ubuntu/quantum-workload-architecture/workloads/manifests/imported/ovh_v2/06_star_graph_phase_amplitude_heldout_low.yaml,persistent_warm_cli,same_run06_x4,4,0.717253511,0.285797423,0.194760486,0.093767404,0.000340774,2.635e-06,wrk_f9fceb7946cbb6ef,175,plan_1e9bb43cfe444bbb,True,False,,,,
same_run06_x4_04_run06,/home/ubuntu/quantum-workload-architecture/workloads/manifests/imported/ovh_v2/06_star_graph_phase_amplitude_heldout_low.yaml,persistent_warm_cli,same_run06_x4,4,0.687031051,0.274002158,0.189300709,0.087385663,0.000289347,2.561e-06,wrk_f9fceb7946cbb6ef,176,plan_1e9bb43cfe444bbb,True,False,,,,
same_run06_x8_01_run06,/home/ubuntu/quantum-workload-architecture/workloads/manifests/imported/ovh_v2/06_star_graph_phase_amplitude_heldout_low.yaml,persistent_warm_cli,same_run06_x8,4,0.637879209,0.260289695,0.176924338,0.08595498,0.000326971,2.72e-06,wrk_f9fceb7946cbb6ef,177,plan_1e9bb43cfe444bbb,True,False,,,,
same_run06_x8_02_run06,/home/ubuntu/quantum-workload-architecture/workloads/manifests/imported/ovh_v2/06_star_graph_phase_amplitude_heldout_low.yaml,persistent_warm_cli,same_run06_x8,4,0.642168153,0.246354472,0.16539414,0.083563765,0.000475202,2.331e-06,wrk_f9fceb7946cbb6ef,178,plan_1e9bb43cfe444bbb,True,False,,,,
same_run06_x8_03_run06,/home/ubuntu/quantum-workload-architecture/workloads/manifests/imported/ovh_v2/06_star_graph_phase_amplitude_heldout_low.yaml,persistent_warm_cli,same_run06_x8,4,0.629880532,0.25434228,0.170630795,0.086372168,0.000272932,2.658e-06,wrk_f9fceb7946cbb6ef,179,plan_1e9bb43cfe444bbb,True,False,,,,
same_run06_x8_04_run06,/home/ubuntu/quantum-workload-architecture/workloads/manifests/imported/ovh_v2/06_star_graph_phase_amplitude_heldout_low.yaml,persistent_warm_cli,same_run06_x8,4,0.613706213,0.237147886,0.154234095,0.085494984,0.000289282,2.634e-06,wrk_f9fceb7946cbb6ef,180,plan_1e9bb43cfe444bbb,True,False,,,,
same_run06_x8_05_run06,/home/ubuntu/quantum-workload-architecture/workloads/manifests/imported/ovh_v2/06_star_graph_phase_amplitude_heldout_low.yaml,persistent_warm_cli,same_run06_x8,4,0.661259449,0.247862054,0.165762534,0.084819624,0.000287258,2.412e-06,wrk_f9fceb7946cbb6ef,181,plan_1e9bb43cfe444bbb,True,False,,,,
same_run06_x8_06_run06,/home/ubuntu/quantum-workload-architecture/workloads/manifests/imported/ovh_v2/06_star_graph_phase_amplitude_heldout_low.yaml,persistent_warm_cli,same_run06_x8,4,0.632759296,0.24411909,0.156964677,0.089728709,0.000347338,2.899e-06,wrk_f9fceb7946cbb6ef,182,plan_1e9bb43cfe444bbb,True,False,,,,
same_run06_x8_07_run06,/home/ubuntu/quantum-workload-architecture/workloads/manifests/imported/ovh_v2/06_star_graph_phase_amplitude_heldout_low.yaml,persistent_warm_cli,same_run06_x8,4,0.707888956,0.292807027,0.198684983,0.096790235,0.000289411,2.507e-06,wrk_f9fceb7946cbb6ef,183,plan_1e9bb43cfe444bbb,True,False,,,,
same_run06_x8_08_run06,/home/ubuntu/quantum-workload-architecture/workloads/manifests/imported/ovh_v2/06_star_graph_phase_amplitude_heldout_low.yaml,persistent_warm_cli,same_run06_x8,4,0.627998501,0.227026089,0.157473082,0.071666761,0.000167361,2.396e-06,wrk_f9fceb7946cbb6ef,184,plan_1e9bb43cfe444bbb,True,False,,,,
same_run08_x1_01_run08,/home/ubuntu/quantum-workload-architecture/workloads/manifests/imported/ovh_v2/08_parity_iqp_batched_heldout_medium.yaml,persistent_warm_cli,same_run08_x1,4,0.668051743,0.273968824,0.198316948,0.078021746,0.000275255,2.811e-06,wrk_f9fceb7946cbb6ef,185,plan_7209297490c788dd,True,False,,,,
same_run08_x2_01_run08,/home/ubuntu/quantum-workload-architecture/workloads/manifests/imported/ovh_v2/08_parity_iqp_batched_heldout_medium.yaml,persistent_warm_cli,same_run08_x2,4,0.611028954,0.217935361,0.138264352,0.082136447,0.000331736,2.498e-06,wrk_f9fceb7946cbb6ef,186,plan_7209297490c788dd,True,False,,,,
same_run08_x2_02_run08,/home/ubuntu/quantum-workload-architecture/workloads/manifests/imported/ovh_v2/08_parity_iqp_batched_heldout_medium.yaml,persistent_warm_cli,same_run08_x2,4,0.570531778,0.145696786,0.093361879,0.054507122,0.000130581,2.416e-06,wrk_f9fceb7946cbb6ef,187,plan_7209297490c788dd,True,False,,,,
same_run08_x4_01_run08,/home/ubuntu/quantum-workload-architecture/workloads/manifests/imported/ovh_v2/08_parity_iqp_batched_heldout_medium.yaml,persistent_warm_cli,same_run08_x4,4,0.551386705,0.187477789,0.119374696,0.070407697,0.000287504,2.496e-06,wrk_f9fceb7946cbb6ef,188,plan_7209297490c788dd,True,False,,,,
same_run08_x4_02_run08,/home/ubuntu/quantum-workload-architecture/workloads/manifests/imported/ovh_v2/08_parity_iqp_batched_heldout_medium.yaml,persistent_warm_cli,same_run08_x4,4,0.649613159,0.275468871,0.188661233,0.089388615,0.000287621,2.748e-06,wrk_f9fceb7946cbb6ef,189,plan_7209297490c788dd,True,False,,,,
same_run08_x4_03_run08,/home/ubuntu/quantum-workload-architecture/workloads/manifests/imported/ovh_v2/08_parity_iqp_batched_heldout_medium.yaml,persistent_warm_cli,same_run08_x4,4,0.626408594,0.234146863,0.160526995,0.075989051,0.000268759,2.512e-06,wrk_f9fceb7946cbb6ef,190,plan_7209297490c788dd,True,False,,,,
same_run08_x4_04_run08,/home/ubuntu/quantum-workload-architecture/workloads/manifests/imported/ovh_v2/08_parity_iqp_batched_heldout_medium.yaml,persistent_warm_cli,same_run08_x4,4,0.674892502,0.277291442,0.193593981,0.08625718,0.000335703,2.625e-06,wrk_f9fceb7946cbb6ef,191,plan_7209297490c788dd,True,False,,,,
same_run08_x8_01_run08,/home/ubuntu/quantum-workload-architecture/workloads/manifests/imported/ovh_v2/08_parity_iqp_batched_heldout_medium.yaml,persistent_warm_cli,same_run08_x8,4,0.6816346,0.266386629,0.182091853,0.086743476,0.00032493,2.707e-06,wrk_f9fceb7946cbb6ef,192,plan_7209297490c788dd,True,False,,,,
same_run08_x8_02_run08,/home/ubuntu/quantum-workload-architecture/workloads/manifests/imported/ovh_v2/08_parity_iqp_batched_heldout_medium.yaml,persistent_warm_cli,same_run08_x8,4,0.619944882,0.240185397,0.157763942,0.084773155,0.000319396,2.499e-06,wrk_f9fceb7946cbb6ef,193,plan_7209297490c788dd,True,False,,,,
same_run08_x8_03_run08,/home/ubuntu/quantum-workload-architecture/workloads/manifests/imported/ovh_v2/08_parity_iqp_batched_heldout_medium.yaml,persistent_warm_cli,same_run08_x8,4,0.678671058,0.267730478,0.187451362,0.08266144,0.000320625,2.395e-06,wrk_f9fceb7946cbb6ef,194,plan_7209297490c788dd,True,False,,,,
same_run08_x8_04_run08,/home/ubuntu/quantum-workload-architecture/workloads/manifests/imported/ovh_v2/08_parity_iqp_batched_heldout_medium.yaml,persistent_warm_cli,same_run08_x8,4,0.641964328,0.267483636,0.183699599,0.086249007,0.000334306,2.962e-06,wrk_f9fceb7946cbb6ef,195,plan_7209297490c788dd,True,False,,,,
same_run08_x8_05_run08,/home/ubuntu/quantum-workload-architecture/workloads/manifests/imported/ovh_v2/08_parity_iqp_batched_heldout_medium.yaml,persistent_warm_cli,same_run08_x8,4,0.669488968,0.261689308,0.182325332,0.081861172,0.000350451,2.289e-06,wrk_f9fceb7946cbb6ef,196,plan_7209297490c788dd,True,False,,,,
same_run08_x8_06_run08,/home/ubuntu/quantum-workload-architecture/workloads/manifests/imported/ovh_v2/08_parity_iqp_batched_heldout_medium.yaml,persistent_warm_cli,same_run08_x8,4,0.595710339,0.22438323,0.173595761,0.052812757,0.000421446,2.494e-06,wrk_f9fceb7946cbb6ef,197,plan_7209297490c788dd,True,False,,,,
same_run08_x8_07_run08,/home/ubuntu/quantum-workload-architecture/workloads/manifests/imported/ovh_v2/08_parity_iqp_batched_heldout_medium.yaml,persistent_warm_cli,same_run08_x8,4,0.650160541,0.227104474,0.143370275,0.086176016,0.000325088,2.44e-06,wrk_f9fceb7946cbb6ef,198,plan_7209297490c788dd,True,False,,,,
same_run08_x8_08_run08,/home/ubuntu/quantum-workload-architecture/workloads/manifests/imported/ovh_v2/08_parity_iqp_batched_heldout_medium.yaml,persistent_warm_cli,same_run08_x8,4,0.627292098,0.259105035,0.17467691,0.08693258,0.000285332,2.909e-06,wrk_f9fceb7946cbb6ef,199,plan_7209297490c788dd,True,False,,,,
mixed_trio_x6_01_run01,/home/ubuntu/quantum-workload-architecture/workloads/manifests/imported/ovh_v2/01_real_dense_ring6_amplitude.yaml,persistent_warm_cli,mixed_trio_x6,4,0.574175189,0.204252155,0.130892299,0.075849591,0.000336928,2.474e-06,wrk_f9fceb7946cbb6ef,200,plan_9681ead327789de4,True,False,,,,
mixed_trio_x6_02_run06,/home/ubuntu/quantum-workload-architecture/workloads/manifests/imported/ovh_v2/06_star_graph_phase_amplitude_heldout_low.yaml,persistent_warm_cli,mixed_trio_x6,4,0.67527194,0.274834807,0.19492889,0.08243273,0.000274016,3.222e-06,wrk_f9fceb7946cbb6ef,201,plan_1e9bb43cfe444bbb,True,False,,,,
mixed_trio_x6_03_run08,/home/ubuntu/quantum-workload-architecture/workloads/manifests/imported/ovh_v2/08_parity_iqp_batched_heldout_medium.yaml,persistent_warm_cli,mixed_trio_x6,4,0.685474507,0.283648088,0.203080712,0.082975964,0.000331515,2.686e-06,wrk_f9fceb7946cbb6ef,202,plan_7209297490c788dd,True,False,,,,
mixed_trio_x6_04_run01,/home/ubuntu/quantum-workload-architecture/workloads/manifests/imported/ovh_v2/01_real_dense_ring6_amplitude.yaml,persistent_warm_cli,mixed_trio_x6,4,0.622954946,0.272494466,0.196283794,0.078614829,0.00025997,2.647e-06,wrk_f9fceb7946cbb6ef,203,plan_9681ead327789de4,True,False,,,,
mixed_trio_x6_05_run06,/home/ubuntu/quantum-workload-architecture/workloads/manifests/imported/ovh_v2/06_star_graph_phase_amplitude_heldout_low.yaml,persistent_warm_cli,mixed_trio_x6,4,0.632380194,0.219721711,0.154466796,0.067382731,0.000167926,2.468e-06,wrk_f9fceb7946cbb6ef,204,plan_1e9bb43cfe444bbb,True,False,,,,
mixed_trio_x6_06_run08,/home/ubuntu/quantum-workload-architecture/workloads/manifests/imported/ovh_v2/08_parity_iqp_batched_heldout_medium.yaml,persistent_warm_cli,mixed_trio_x6,4,0.704362915,0.287041349,0.200358209,0.089271454,0.000321403,2.712e-06,wrk_f9fceb7946cbb6ef,205,plan_7209297490c788dd,True,False,,,,
same_run01_x1_01_run01,/home/ubuntu/quantum-workload-architecture/workloads/manifests/imported/ovh_v2/01_real_dense_ring6_amplitude.yaml,persistent_warm_cli,same_run01_x1,5,0.679337461,0.257392061,0.174896305,0.085039637,0.00034144,2.56e-06,wrk_f9fceb7946cbb6ef,206,plan_9681ead327789de4,True,False,,,,
same_run01_x2_01_run01,/home/ubuntu/quantum-workload-architecture/workloads/manifests/imported/ovh_v2/01_real_dense_ring6_amplitude.yaml,persistent_warm_cli,same_run01_x2,5,0.683369671,0.260641377,0.171020549,0.092217827,0.000351562,3.396e-06,wrk_f9fceb7946cbb6ef,207,plan_9681ead327789de4,True,False,,,,
same_run01_x2_02_run01,/home/ubuntu/quantum-workload-architecture/workloads/manifests/imported/ovh_v2/01_real_dense_ring6_amplitude.yaml,persistent_warm_cli,same_run01_x2,5,0.707012469,0.281715594,0.19384899,0.09043485,0.000299095,3.002e-06,wrk_f9fceb7946cbb6ef,208,plan_9681ead327789de4,True,False,,,,
same_run01_x4_01_run01,/home/ubuntu/quantum-workload-architecture/workloads/manifests/imported/ovh_v2/01_real_dense_ring6_amplitude.yaml,persistent_warm_cli,same_run01_x4,5,0.56918963,0.222242564,0.164592564,0.059659401,0.000152741,2.61e-06,wrk_f9fceb7946cbb6ef,209,plan_9681ead327789de4,True,False,,,,
same_run01_x4_02_run01,/home/ubuntu/quantum-workload-architecture/workloads/manifests/imported/ovh_v2/01_real_dense_ring6_amplitude.yaml,persistent_warm_cli,same_run01_x4,5,0.597879001,0.188049288,0.132349972,0.057696716,0.000147142,2.365e-06,wrk_f9fceb7946cbb6ef,210,plan_9681ead327789de4,True,False,,,,
same_run01_x4_03_run01,/home/ubuntu/quantum-workload-architecture/workloads/manifests/imported/ovh_v2/01_real_dense_ring6_amplitude.yaml,persistent_warm_cli,same_run01_x4,5,0.645541054,0.271225336,0.182702485,0.091071522,0.000314695,2.8e-06,wrk_f9fceb7946cbb6ef,211,plan_9681ead327789de4,True,False,,,,
same_run01_x4_04_run01,/home/ubuntu/quantum-workload-architecture/workloads/manifests/imported/ovh_v2/01_real_dense_ring6_amplitude.yaml,persistent_warm_cli,same_run01_x4,5,0.684059187,0.291816103,0.211156549,0.083223782,0.000456527,2.622e-06,wrk_f9fceb7946cbb6ef,212,plan_9681ead327789de4,True,False,,,,
same_run01_x8_01_run01,/home/ubuntu/quantum-workload-architecture/workloads/manifests/imported/ovh_v2/01_real_dense_ring6_amplitude.yaml,persistent_warm_cli,same_run01_x8,5,0.702313102,0.288016027,0.19975587,0.090877523,0.000297531,2.782e-06,wrk_f9fceb7946cbb6ef,213,plan_9681ead327789de4,True,False,,,,
same_run01_x8_02_run01,/home/ubuntu/quantum-workload-architecture/workloads/manifests/imported/ovh_v2/01_real_dense_ring6_amplitude.yaml,persistent_warm_cli,same_run01_x8,5,0.700072758,0.283106232,0.19847554,0.087131759,0.00032796,2.429e-06,wrk_f9fceb7946cbb6ef,214,plan_9681ead327789de4,True,False,,,,
same_run01_x8_03_run01,/home/ubuntu/quantum-workload-architecture/workloads/manifests/imported/ovh_v2/01_real_dense_ring6_amplitude.yaml,persistent_warm_cli,same_run01_x8,5,0.702794744,0.285680879,0.203549788,0.084538326,0.000313071,2.359e-06,wrk_f9fceb7946cbb6ef,215,plan_9681ead327789de4,True,False,,,,
same_run01_x8_04_run01,/home/ubuntu/quantum-workload-architecture/workloads/manifests/imported/ovh_v2/01_real_dense_ring6_amplitude.yaml,persistent_warm_cli,same_run01_x8,5,0.690160754,0.269057844,0.189643607,0.082328106,0.000440534,2.692e-06,wrk_f9fceb7946cbb6ef,216,plan_9681ead327789de4,True,False,,,,
same_run01_x8_05_run01,/home/ubuntu/quantum-workload-architecture/workloads/manifests/imported/ovh_v2/01_real_dense_ring6_amplitude.yaml,persistent_warm_cli,same_run01_x8,5,0.658879531,0.257893831,0.174619165,0.085938335,0.000296829,2.953e-06,wrk_f9fceb7946cbb6ef,217,plan_9681ead327789de4,True,False,,,,
same_run01_x8_06_run01,/home/ubuntu/quantum-workload-architecture/workloads/manifests/imported/ovh_v2/01_real_dense_ring6_amplitude.yaml,persistent_warm_cli,same_run01_x8,5,0.657739895,0.272488572,0.184320175,0.090749458,0.000278958,2.355e-06,wrk_f9fceb7946cbb6ef,218,plan_9681ead327789de4,True,False,,,,
same_run01_x8_07_run01,/home/ubuntu/quantum-workload-architecture/workloads/manifests/imported/ovh_v2/01_real_dense_ring6_amplitude.yaml,persistent_warm_cli,same_run01_x8,5,0.652480208,0.234426487,0.150020082,0.087024788,0.000338017,2.819e-06,wrk_f9fceb7946cbb6ef,219,plan_9681ead327789de4,True,False,,,,
same_run01_x8_08_run01,/home/ubuntu/quantum-workload-architecture/workloads/manifests/imported/ovh_v2/01_real_dense_ring6_amplitude.yaml,persistent_warm_cli,same_run01_x8,5,0.66339509,0.282885016,0.190510094,0.095002516,0.000295883,2.503e-06,wrk_f9fceb7946cbb6ef,220,plan_9681ead327789de4,True,False,,,,
same_run06_x1_01_run06,/home/ubuntu/quantum-workload-architecture/workloads/manifests/imported/ovh_v2/06_star_graph_phase_amplitude_heldout_low.yaml,persistent_warm_cli,same_run06_x1,5,0.680033393,0.301492416,0.214329407,0.089726656,0.000296844,2.363e-06,wrk_f9fceb7946cbb6ef,221,plan_1e9bb43cfe444bbb,True,False,,,,
same_run06_x2_01_run06,/home/ubuntu/quantum-workload-architecture/workloads/manifests/imported/ovh_v2/06_star_graph_phase_amplitude_heldout_low.yaml,persistent_warm_cli,same_run06_x2,5,0.710120039,0.301538126,0.179093416,0.125812918,0.000321585,3.746e-06,wrk_f9fceb7946cbb6ef,222,plan_1e9bb43cfe444bbb,True,False,,,,
same_run06_x2_02_run06,/home/ubuntu/quantum-workload-architecture/workloads/manifests/imported/ovh_v2/06_star_graph_phase_amplitude_heldout_low.yaml,persistent_warm_cli,same_run06_x2,5,0.692192898,0.292163887,0.192922289,0.101910828,0.000404344,2.736e-06,wrk_f9fceb7946cbb6ef,223,plan_1e9bb43cfe444bbb,True,False,,,,
same_run06_x4_01_run06,/home/ubuntu/quantum-workload-architecture/workloads/manifests/imported/ovh_v2/06_star_graph_phase_amplitude_heldout_low.yaml,persistent_warm_cli,same_run06_x4,5,0.679325475,0.260573845,0.173602714,0.089661602,0.000331328,2.57e-06,wrk_f9fceb7946cbb6ef,224,plan_1e9bb43cfe444bbb,True,False,,,,
same_run06_x4_02_run06,/home/ubuntu/quantum-workload-architecture/workloads/manifests/imported/ovh_v2/06_star_graph_phase_amplitude_heldout_low.yaml,persistent_warm_cli,same_run06_x4,5,0.708908193,0.291594963,0.199401761,0.094759058,0.000291096,2.767e-06,wrk_f9fceb7946cbb6ef,225,plan_1e9bb43cfe444bbb,True,False,,,,
same_run06_x4_03_run06,/home/ubuntu/quantum-workload-architecture/workloads/manifests/imported/ovh_v2/06_star_graph_phase_amplitude_heldout_low.yaml,persistent_warm_cli,same_run06_x4,5,0.668260976,0.266381243,0.18269129,0.08634279,0.000310588,2.31e-06,wrk_f9fceb7946cbb6ef,226,plan_1e9bb43cfe444bbb,True,False,,,,
same_run06_x4_04_run06,/home/ubuntu/quantum-workload-architecture/workloads/manifests/imported/ovh_v2/06_star_graph_phase_amplitude_heldout_low.yaml,persistent_warm_cli,same_run06_x4,5,0.675424845,0.255486195,0.170639888,0.087599926,0.000312563,2.959e-06,wrk_f9fceb7946cbb6ef,227,plan_1e9bb43cfe444bbb,True,False,,,,
same_run06_x8_01_run06,/home/ubuntu/quantum-workload-architecture/workloads/manifests/imported/ovh_v2/06_star_graph_phase_amplitude_heldout_low.yaml,persistent_warm_cli,same_run06_x8,5,0.668041503,0.247547394,0.160556126,0.089525038,0.000293185,2.971e-06,wrk_f9fceb7946cbb6ef,228,plan_1e9bb43cfe444bbb,True,False,,,,
same_run06_x8_02_run06,/home/ubuntu/quantum-workload-architecture/workloads/manifests/imported/ovh_v2/06_star_graph_phase_amplitude_heldout_low.yaml,persistent_warm_cli,same_run06_x8,5,0.682982251,0.262929559,0.174551615,0.090955162,0.000318453,2.588e-06,wrk_f9fceb7946cbb6ef,229,plan_1e9bb43cfe444bbb,True,False,,,,
same_run06_x8_03_run06,/home/ubuntu/quantum-workload-architecture/workloads/manifests/imported/ovh_v2/06_star_graph_phase_amplitude_heldout_low.yaml,persistent_warm_cli,same_run06_x8,5,0.712844371,0.294148886,0.199921919,0.096792471,0.000289838,2.555e-06,wrk_f9fceb7946cbb6ef,230,plan_1e9bb43cfe444bbb,True,False,,,,
same_run06_x8_04_run06,/home/ubuntu/quantum-workload-architecture/workloads/manifests/imported/ovh_v2/06_star_graph_phase_amplitude_heldout_low.yaml,persistent_warm_cli,same_run06_x8,5,0.673187998,0.290964926,0.19621072,0.097432586,0.000340786,2.733e-06,wrk_f9fceb7946cbb6ef,231,plan_1e9bb43cfe444bbb,True,False,,,,
same_run06_x8_05_run06,/home/ubuntu/quantum-workload-architecture/workloads/manifests/imported/ovh_v2/06_star_graph_phase_amplitude_heldout_low.yaml,persistent_warm_cli,same_run06_x8,5,0.693520733,0.275369439,0.18597783,0.092004535,0.000296869,2.466e-06,wrk_f9fceb7946cbb6ef,232,plan_1e9bb43cfe444bbb,True,False,,,,
same_run06_x8_06_run06,/home/ubuntu/quantum-workload-architecture/workloads/manifests/imported/ovh_v2/06_star_graph_phase_amplitude_heldout_low.yaml,persistent_warm_cli,same_run06_x8,5,0.69185681,0.276390324,0.192762076,0.086253824,0.000285207,2.83e-06,wrk_f9fceb7946cbb6ef,233,plan_1e9bb43cfe444bbb,True,False,,,,
same_run06_x8_07_run06,/home/ubuntu/quantum-workload-architecture/workloads/manifests/imported/ovh_v2/06_star_graph_phase_amplitude_heldout_low.yaml,persistent_warm_cli,same_run06_x8,5,0.660974075,0.282155161,0.198881939,0.085834446,0.000294314,2.379e-06,wrk_f9fceb7946cbb6ef,234,plan_1e9bb43cfe444bbb,True,False,,,,
same_run06_x8_08_run06,/home/ubuntu/quantum-workload-architecture/workloads/manifests/imported/ovh_v2/06_star_graph_phase_amplitude_heldout_low.yaml,persistent_warm_cli,same_run06_x8,5,0.663777571,0.284058568,0.196341763,0.090332427,0.000294424,2.769e-06,wrk_f9fceb7946cbb6ef,235,plan_1e9bb43cfe444bbb,True,False,,,,
same_run08_x1_01_run08,/home/ubuntu/quantum-workload-architecture/workloads/manifests/imported/ovh_v2/08_parity_iqp_batched_heldout_medium.yaml,persistent_warm_cli,same_run08_x1,5,0.717441286,0.278627498,0.195347002,0.085806563,0.000316126,2.939e-06,wrk_f9fceb7946cbb6ef,236,plan_7209297490c788dd,True,False,,,,
same_run08_x2_01_run08,/home/ubuntu/quantum-workload-architecture/workloads/manifests/imported/ovh_v2/08_parity_iqp_batched_heldout_medium.yaml,persistent_warm_cli,same_run08_x2,5,0.683530225,0.26203924,0.178802607,0.08574497,0.000322887,2.686e-06,wrk_f9fceb7946cbb6ef,237,plan_7209297490c788dd,True,False,,,,
same_run08_x2_02_run08,/home/ubuntu/quantum-workload-architecture/workloads/manifests/imported/ovh_v2/08_parity_iqp_batched_heldout_medium.yaml,persistent_warm_cli,same_run08_x2,5,0.664512036,0.277714456,0.199940021,0.080225709,0.000294508,3.096e-06,wrk_f9fceb7946cbb6ef,238,plan_7209297490c788dd,True,False,,,,
same_run08_x4_01_run08,/home/ubuntu/quantum-workload-architecture/workloads/manifests/imported/ovh_v2/08_parity_iqp_batched_heldout_medium.yaml,persistent_warm_cli,same_run08_x4,5,0.652702739,0.245164042,0.173204692,0.074294914,0.000278285,2.653e-06,wrk_f9fceb7946cbb6ef,239,plan_7209297490c788dd,True,False,,,,
same_run08_x4_02_run08,/home/ubuntu/quantum-workload-architecture/workloads/manifests/imported/ovh_v2/08_parity_iqp_batched_heldout_medium.yaml,persistent_warm_cli,same_run08_x4,5,0.666662885,0.278684063,0.196991447,0.084385193,0.000298836,2.603e-06,wrk_f9fceb7946cbb6ef,240,plan_7209297490c788dd,True,False,,,,
same_run08_x4_03_run08,/home/ubuntu/quantum-workload-architecture/workloads/manifests/imported/ovh_v2/08_parity_iqp_batched_heldout_medium.yaml,persistent_warm_cli,same_run08_x4,5,0.668695358,0.248632556,0.160332221,0.090825979,0.000271268,2.726e-06,wrk_f9fceb7946cbb6ef,241,plan_7209297490c788dd,True,False,,,,
same_run08_x4_04_run08,/home/ubuntu/quantum-workload-architecture/workloads/manifests/imported/ovh_v2/08_parity_iqp_batched_heldout_medium.yaml,persistent_warm_cli,same_run08_x4,5,0.653219656,0.265348713,0.180640736,0.087111625,0.000283905,2.566e-06,wrk_f9fceb7946cbb6ef,242,plan_7209297490c788dd,True,False,,,,
same_run08_x8_01_run08,/home/ubuntu/quantum-workload-architecture/workloads/manifests/imported/ovh_v2/08_parity_iqp_batched_heldout_medium.yaml,persistent_warm_cli,same_run08_x8,5,0.68330639,0.280405258,0.197641907,0.085328334,0.000341747,2.922e-06,wrk_f9fceb7946cbb6ef,243,plan_7209297490c788dd,True,False,,,,
same_run08_x8_02_run08,/home/ubuntu/quantum-workload-architecture/workloads/manifests/imported/ovh_v2/08_parity_iqp_batched_heldout_medium.yaml,persistent_warm_cli,same_run08_x8,5,0.686909676,0.239784937,0.16671837,0.075678665,0.000210756,3.16e-06,wrk_f9fceb7946cbb6ef,244,plan_7209297490c788dd,True,False,,,,
same_run08_x8_03_run08,/home/ubuntu/quantum-workload-architecture/workloads/manifests/imported/ovh_v2/08_parity_iqp_batched_heldout_medium.yaml,persistent_warm_cli,same_run08_x8,5,0.64313443,0.239463832,0.168767257,0.07323686,0.000337882,2.711e-06,wrk_f9fceb7946cbb6ef,245,plan_7209297490c788dd,True,False,,,,
same_run08_x8_04_run08,/home/ubuntu/quantum-workload-architecture/workloads/manifests/imported/ovh_v2/08_parity_iqp_batched_heldout_medium.yaml,persistent_warm_cli,same_run08_x8,5,0.676995379,0.27490485,0.188515492,0.088872895,0.000327908,2.739e-06,wrk_f9fceb7946cbb6ef,246,plan_7209297490c788dd,True,False,,,,
same_run08_x8_05_run08,/home/ubuntu/quantum-workload-architecture/workloads/manifests/imported/ovh_v2/08_parity_iqp_batched_heldout_medium.yaml,persistent_warm_cli,same_run08_x8,5,0.590682437,0.211945927,0.147658252,0.066714874,0.000350657,2.71e-06,wrk_f9fceb7946cbb6ef,247,plan_7209297490c788dd,True,False,,,,
same_run08_x8_06_run08,/home/ubuntu/quantum-workload-architecture/workloads/manifests/imported/ovh_v2/08_parity_iqp_batched_heldout_medium.yaml,persistent_warm_cli,same_run08_x8,5,0.699354396,0.2941566,0.180000546,0.117489151,0.000330709,4.126e-06,wrk_f9fceb7946cbb6ef,248,plan_7209297490c788dd,True,False,,,,
same_run08_x8_07_run08,/home/ubuntu/quantum-workload-architecture/workloads/manifests/imported/ovh_v2/08_parity_iqp_batched_heldout_medium.yaml,persistent_warm_cli,same_run08_x8,5,0.64725667,0.257352758,0.200327826,0.059588352,0.000387194,2.842e-06,wrk_f9fceb7946cbb6ef,249,plan_7209297490c788dd,True,False,,,,
same_run08_x8_08_run08,/home/ubuntu/quantum-workload-architecture/workloads/manifests/imported/ovh_v2/08_parity_iqp_batched_heldout_medium.yaml,persistent_warm_cli,same_run08_x8,5,0.651771633,0.273678149,0.190913979,0.08533189,0.000305825,2.898e-06,wrk_f9fceb7946cbb6ef,250,plan_7209297490c788dd,True,False,,,,
mixed_trio_x6_01_run01,/home/ubuntu/quantum-workload-architecture/workloads/manifests/imported/ovh_v2/01_real_dense_ring6_amplitude.yaml,persistent_warm_cli,mixed_trio_x6,5,0.684500871,0.261480643,0.185334741,0.078586124,0.000282416,2.582e-06,wrk_f9fceb7946cbb6ef,251,plan_9681ead327789de4,True,False,,,,
mixed_trio_x6_02_run06,/home/ubuntu/quantum-workload-architecture/workloads/manifests/imported/ovh_v2/06_star_graph_phase_amplitude_heldout_low.yaml,persistent_warm_cli,mixed_trio_x6,5,0.707997217,0.287240074,0.195828978,0.094088567,0.000322306,2.57e-06,wrk_f9fceb7946cbb6ef,252,plan_1e9bb43cfe444bbb,True,False,,,,
mixed_trio_x6_03_run08,/home/ubuntu/quantum-workload-architecture/workloads/manifests/imported/ovh_v2/08_parity_iqp_batched_heldout_medium.yaml,persistent_warm_cli,mixed_trio_x6,5,0.646295497,0.289268573,0.193229588,0.098751014,0.00030342,3.105e-06,wrk_f9fceb7946cbb6ef,253,plan_7209297490c788dd,True,False,,,,
mixed_trio_x6_04_run01,/home/ubuntu/quantum-workload-architecture/workloads/manifests/imported/ovh_v2/01_real_dense_ring6_amplitude.yaml,persistent_warm_cli,mixed_trio_x6,5,0.680756259,0.259947736,0.18106708,0.081307952,0.000293509,2.728e-06,wrk_f9fceb7946cbb6ef,254,plan_9681ead327789de4,True,False,,,,
mixed_trio_x6_05_run06,/home/ubuntu/quantum-workload-architecture/workloads/manifests/imported/ovh_v2/06_star_graph_phase_amplitude_heldout_low.yaml,persistent_warm_cli,mixed_trio_x6,5,0.687680768,0.301276198,0.182827145,0.122257634,0.00028445,3.677e-06,wrk_f9fceb7946cbb6ef,255,plan_1e9bb43cfe444bbb,True,False,,,,
mixed_trio_x6_06_run08,/home/ubuntu/quantum-workload-architecture/workloads/manifests/imported/ovh_v2/08_parity_iqp_batched_heldout_medium.yaml,persistent_warm_cli,mixed_trio_x6,5,0.639461231,0.248443435,0.181840321,0.06866903,0.000193433,2.138e-05,wrk_f9fceb7946cbb6ef,256,plan_7209297490c788dd,True,False,,,,
same_run01_x1_r1_01_run01,/home/ubuntu/quantum-workload-architecture/workloads/manifests/imported/ovh_v2/01_real_dense_ring6_amplitude.yaml,session_runner_existing_worker,same_run01_x1,1,0.096811791,0.096811791,0.004275791,0.095071872,0.000293752,2.952e-06,wrk_c551792715a8cbd6,2,plan_9681ead327789de4,True,False,,session_runner_existing_worker,0.096811791,/home/ubuntu/quantum-workload-architecture/artifacts/session_runner/ovh_session_runner_prototype_v1/sessions/session_runner_existing_worker/same_run01_x1/repeat_1/requests/same_run01_x1_r1_01_run01.execution.json
same_run01_x2_r1_01_run01,/home/ubuntu/quantum-workload-architecture/workloads/manifests/imported/ovh_v2/01_real_dense_ring6_amplitude.yaml,session_runner_existing_worker,same_run01_x2,1,0.093362978,0.093362978,0.004501533,0.091556933,0.000273592,2.949e-06,wrk_c551792715a8cbd6,3,plan_9681ead327789de4,True,False,,session_runner_existing_worker,0.093362978,/home/ubuntu/quantum-workload-architecture/artifacts/session_runner/ovh_session_runner_prototype_v1/sessions/session_runner_existing_worker/same_run01_x2/repeat_1/requests/same_run01_x2_r1_01_run01.execution.json
same_run01_x2_r1_02_run01,/home/ubuntu/quantum-workload-architecture/workloads/manifests/imported/ovh_v2/01_real_dense_ring6_amplitude.yaml,session_runner_existing_worker,same_run01_x2,1,0.052670795,0.052670795,0.003286762,0.051255342,0.000105946,2.486e-06,wrk_c551792715a8cbd6,4,plan_9681ead327789de4,True,False,,session_runner_existing_worker,0.052670795,/home/ubuntu/quantum-workload-architecture/artifacts/session_runner/ovh_session_runner_prototype_v1/sessions/session_runner_existing_worker/same_run01_x2/repeat_1/requests/same_run01_x2_r1_02_run01.execution.json
same_run01_x4_r1_01_run01,/home/ubuntu/quantum-workload-architecture/workloads/manifests/imported/ovh_v2/01_real_dense_ring6_amplitude.yaml,session_runner_existing_worker,same_run01_x4,1,0.116819649,0.116819649,0.004335849,0.115208795,0.00029049,3.036e-06,wrk_c551792715a8cbd6,5,plan_9681ead327789de4,True,False,,session_runner_existing_worker,0.116819649,/home/ubuntu/quantum-workload-architecture/artifacts/session_runner/ovh_session_runner_prototype_v1/sessions/session_runner_existing_worker/same_run01_x4/repeat_1/requests/same_run01_x4_r1_01_run01.execution.json
same_run01_x4_r1_02_run01,/home/ubuntu/quantum-workload-architecture/workloads/manifests/imported/ovh_v2/01_real_dense_ring6_amplitude.yaml,session_runner_existing_worker,same_run01_x4,1,0.053853984,0.053853984,0.003237938,0.052540404,0.000124579,2.43e-06,wrk_c551792715a8cbd6,6,plan_9681ead327789de4,True,False,,session_runner_existing_worker,0.053853984,/home/ubuntu/quantum-workload-architecture/artifacts/session_runner/ovh_session_runner_prototype_v1/sessions/session_runner_existing_worker/same_run01_x4/repeat_1/requests/same_run01_x4_r1_02_run01.execution.json
same_run01_x4_r1_03_run01,/home/ubuntu/quantum-workload-architecture/workloads/manifests/imported/ovh_v2/01_real_dense_ring6_amplitude.yaml,session_runner_existing_worker,same_run01_x4,1,0.052153564,0.052153564,0.003232962,0.050777169,0.000103347,2.234e-06,wrk_c551792715a8cbd6,7,plan_9681ead327789de4,True,False,,session_runner_existing_worker,0.052153564,/home/ubuntu/quantum-workload-architecture/artifacts/session_runner/ovh_session_runner_prototype_v1/sessions/session_runner_existing_worker/same_run01_x4/repeat_1/requests/same_run01_x4_r1_03_run01.execution.json
same_run01_x4_r1_04_run01,/home/ubuntu/quantum-workload-architecture/workloads/manifests/imported/ovh_v2/01_real_dense_ring6_amplitude.yaml,session_runner_existing_worker,same_run01_x4,1,0.052452207,0.052452207,0.003260679,0.051050644,0.000102162,2.282e-06,wrk_c551792715a8cbd6,8,plan_9681ead327789de4,True,False,,session_runner_existing_worker,0.052452207,/home/ubuntu/quantum-workload-architecture/artifacts/session_runner/ovh_session_runner_prototype_v1/sessions/session_runner_existing_worker/same_run01_x4/repeat_1/requests/same_run01_x4_r1_04_run01.execution.json
same_run01_x8_r1_01_run01,/home/ubuntu/quantum-workload-architecture/workloads/manifests/imported/ovh_v2/01_real_dense_ring6_amplitude.yaml,session_runner_existing_worker,same_run01_x8,1,0.08843623,0.08843623,0.004072698,0.086854598,0.000266602,2.428e-06,wrk_c551792715a8cbd6,9,plan_9681ead327789de4,True,False,,session_runner_existing_worker,0.08843623,/home/ubuntu/quantum-workload-architecture/artifacts/session_runner/ovh_session_runner_prototype_v1/sessions/session_runner_existing_worker/same_run01_x8/repeat_1/requests/same_run01_x8_r1_01_run01.execution.json
same_run01_x8_r1_02_run01,/home/ubuntu/quantum-workload-architecture/workloads/manifests/imported/ovh_v2/01_real_dense_ring6_amplitude.yaml,session_runner_existing_worker,same_run01_x8,1,0.052577876,0.052577876,0.003124367,0.051394826,0.000104523,2.833e-06,wrk_c551792715a8cbd6,10,plan_9681ead327789de4,True,False,,session_runner_existing_worker,0.052577876,/home/ubuntu/quantum-workload-architecture/artifacts/session_runner/ovh_session_runner_prototype_v1/sessions/session_runner_existing_worker/same_run01_x8/repeat_1/requests/same_run01_x8_r1_02_run01.execution.json
same_run01_x8_r1_03_run01,/home/ubuntu/quantum-workload-architecture/workloads/manifests/imported/ovh_v2/01_real_dense_ring6_amplitude.yaml,session_runner_existing_worker,same_run01_x8,1,0.051734229,0.051734229,0.002802529,0.050787743,0.000134721,2.349e-06,wrk_c551792715a8cbd6,11,plan_9681ead327789de4,True,False,,session_runner_existing_worker,0.051734229,/home/ubuntu/quantum-workload-architecture/artifacts/session_runner/ovh_session_runner_prototype_v1/sessions/session_runner_existing_worker/same_run01_x8/repeat_1/requests/same_run01_x8_r1_03_run01.execution.json
same_run01_x8_r1_04_run01,/home/ubuntu/quantum-workload-architecture/workloads/manifests/imported/ovh_v2/01_real_dense_ring6_amplitude.yaml,session_runner_existing_worker,same_run01_x8,1,0.051736528,0.051736528,0.00302499,0.050583708,0.000101549,2.589e-06,wrk_c551792715a8cbd6,12,plan_9681ead327789de4,True,False,,session_runner_existing_worker,0.051736528,/home/ubuntu/quantum-workload-architecture/artifacts/session_runner/ovh_session_runner_prototype_v1/sessions/session_runner_existing_worker/same_run01_x8/repeat_1/requests/same_run01_x8_r1_04_run01.execution.json
same_run01_x8_r1_05_run01,/home/ubuntu/quantum-workload-architecture/workloads/manifests/imported/ovh_v2/01_real_dense_ring6_amplitude.yaml,session_runner_existing_worker,same_run01_x8,1,0.052108262,0.052108262,0.003254532,0.050722887,0.000105091,2.721e-06,wrk_c551792715a8cbd6,13,plan_9681ead327789de4,True,False,,session_runner_existing_worker,0.052108262,/home/ubuntu/quantum-workload-architecture/artifacts/session_runner/ovh_session_runner_prototype_v1/sessions/session_runner_existing_worker/same_run01_x8/repeat_1/requests/same_run01_x8_r1_05_run01.execution.json
same_run01_x8_r1_06_run01,/home/ubuntu/quantum-workload-architecture/workloads/manifests/imported/ovh_v2/01_real_dense_ring6_amplitude.yaml,session_runner_existing_worker,same_run01_x8,1,0.052985338,0.052985338,0.003261123,0.051588819,0.000113689,2.281e-06,wrk_c551792715a8cbd6,14,plan_9681ead327789de4,True,False,,session_runner_existing_worker,0.052985338,/home/ubuntu/quantum-workload-architecture/artifacts/session_runner/ovh_session_runner_prototype_v1/sessions/session_runner_existing_worker/same_run01_x8/repeat_1/requests/same_run01_x8_r1_06_run01.execution.json
same_run01_x8_r1_07_run01,/home/ubuntu/quantum-workload-architecture/workloads/manifests/imported/ovh_v2/01_real_dense_ring6_amplitude.yaml,session_runner_existing_worker,same_run01_x8,1,0.052146535,0.052146535,0.003375258,0.050683191,0.000104342,2.595e-06,wrk_c551792715a8cbd6,15,plan_9681ead327789de4,True,False,,session_runner_existing_worker,0.052146535,/home/ubuntu/quantum-workload-architecture/artifacts/session_runner/ovh_session_runner_prototype_v1/sessions/session_runner_existing_worker/same_run01_x8/repeat_1/requests/same_run01_x8_r1_07_run01.execution.json
same_run01_x8_r1_08_run01,/home/ubuntu/quantum-workload-architecture/workloads/manifests/imported/ovh_v2/01_real_dense_ring6_amplitude.yaml,session_runner_existing_worker,same_run01_x8,1,0.052252391,0.052252391,0.003119814,0.050972637,0.000114692,2.819e-06,wrk_c551792715a8cbd6,16,plan_9681ead327789de4,True,False,,session_runner_existing_worker,0.052252391,/home/ubuntu/quantum-workload-architecture/artifacts/session_runner/ovh_session_runner_prototype_v1/sessions/session_runner_existing_worker/same_run01_x8/repeat_1/requests/same_run01_x8_r1_08_run01.execution.json
same_run06_x1_r1_01_run06,/home/ubuntu/quantum-workload-architecture/workloads/manifests/imported/ovh_v2/06_star_graph_phase_amplitude_heldout_low.yaml,session_runner_existing_worker,same_run06_x1,1,0.094285183,0.094285183,0.004419169,0.09258361,0.0003212,2.61e-06,wrk_c551792715a8cbd6,17,plan_1e9bb43cfe444bbb,True,False,,session_runner_existing_worker,0.094285183,/home/ubuntu/quantum-workload-architecture/artifacts/session_runner/ovh_session_runner_prototype_v1/sessions/session_runner_existing_worker/same_run06_x1/repeat_1/requests/same_run06_x1_r1_01_run06.execution.json
same_run06_x2_r1_01_run06,/home/ubuntu/quantum-workload-architecture/workloads/manifests/imported/ovh_v2/06_star_graph_phase_amplitude_heldout_low.yaml,session_runner_existing_worker,same_run06_x2,1,0.099384251,0.099384251,0.004450399,0.097586484,0.000275934,5.549e-06,wrk_c551792715a8cbd6,18,plan_1e9bb43cfe444bbb,True,False,,session_runner_existing_worker,0.099384251,/home/ubuntu/quantum-workload-architecture/artifacts/session_runner/ovh_session_runner_prototype_v1/sessions/session_runner_existing_worker/same_run06_x2/repeat_1/requests/same_run06_x2_r1_01_run06.execution.json
same_run06_x2_r1_02_run06,/home/ubuntu/quantum-workload-architecture/workloads/manifests/imported/ovh_v2/06_star_graph_phase_amplitude_heldout_low.yaml,session_runner_existing_worker,same_run06_x2,1,0.062467005,0.062467005,0.003298181,0.061173728,0.000102854,2.654e-06,wrk_c551792715a8cbd6,19,plan_1e9bb43cfe444bbb,True,False,,session_runner_existing_worker,0.062467005,/home/ubuntu/quantum-workload-architecture/artifacts/session_runner/ovh_session_runner_prototype_v1/sessions/session_runner_existing_worker/same_run06_x2/repeat_1/requests/same_run06_x2_r1_02_run06.execution.json
same_run06_x4_r1_01_run06,/home/ubuntu/quantum-workload-architecture/workloads/manifests/imported/ovh_v2/06_star_graph_phase_amplitude_heldout_low.yaml,session_runner_existing_worker,same_run06_x4,1,0.065992463,0.065992463,0.004215772,0.064270636,0.000266519,2.41e-06,wrk_c551792715a8cbd6,20,plan_1e9bb43cfe444bbb,True,False,,session_runner_existing_worker,0.065992463,/home/ubuntu/quantum-workload-architecture/artifacts/session_runner/ovh_session_runner_prototype_v1/sessions/session_runner_existing_worker/same_run06_x4/repeat_1/requests/same_run06_x4_r1_01_run06.execution.json
same_run06_x4_r1_02_run06,/home/ubuntu/quantum-workload-architecture/workloads/manifests/imported/ovh_v2/06_star_graph_phase_amplitude_heldout_low.yaml,session_runner_existing_worker,same_run06_x4,1,0.05619714,0.05619714,0.003366122,0.054789815,0.000109082,2.966e-06,wrk_c551792715a8cbd6,21,plan_1e9bb43cfe444bbb,True,False,,session_runner_existing_worker,0.05619714,/home/ubuntu/quantum-workload-architecture/artifacts/session_runner/ovh_session_runner_prototype_v1/sessions/session_runner_existing_worker/same_run06_x4/repeat_1/requests/same_run06_x4_r1_02_run06.execution.json
same_run06_x4_r1_03_run06,/home/ubuntu/quantum-workload-architecture/workloads/manifests/imported/ovh_v2/06_star_graph_phase_amplitude_heldout_low.yaml,session_runner_existing_worker,same_run06_x4,1,0.056121599,0.056121599,0.003325345,0.054713357,0.000104173,2.656e-06,wrk_c551792715a8cbd6,22,plan_1e9bb43cfe444bbb,True,False,,session_runner_existing_worker,0.056121599,/home/ubuntu/quantum-workload-architecture/artifacts/session_runner/ovh_session_runner_prototype_v1/sessions/session_runner_existing_worker/same_run06_x4/repeat_1/requests/same_run06_x4_r1_03_run06.execution.json
same_run06_x4_r1_04_run06,/home/ubuntu/quantum-workload-architecture/workloads/manifests/imported/ovh_v2/06_star_graph_phase_amplitude_heldout_low.yaml,session_runner_existing_worker,same_run06_x4,1,0.055640998,0.055640998,0.003234079,0.054279128,0.000102075,2.315e-06,wrk_c551792715a8cbd6,23,plan_1e9bb43cfe444bbb,True,False,,session_runner_existing_worker,0.055640998,/home/ubuntu/quantum-workload-architecture/artifacts/session_runner/ovh_session_runner_prototype_v1/sessions/session_runner_existing_worker/same_run06_x4/repeat_1/requests/same_run06_x4_r1_04_run06.execution.json
same_run06_x8_r1_01_run06,/home/ubuntu/quantum-workload-architecture/workloads/manifests/imported/ovh_v2/06_star_graph_phase_amplitude_heldout_low.yaml,session_runner_existing_worker,same_run06_x8,1,0.099528448,0.099528448,0.004238396,0.097801903,0.000259551,2.313e-06,wrk_c551792715a8cbd6,24,plan_1e9bb43cfe444bbb,True,False,,session_runner_existing_worker,0.099528448,/home/ubuntu/quantum-workload-architecture/artifacts/session_runner/ovh_session_runner_prototype_v1/sessions/session_runner_existing_worker/same_run06_x8/repeat_1/requests/same_run06_x8_r1_01_run06.execution.json
same_run06_x8_r1_02_run06,/home/ubuntu/quantum-workload-architecture/workloads/manifests/imported/ovh_v2/06_star_graph_phase_amplitude_heldout_low.yaml,session_runner_existing_worker,same_run06_x8,1,0.055779055,0.055779055,0.003281796,0.054461698,0.000105264,2.557e-06,wrk_c551792715a8cbd6,25,plan_1e9bb43cfe444bbb,True,False,,session_runner_existing_worker,0.055779055,/home/ubuntu/quantum-workload-architecture/artifacts/session_runner/ovh_session_runner_prototype_v1/sessions/session_runner_existing_worker/same_run06_x8/repeat_1/requests/same_run06_x8_r1_02_run06.execution.json
same_run06_x8_r1_03_run06,/home/ubuntu/quantum-workload-architecture/workloads/manifests/imported/ovh_v2/06_star_graph_phase_amplitude_heldout_low.yaml,session_runner_existing_worker,same_run06_x8,1,0.055487198,0.055487198,0.003316573,0.054157464,0.000102171,2.438e-06,wrk_c551792715a8cbd6,26,plan_1e9bb43cfe444bbb,True,False,,session_runner_existing_worker,0.055487198,/home/ubuntu/quantum-workload-architecture/artifacts/session_runner/ovh_session_runner_prototype_v1/sessions/session_runner_existing_worker/same_run06_x8/repeat_1/requests/same_run06_x8_r1_03_run06.execution.json
same_run06_x8_r1_04_run06,/home/ubuntu/quantum-workload-architecture/workloads/manifests/imported/ovh_v2/06_star_graph_phase_amplitude_heldout_low.yaml,session_runner_existing_worker,same_run06_x8,1,0.055238387,0.055238387,0.003288763,0.053857705,0.00010478,2.568e-06,wrk_c551792715a8cbd6,27,plan_1e9bb43cfe444bbb,True,False,,session_runner_existing_worker,0.055238387,/home/ubuntu/quantum-workload-architecture/artifacts/session_runner/ovh_session_runner_prototype_v1/sessions/session_runner_existing_worker/same_run06_x8/repeat_1/requests/same_run06_x8_r1_04_run06.execution.json
same_run06_x8_r1_05_run06,/home/ubuntu/quantum-workload-architecture/workloads/manifests/imported/ovh_v2/06_star_graph_phase_amplitude_heldout_low.yaml,session_runner_existing_worker,same_run06_x8,1,0.056100815,0.056100815,0.00332288,0.054725554,0.00010584,2.556e-06,wrk_c551792715a8cbd6,28,plan_1e9bb43cfe444bbb,True,False,,session_runner_existing_worker,0.056100815,/home/ubuntu/quantum-workload-architecture/artifacts/session_runner/ovh_session_runner_prototype_v1/sessions/session_runner_existing_worker/same_run06_x8/repeat_1/requests/same_run06_x8_r1_05_run06.execution.json
same_run06_x8_r1_06_run06,/home/ubuntu/quantum-workload-architecture/workloads/manifests/imported/ovh_v2/06_star_graph_phase_amplitude_heldout_low.yaml,session_runner_existing_worker,same_run06_x8,1,0.058437726,0.058437726,0.003236738,0.057177195,0.000102617,4.816e-06,wrk_c551792715a8cbd6,29,plan_1e9bb43cfe444bbb,True,False,,session_runner_existing_worker,0.058437726,/home/ubuntu/quantum-workload-architecture/artifacts/session_runner/ovh_session_runner_prototype_v1/sessions/session_runner_existing_worker/same_run06_x8/repeat_1/requests/same_run06_x8_r1_06_run06.execution.json
same_run06_x8_r1_07_run06,/home/ubuntu/quantum-workload-architecture/workloads/manifests/imported/ovh_v2/06_star_graph_phase_amplitude_heldout_low.yaml,session_runner_existing_worker,same_run06_x8,1,0.055389974,0.055389974,0.003186817,0.054108067,0.000107993,2.656e-06,wrk_c551792715a8cbd6,30,plan_1e9bb43cfe444bbb,True,False,,session_runner_existing_worker,0.055389974,/home/ubuntu/quantum-workload-architecture/artifacts/session_runner/ovh_session_runner_prototype_v1/sessions/session_runner_existing_worker/same_run06_x8/repeat_1/requests/same_run06_x8_r1_07_run06.execution.json
same_run06_x8_r1_08_run06,/home/ubuntu/quantum-workload-architecture/workloads/manifests/imported/ovh_v2/06_star_graph_phase_amplitude_heldout_low.yaml,session_runner_existing_worker,same_run06_x8,1,0.055848878,0.055848878,0.003332008,0.054440222,0.000103732,2.971e-06,wrk_c551792715a8cbd6,31,plan_1e9bb43cfe444bbb,True,False,,session_runner_existing_worker,0.055848878,/home/ubuntu/quantum-workload-architecture/artifacts/session_runner/ovh_session_runner_prototype_v1/sessions/session_runner_existing_worker/same_run06_x8/repeat_1/requests/same_run06_x8_r1_08_run06.execution.json
same_run08_x1_r1_01_run08,/home/ubuntu/quantum-workload-architecture/workloads/manifests/imported/ovh_v2/08_parity_iqp_batched_heldout_medium.yaml,session_runner_existing_worker,same_run08_x1,1,0.086191077,0.086191077,0.004057567,0.084653673,0.000264789,2.933e-06,wrk_c551792715a8cbd6,32,plan_7209297490c788dd,True,False,,session_runner_existing_worker,0.086191077,/home/ubuntu/quantum-workload-architecture/artifacts/session_runner/ovh_session_runner_prototype_v1/sessions/session_runner_existing_worker/same_run08_x1/repeat_1/requests/same_run08_x1_r1_01_run08.execution.json
same_run08_x2_r1_01_run08,/home/ubuntu/quantum-workload-architecture/workloads/manifests/imported/ovh_v2/08_parity_iqp_batched_heldout_medium.yaml,session_runner_existing_worker,same_run08_x2,1,0.07747509,0.07747509,0.004264739,0.075893771,0.000358693,2.5e-06,wrk_c551792715a8cbd6,33,plan_7209297490c788dd,True,False,,session_runner_existing_worker,0.07747509,/home/ubuntu/quantum-workload-architecture/artifacts/session_runner/ovh_session_runner_prototype_v1/sessions/session_runner_existing_worker/same_run08_x2/repeat_1/requests/same_run08_x2_r1_01_run08.execution.json
same_run08_x2_r1_02_run08,/home/ubuntu/quantum-workload-architecture/workloads/manifests/imported/ovh_v2/08_parity_iqp_batched_heldout_medium.yaml,session_runner_existing_worker,same_run08_x2,1,0.05182336,0.05182336,0.003254839,0.050428992,0.0001036,2.72e-06,wrk_c551792715a8cbd6,34,plan_7209297490c788dd,True,False,,session_runner_existing_worker,0.05182336,/home/ubuntu/quantum-workload-architecture/artifacts/session_runner/ovh_session_runner_prototype_v1/sessions/session_runner_existing_worker/same_run08_x2/repeat_1/requests/same_run08_x2_r1_02_run08.execution.json
same_run08_x4_r1_01_run08,/home/ubuntu/quantum-workload-architecture/workloads/manifests/imported/ovh_v2/08_parity_iqp_batched_heldout_medium.yaml,session_runner_existing_worker,same_run08_x4,1,0.085557316,0.085557316,0.004131212,0.083902982,0.000290901,2.494e-06,wrk_c551792715a8cbd6,35,plan_7209297490c788dd,True,False,,session_runner_existing_worker,0.085557316,/home/ubuntu/quantum-workload-architecture/artifacts/session_runner/ovh_session_runner_prototype_v1/sessions/session_runner_existing_worker/same_run08_x4/repeat_1/requests/same_run08_x4_r1_01_run08.execution.json
same_run08_x4_r1_02_run08,/home/ubuntu/quantum-workload-architecture/workloads/manifests/imported/ovh_v2/08_parity_iqp_batched_heldout_medium.yaml,session_runner_existing_worker,same_run08_x4,1,0.05078059,0.05078059,0.003199508,0.049432847,0.000106681,2.315e-06,wrk_c551792715a8cbd6,36,plan_7209297490c788dd,True,False,,session_runner_existing_worker,0.05078059,/home/ubuntu/quantum-workload-architecture/artifacts/session_runner/ovh_session_runner_prototype_v1/sessions/session_runner_existing_worker/same_run08_x4/repeat_1/requests/same_run08_x4_r1_02_run08.execution.json
same_run08_x4_r1_03_run08,/home/ubuntu/quantum-workload-architecture/workloads/manifests/imported/ovh_v2/08_parity_iqp_batched_heldout_medium.yaml,session_runner_existing_worker,same_run08_x4,1,0.050241989,0.050241989,0.003179265,0.048860249,0.000118915,2.835e-06,wrk_c551792715a8cbd6,37,plan_7209297490c788dd,True,False,,session_runner_existing_worker,0.050241989,/home/ubuntu/quantum-workload-architecture/artifacts/session_runner/ovh_session_runner_prototype_v1/sessions/session_runner_existing_worker/same_run08_x4/repeat_1/requests/same_run08_x4_r1_03_run08.execution.json
same_run08_x4_r1_04_run08,/home/ubuntu/quantum-workload-architecture/workloads/manifests/imported/ovh_v2/08_parity_iqp_batched_heldout_medium.yaml,session_runner_existing_worker,same_run08_x4,1,0.050429856,0.050429856,0.003173188,0.04905122,0.00010655,2.736e-06,wrk_c551792715a8cbd6,38,plan_7209297490c788dd,True,False,,session_runner_existing_worker,0.050429856,/home/ubuntu/quantum-workload-architecture/artifacts/session_runner/ovh_session_runner_prototype_v1/sessions/session_runner_existing_worker/same_run08_x4/repeat_1/requests/same_run08_x4_r1_04_run08.execution.json
same_run08_x8_r1_01_run08,/home/ubuntu/quantum-workload-architecture/workloads/manifests/imported/ovh_v2/08_parity_iqp_batched_heldout_medium.yaml,session_runner_existing_worker,same_run08_x8,1,0.082080794,0.082080794,0.00432291,0.080424913,0.00040895,2.333e-06,wrk_c551792715a8cbd6,39,plan_7209297490c788dd,True,False,,session_runner_existing_worker,0.082080794,/home/ubuntu/quantum-workload-architecture/artifacts/session_runner/ovh_session_runner_prototype_v1/sessions/session_runner_existing_worker/same_run08_x8/repeat_1/requests/same_run08_x8_r1_01_run08.execution.json
same_run08_x8_r1_02_run08,/home/ubuntu/quantum-workload-architecture/workloads/manifests/imported/ovh_v2/08_parity_iqp_batched_heldout_medium.yaml,session_runner_existing_worker,same_run08_x8,1,0.050647853,0.050647853,0.003236288,0.049216327,0.00010853,2.419e-06,wrk_c551792715a8cbd6,40,plan_7209297490c788dd,True,False,,session_runner_existing_worker,0.050647853,/home/ubuntu/quantum-workload-architecture/artifacts/session_runner/ovh_session_runner_prototype_v1/sessions/session_runner_existing_worker/same_run08_x8/repeat_1/requests/same_run08_x8_r1_02_run08.execution.json
same_run08_x8_r1_03_run08,/home/ubuntu/quantum-workload-architecture/workloads/manifests/imported/ovh_v2/08_parity_iqp_batched_heldout_medium.yaml,session_runner_existing_worker,same_run08_x8,1,0.049893473,0.049893473,0.003212406,0.048516337,0.000101779,2.71e-06,wrk_c551792715a8cbd6,41,plan_7209297490c788dd,True,False,,session_runner_existing_worker,0.049893473,/home/ubuntu/quantum-workload-architecture/artifacts/session_runner/ovh_session_runner_prototype_v1/sessions/session_runner_existing_worker/same_run08_x8/repeat_1/requests/same_run08_x8_r1_03_run08.execution.json
same_run08_x8_r1_04_run08,/home/ubuntu/quantum-workload-architecture/workloads/manifests/imported/ovh_v2/08_parity_iqp_batched_heldout_medium.yaml,session_runner_existing_worker,same_run08_x8,1,0.050260552,0.050260552,0.003246088,0.048834602,0.000114033,2.803e-06,wrk_c551792715a8cbd6,42,plan_7209297490c788dd,True,False,,session_runner_existing_worker,0.050260552,/home/ubuntu/quantum-workload-architecture/artifacts/session_runner/ovh_session_runner_prototype_v1/sessions/session_runner_existing_worker/same_run08_x8/repeat_1/requests/same_run08_x8_r1_04_run08.execution.json
same_run08_x8_r1_05_run08,/home/ubuntu/quantum-workload-architecture/workloads/manifests/imported/ovh_v2/08_parity_iqp_batched_heldout_medium.yaml,session_runner_existing_worker,same_run08_x8,1,0.050605375,0.050605375,0.003139964,0.049275713,0.000105871,2.407e-06,wrk_c551792715a8cbd6,43,plan_7209297490c788dd,True,False,,session_runner_existing_worker,0.050605375,/home/ubuntu/quantum-workload-architecture/artifacts/session_runner/ovh_session_runner_prototype_v1/sessions/session_runner_existing_worker/same_run08_x8/repeat_1/requests/same_run08_x8_r1_05_run08.execution.json
same_run08_x8_r1_06_run08,/home/ubuntu/quantum-workload-architecture/workloads/manifests/imported/ovh_v2/08_parity_iqp_batched_heldout_medium.yaml,session_runner_existing_worker,same_run08_x8,1,0.050950884,0.050950884,0.00329059,0.049513233,0.000108365,2.505e-06,wrk_c551792715a8cbd6,44,plan_7209297490c788dd,True,False,,session_runner_existing_worker,0.050950884,/home/ubuntu/quantum-workload-architecture/artifacts/session_runner/ovh_session_runner_prototype_v1/sessions/session_runner_existing_worker/same_run08_x8/repeat_1/requests/same_run08_x8_r1_06_run08.execution.json
same_run08_x8_r1_07_run08,/home/ubuntu/quantum-workload-architecture/workloads/manifests/imported/ovh_v2/08_parity_iqp_batched_heldout_medium.yaml,session_runner_existing_worker,same_run08_x8,1,0.050069707,0.050069707,0.003140682,0.048766548,0.000103435,2.279e-06,wrk_c551792715a8cbd6,45,plan_7209297490c788dd,True,False,,session_runner_existing_worker,0.050069707,/home/ubuntu/quantum-workload-architecture/artifacts/session_runner/ovh_session_runner_prototype_v1/sessions/session_runner_existing_worker/same_run08_x8/repeat_1/requests/same_run08_x8_r1_07_run08.execution.json
same_run08_x8_r1_08_run08,/home/ubuntu/quantum-workload-architecture/workloads/manifests/imported/ovh_v2/08_parity_iqp_batched_heldout_medium.yaml,session_runner_existing_worker,same_run08_x8,1,0.050348528,0.050348528,0.003160948,0.049015809,0.000102293,2.745e-06,wrk_c551792715a8cbd6,46,plan_7209297490c788dd,True,False,,session_runner_existing_worker,0.050348528,/home/ubuntu/quantum-workload-architecture/artifacts/session_runner/ovh_session_runner_prototype_v1/sessions/session_runner_existing_worker/same_run08_x8/repeat_1/requests/same_run08_x8_r1_08_run08.execution.json
mixed_trio_x6_r1_01_run01,/home/ubuntu/quantum-workload-architecture/workloads/manifests/imported/ovh_v2/01_real_dense_ring6_amplitude.yaml,session_runner_existing_worker,mixed_trio_x6,1,0.096137342,0.096137342,0.004164237,0.094599119,0.000268607,2.437e-06,wrk_c551792715a8cbd6,47,plan_9681ead327789de4,True,False,,session_runner_existing_worker,0.096137342,/home/ubuntu/quantum-workload-architecture/artifacts/session_runner/ovh_session_runner_prototype_v1/sessions/session_runner_existing_worker/mixed_trio_x6/repeat_1/requests/mixed_trio_x6_r1_01_run01.execution.json
mixed_trio_x6_r1_02_run06,/home/ubuntu/quantum-workload-architecture/workloads/manifests/imported/ovh_v2/06_star_graph_phase_amplitude_heldout_low.yaml,session_runner_existing_worker,mixed_trio_x6,1,0.055904249,0.055904249,0.003105709,0.054760081,0.000105605,2.466e-06,wrk_c551792715a8cbd6,48,plan_1e9bb43cfe444bbb,True,False,,session_runner_existing_worker,0.055904249,/home/ubuntu/quantum-workload-architecture/artifacts/session_runner/ovh_session_runner_prototype_v1/sessions/session_runner_existing_worker/mixed_trio_x6/repeat_1/requests/mixed_trio_x6_r1_02_run06.execution.json
mixed_trio_x6_r1_03_run08,/home/ubuntu/quantum-workload-architecture/workloads/manifests/imported/ovh_v2/08_parity_iqp_batched_heldout_medium.yaml,session_runner_existing_worker,mixed_trio_x6,1,0.049826329,0.049826329,0.002963695,0.048637641,0.000101689,2.453e-06,wrk_c551792715a8cbd6,49,plan_7209297490c788dd,True,False,,session_runner_existing_worker,0.049826329,/home/ubuntu/quantum-workload-architecture/artifacts/session_runner/ovh_session_runner_prototype_v1/sessions/session_runner_existing_worker/mixed_trio_x6/repeat_1/requests/mixed_trio_x6_r1_03_run08.execution.json
mixed_trio_x6_r1_04_run01,/home/ubuntu/quantum-workload-architecture/workloads/manifests/imported/ovh_v2/01_real_dense_ring6_amplitude.yaml,session_runner_existing_worker,mixed_trio_x6,1,0.051830797,0.051830797,0.003177045,0.050511091,0.000103331,2.578e-06,wrk_c551792715a8cbd6,50,plan_9681ead327789de4,True,False,,session_runner_existing_worker,0.051830797,/home/ubuntu/quantum-workload-architecture/artifacts/session_runner/ovh_session_runner_prototype_v1/sessions/session_runner_existing_worker/mixed_trio_x6/repeat_1/requests/mixed_trio_x6_r1_04_run01.execution.json
mixed_trio_x6_r1_05_run06,/home/ubuntu/quantum-workload-architecture/workloads/manifests/imported/ovh_v2/06_star_graph_phase_amplitude_heldout_low.yaml,session_runner_existing_worker,mixed_trio_x6,1,0.057007911,0.057007911,0.003487289,0.055550761,0.000102105,2.841e-06,wrk_c551792715a8cbd6,51,plan_1e9bb43cfe444bbb,True,False,,session_runner_existing_worker,0.057007911,/home/ubuntu/quantum-workload-architecture/artifacts/session_runner/ovh_session_runner_prototype_v1/sessions/session_runner_existing_worker/mixed_trio_x6/repeat_1/requests/mixed_trio_x6_r1_05_run06.execution.json
mixed_trio_x6_r1_06_run08,/home/ubuntu/quantum-workload-architecture/workloads/manifests/imported/ovh_v2/08_parity_iqp_batched_heldout_medium.yaml,session_runner_existing_worker,mixed_trio_x6,1,0.0507601,0.0507601,0.003270573,0.049281207,0.000104385,2.402e-06,wrk_c551792715a8cbd6,52,plan_7209297490c788dd,True,False,,session_runner_existing_worker,0.0507601,/home/ubuntu/quantum-workload-architecture/artifacts/session_runner/ovh_session_runner_prototype_v1/sessions/session_runner_existing_worker/mixed_trio_x6/repeat_1/requests/mixed_trio_x6_r1_06_run08.execution.json
same_run01_x1_r2_01_run01,/home/ubuntu/quantum-workload-architecture/workloads/manifests/imported/ovh_v2/01_real_dense_ring6_amplitude.yaml,session_runner_existing_worker,same_run01_x1,2,0.093603871,0.093603871,0.00438826,0.091718333,0.000318488,2.836e-06,wrk_c551792715a8cbd6,53,plan_9681ead327789de4,True,False,,session_runner_existing_worker,0.093603871,/home/ubuntu/quantum-workload-architecture/artifacts/session_runner/ovh_session_runner_prototype_v1/sessions/session_runner_existing_worker/same_run01_x1/repeat_2/requests/same_run01_x1_r2_01_run01.execution.json
same_run01_x2_r2_01_run01,/home/ubuntu/quantum-workload-architecture/workloads/manifests/imported/ovh_v2/01_real_dense_ring6_amplitude.yaml,session_runner_existing_worker,same_run01_x2,2,0.092543666,0.092543666,0.004217014,0.090851428,0.000269576,2.671e-06,wrk_c551792715a8cbd6,54,plan_9681ead327789de4,True,False,,session_runner_existing_worker,0.092543666,/home/ubuntu/quantum-workload-architecture/artifacts/session_runner/ovh_session_runner_prototype_v1/sessions/session_runner_existing_worker/same_run01_x2/repeat_2/requests/same_run01_x2_r2_01_run01.execution.json
same_run01_x2_r2_02_run01,/home/ubuntu/quantum-workload-architecture/workloads/manifests/imported/ovh_v2/01_real_dense_ring6_amplitude.yaml,session_runner_existing_worker,same_run01_x2,2,0.052335241,0.052335241,0.003461186,0.05074891,0.000105404,3.215e-06,wrk_c551792715a8cbd6,55,plan_9681ead327789de4,True,False,,session_runner_existing_worker,0.052335241,/home/ubuntu/quantum-workload-architecture/artifacts/session_runner/ovh_session_runner_prototype_v1/sessions/session_runner_existing_worker/same_run01_x2/repeat_2/requests/same_run01_x2_r2_02_run01.execution.json
same_run01_x4_r2_01_run01,/home/ubuntu/quantum-workload-architecture/workloads/manifests/imported/ovh_v2/01_real_dense_ring6_amplitude.yaml,session_runner_existing_worker,same_run01_x4,2,0.089671273,0.089671273,0.004317319,0.087806305,0.000318333,3.027e-06,wrk_c551792715a8cbd6,56,plan_9681ead327789de4,True,False,,session_runner_existing_worker,0.089671273,/home/ubuntu/quantum-workload-architecture/artifacts/session_runner/ovh_session_runner_prototype_v1/sessions/session_runner_existing_worker/same_run01_x4/repeat_2/requests/same_run01_x4_r2_01_run01.execution.json
same_run01_x4_r2_02_run01,/home/ubuntu/quantum-workload-architecture/workloads/manifests/imported/ovh_v2/01_real_dense_ring6_amplitude.yaml,session_runner_existing_worker,same_run01_x4,2,0.05244169,0.05244169,0.003318969,0.051067352,0.000106373,2.282e-06,wrk_c551792715a8cbd6,57,plan_9681ead327789de4,True,False,,session_runner_existing_worker,0.05244169,/home/ubuntu/quantum-workload-architecture/artifacts/session_runner/ovh_session_runner_prototype_v1/sessions/session_runner_existing_worker/same_run01_x4/repeat_2/requests/same_run01_x4_r2_02_run01.execution.json
same_run01_x4_r2_03_run01,/home/ubuntu/quantum-workload-architecture/workloads/manifests/imported/ovh_v2/01_real_dense_ring6_amplitude.yaml,session_runner_existing_worker,same_run01_x4,2,0.051935489,0.051935489,0.003281758,0.050541779,0.000108272,2.659e-06,wrk_c551792715a8cbd6,58,plan_9681ead327789de4,True,False,,session_runner_existing_worker,0.051935489,/home/ubuntu/quantum-workload-architecture/artifacts/session_runner/ovh_session_runner_prototype_v1/sessions/session_runner_existing_worker/same_run01_x4/repeat_2/requests/same_run01_x4_r2_03_run01.execution.json
same_run01_x4_r2_04_run01,/home/ubuntu/quantum-workload-architecture/workloads/manifests/imported/ovh_v2/01_real_dense_ring6_amplitude.yaml,session_runner_existing_worker,same_run01_x4,2,0.052280703,0.052280703,0.003215082,0.050932967,0.000102549,2.693e-06,wrk_c551792715a8cbd6,59,plan_9681ead327789de4,True,False,,session_runner_existing_worker,0.052280703,/home/ubuntu/quantum-workload-architecture/artifacts/session_runner/ovh_session_runner_prototype_v1/sessions/session_runner_existing_worker/same_run01_x4/repeat_2/requests/same_run01_x4_r2_04_run01.execution.json
same_run01_x8_r2_01_run01,/home/ubuntu/quantum-workload-architecture/workloads/manifests/imported/ovh_v2/01_real_dense_ring6_amplitude.yaml,session_runner_existing_worker,same_run01_x8,2,0.093386828,0.093386828,0.003903547,0.091912141,0.000267098,2.87e-06,wrk_c551792715a8cbd6,60,plan_9681ead327789de4,True,False,,session_runner_existing_worker,0.093386828,/home/ubuntu/quantum-workload-architecture/artifacts/session_runner/ovh_session_runner_prototype_v1/sessions/session_runner_existing_worker/same_run01_x8/repeat_2/requests/same_run01_x8_r2_01_run01.execution.json
same_run01_x8_r2_02_run01,/home/ubuntu/quantum-workload-architecture/workloads/manifests/imported/ovh_v2/01_real_dense_ring6_amplitude.yaml,session_runner_existing_worker,same_run01_x8,2,0.051994175,0.051994175,0.002850652,0.051009137,0.000123612,2.142e-06,wrk_c551792715a8cbd6,61,plan_9681ead327789de4,True,False,,session_runner_existing_worker,0.051994175,/home/ubuntu/quantum-workload-architecture/artifacts/session_runner/ovh_session_runner_prototype_v1/sessions/session_runner_existing_worker/same_run01_x8/repeat_2/requests/same_run01_x8_r2_02_run01.execution.json
same_run01_x8_r2_03_run01,/home/ubuntu/quantum-workload-architecture/workloads/manifests/imported/ovh_v2/01_real_dense_ring6_amplitude.yaml,session_runner_existing_worker,same_run01_x8,2,0.053137017,0.053137017,0.003073765,0.051942041,0.00010052,2.336e-06,wrk_c551792715a8cbd6,62,plan_9681ead327789de4,True,False,,session_runner_existing_worker,0.053137017,/home/ubuntu/quantum-workload-architecture/artifacts/session_runner/ovh_session_runner_prototype_v1/sessions/session_runner_existing_worker/same_run01_x8/repeat_2/requests/same_run01_x8_r2_03_run01.execution.json
same_run01_x8_r2_04_run01,/home/ubuntu/quantum-workload-architecture/workloads/manifests/imported/ovh_v2/01_real_dense_ring6_amplitude.yaml,session_runner_existing_worker,same_run01_x8,2,0.051868143,0.051868143,0.003275175,0.050444797,0.000104984,2.69e-06,wrk_c551792715a8cbd6,63,plan_9681ead327789de4,True,False,,session_runner_existing_worker,0.051868143,/home/ubuntu/quantum-workload-architecture/artifacts/session_runner/ovh_session_runner_prototype_v1/sessions/session_runner_existing_worker/same_run01_x8/repeat_2/requests/same_run01_x8_r2_04_run01.execution.json
same_run01_x8_r2_05_run01,/home/ubuntu/quantum-workload-architecture/workloads/manifests/imported/ovh_v2/01_real_dense_ring6_amplitude.yaml,session_runner_existing_worker,same_run01_x8,2,0.053858206,0.053858206,0.003397039,0.052471135,0.000104073,2.663e-06,wrk_c551792715a8cbd6,64,plan_9681ead327789de4,True,False,,session_runner_existing_worker,0.053858206,/home/ubuntu/quantum-workload-architecture/artifacts/session_runner/ovh_session_runner_prototype_v1/sessions/session_runner_existing_worker/same_run01_x8/repeat_2/requests/same_run01_x8_r2_05_run01.execution.json
same_run01_x8_r2_06_run01,/home/ubuntu/quantum-workload-architecture/workloads/manifests/imported/ovh_v2/01_real_dense_ring6_amplitude.yaml,session_runner_existing_worker,same_run01_x8,2,0.053028264,0.053028264,0.003240041,0.051668074,0.000120425,2.656e-06,wrk_c551792715a8cbd6,65,plan_9681ead327789de4,True,False,,session_runner_existing_worker,0.053028264,/home/ubuntu/quantum-workload-architecture/artifacts/session_runner/ovh_session_runner_prototype_v1/sessions/session_runner_existing_worker/same_run01_x8/repeat_2/requests/same_run01_x8_r2_06_run01.execution.json
same_run01_x8_r2_07_run01,/home/ubuntu/quantum-workload-architecture/workloads/manifests/imported/ovh_v2/01_real_dense_ring6_amplitude.yaml,session_runner_existing_worker,same_run01_x8,2,0.051963801,0.051963801,0.003306268,0.050521896,0.000103305,2.443e-06,wrk_c551792715a8cbd6,66,plan_9681ead327789de4,True,False,,session_runner_existing_worker,0.051963801,/home/ubuntu/quantum-workload-architecture/artifacts/session_runner/ovh_session_runner_prototype_v1/sessions/session_runner_existing_worker/same_run01_x8/repeat_2/requests/same_run01_x8_r2_07_run01.execution.json
same_run01_x8_r2_08_run01,/home/ubuntu/quantum-workload-architecture/workloads/manifests/imported/ovh_v2/01_real_dense_ring6_amplitude.yaml,session_runner_existing_worker,same_run01_x8,2,0.052457186,0.052457186,0.003307693,0.051062071,0.000114857,2.33e-06,wrk_c551792715a8cbd6,67,plan_9681ead327789de4,True,False,,session_runner_existing_worker,0.052457186,/home/ubuntu/quantum-workload-architecture/artifacts/session_runner/ovh_session_runner_prototype_v1/sessions/session_runner_existing_worker/same_run01_x8/repeat_2/requests/same_run01_x8_r2_08_run01.execution.json
same_run06_x1_r2_01_run06,/home/ubuntu/quantum-workload-architecture/workloads/manifests/imported/ovh_v2/06_star_graph_phase_amplitude_heldout_low.yaml,session_runner_existing_worker,same_run06_x1,2,0.0857966,0.0857966,0.004342028,0.084058752,0.000294473,3.057e-06,wrk_c551792715a8cbd6,68,plan_1e9bb43cfe444bbb,True,False,,session_runner_existing_worker,0.0857966,/home/ubuntu/quantum-workload-architecture/artifacts/session_runner/ovh_session_runner_prototype_v1/sessions/session_runner_existing_worker/same_run06_x1/repeat_2/requests/same_run06_x1_r2_01_run06.execution.json
same_run06_x2_r2_01_run06,/home/ubuntu/quantum-workload-architecture/workloads/manifests/imported/ovh_v2/06_star_graph_phase_amplitude_heldout_low.yaml,session_runner_existing_worker,same_run06_x2,2,0.10020647,0.10020647,0.00453099,0.09836245,0.000272372,3.515e-06,wrk_c551792715a8cbd6,69,plan_1e9bb43cfe444bbb,True,False,,session_runner_existing_worker,0.10020647,/home/ubuntu/quantum-workload-architecture/artifacts/session_runner/ovh_session_runner_prototype_v1/sessions/session_runner_existing_worker/same_run06_x2/repeat_2/requests/same_run06_x2_r2_01_run06.execution.json
same_run06_x2_r2_02_run06,/home/ubuntu/quantum-workload-architecture/workloads/manifests/imported/ovh_v2/06_star_graph_phase_amplitude_heldout_low.yaml,session_runner_existing_worker,same_run06_x2,2,0.056204151,0.056204151,0.003360675,0.054802043,0.000111029,2.803e-06,wrk_c551792715a8cbd6,70,plan_1e9bb43cfe444bbb,True,False,,session_runner_existing_worker,0.056204151,/home/ubuntu/quantum-workload-architecture/artifacts/session_runner/ovh_session_runner_prototype_v1/sessions/session_runner_existing_worker/same_run06_x2/repeat_2/requests/same_run06_x2_r2_02_run06.execution.json
same_run06_x4_r2_01_run06,/home/ubuntu/quantum-workload-architecture/workloads/manifests/imported/ovh_v2/06_star_graph_phase_amplitude_heldout_low.yaml,session_runner_existing_worker,same_run06_x4,2,0.075905061,0.075905061,0.004307588,0.074207729,0.000262879,2.647e-06,wrk_c551792715a8cbd6,71,plan_1e9bb43cfe444bbb,True,False,,session_runner_existing_worker,0.075905061,/home/ubuntu/quantum-workload-architecture/artifacts/session_runner/ovh_session_runner_prototype_v1/sessions/session_runner_existing_worker/same_run06_x4/repeat_2/requests/same_run06_x4_r2_01_run06.execution.json
same_run06_x4_r2_02_run06,/home/ubuntu/quantum-workload-architecture/workloads/manifests/imported/ovh_v2/06_star_graph_phase_amplitude_heldout_low.yaml,session_runner_existing_worker,same_run06_x4,2,0.056212538,0.056212538,0.003337878,0.054846319,0.000126428,2.638e-06,wrk_c551792715a8cbd6,72,plan_1e9bb43cfe444bbb,True,False,,session_runner_existing_worker,0.056212538,/home/ubuntu/quantum-workload-architecture/artifacts/session_runner/ovh_session_runner_prototype_v1/sessions/session_runner_existing_worker/same_run06_x4/repeat_2/requests/same_run06_x4_r2_02_run06.execution.json
same_run06_x4_r2_03_run06,/home/ubuntu/quantum-workload-architecture/workloads/manifests/imported/ovh_v2/06_star_graph_phase_amplitude_heldout_low.yaml,session_runner_existing_worker,same_run06_x4,2,0.055789433,0.055789433,0.003352275,0.054361775,0.000110614,2.572e-06,wrk_c551792715a8cbd6,73,plan_1e9bb43cfe444bbb,True,False,,session_runner_existing_worker,0.055789433,/home/ubuntu/quantum-workload-architecture/artifacts/session_runner/ovh_session_runner_prototype_v1/sessions/session_runner_existing_worker/same_run06_x4/repeat_2/requests/same_run06_x4_r2_03_run06.execution.json
same_run06_x4_r2_04_run06,/home/ubuntu/quantum-workload-architecture/workloads/manifests/imported/ovh_v2/06_star_graph_phase_amplitude_heldout_low.yaml,session_runner_existing_worker,same_run06_x4,2,0.055512979,0.055512979,0.003294492,0.054137948,0.000100868,2.392e-06,wrk_c551792715a8cbd6,74,plan_1e9bb43cfe444bbb,True,False,,session_runner_existing_worker,0.055512979,/home/ubuntu/quantum-workload-architecture/artifacts/session_runner/ovh_session_runner_prototype_v1/sessions/session_runner_existing_worker/same_run06_x4/repeat_2/requests/same_run06_x4_r2_04_run06.execution.json
same_run06_x8_r2_01_run06,/home/ubuntu/quantum-workload-architecture/workloads/manifests/imported/ovh_v2/06_star_graph_phase_amplitude_heldout_low.yaml,session_runner_existing_worker,same_run06_x8,2,0.099310577,0.099310577,0.004577324,0.097449866,0.000301691,5.119e-06,wrk_c551792715a8cbd6,75,plan_1e9bb43cfe444bbb,True,False,,session_runner_existing_worker,0.099310577,/home/ubuntu/quantum-workload-architecture/artifacts/session_runner/ovh_session_runner_prototype_v1/sessions/session_runner_existing_worker/same_run06_x8/repeat_2/requests/same_run06_x8_r2_01_run06.execution.json
same_run06_x8_r2_02_run06,/home/ubuntu/quantum-workload-architecture/workloads/manifests/imported/ovh_v2/06_star_graph_phase_amplitude_heldout_low.yaml,session_runner_existing_worker,same_run06_x8,2,0.057479706,0.057479706,0.003439985,0.056019778,0.000113249,2.467e-06,wrk_c551792715a8cbd6,76,plan_1e9bb43cfe444bbb,True,False,,session_runner_existing_worker,0.057479706,/home/ubuntu/quantum-workload-architecture/artifacts/session_runner/ovh_session_runner_prototype_v1/sessions/session_runner_existing_worker/same_run06_x8/repeat_2/requests/same_run06_x8_r2_02_run06.execution.json
same_run06_x8_r2_03_run06,/home/ubuntu/quantum-workload-architecture/workloads/manifests/imported/ovh_v2/06_star_graph_phase_amplitude_heldout_low.yaml,session_runner_existing_worker,same_run06_x8,2,0.056418549,0.056418549,0.00337125,0.055039765,0.000103246,2.305e-06,wrk_c551792715a8cbd6,77,plan_1e9bb43cfe444bbb,True,False,,session_runner_existing_worker,0.056418549,/home/ubuntu/quantum-workload-architecture/artifacts/session_runner/ovh_session_runner_prototype_v1/sessions/session_runner_existing_worker/same_run06_x8/repeat_2/requests/same_run06_x8_r2_03_run06.execution.json
same_run06_x8_r2_04_run06,/home/ubuntu/quantum-workload-architecture/workloads/manifests/imported/ovh_v2/06_star_graph_phase_amplitude_heldout_low.yaml,session_runner_existing_worker,same_run06_x8,2,0.057749331,0.057749331,0.003330598,0.056382461,0.000102333,2.563e-06,wrk_c551792715a8cbd6,78,plan_1e9bb43cfe444bbb,True,False,,session_runner_existing_worker,0.057749331,/home/ubuntu/quantum-workload-architecture/artifacts/session_runner/ovh_session_runner_prototype_v1/sessions/session_runner_existing_worker/same_run06_x8/repeat_2/requests/same_run06_x8_r2_04_run06.execution.json
same_run06_x8_r2_05_run06,/home/ubuntu/quantum-workload-architecture/workloads/manifests/imported/ovh_v2/06_star_graph_phase_amplitude_heldout_low.yaml,session_runner_existing_worker,same_run06_x8,2,0.056116381,0.056116381,0.003418113,0.0546942,0.000100654,2.492e-06,wrk_c551792715a8cbd6,79,plan_1e9bb43cfe444bbb,True,False,,session_runner_existing_worker,0.056116381,/home/ubuntu/quantum-workload-architecture/artifacts/session_runner/ovh_session_runner_prototype_v1/sessions/session_runner_existing_worker/same_run06_x8/repeat_2/requests/same_run06_x8_r2_05_run06.execution.json
same_run06_x8_r2_06_run06,/home/ubuntu/quantum-workload-architecture/workloads/manifests/imported/ovh_v2/06_star_graph_phase_amplitude_heldout_low.yaml,session_runner_existing_worker,same_run06_x8,2,0.056322206,0.056322206,0.003448271,0.05485556,0.000111638,2.697e-06,wrk_c551792715a8cbd6,80,plan_1e9bb43cfe444bbb,True,False,,session_runner_existing_worker,0.056322206,/home/ubuntu/quantum-workload-architecture/artifacts/session_runner/ovh_session_runner_prototype_v1/sessions/session_runner_existing_worker/same_run06_x8/repeat_2/requests/same_run06_x8_r2_06_run06.execution.json
same_run06_x8_r2_07_run06,/home/ubuntu/quantum-workload-architecture/workloads/manifests/imported/ovh_v2/06_star_graph_phase_amplitude_heldout_low.yaml,session_runner_existing_worker,same_run06_x8,2,0.056515979,0.056515979,0.003552603,0.055150404,0.000105305,2.148e-06,wrk_c551792715a8cbd6,81,plan_1e9bb43cfe444bbb,True,False,,session_runner_existing_worker,0.056515979,/home/ubuntu/quantum-workload-architecture/artifacts/session_runner/ovh_session_runner_prototype_v1/sessions/session_runner_existing_worker/same_run06_x8/repeat_2/requests/same_run06_x8_r2_07_run06.execution.json
same_run06_x8_r2_08_run06,/home/ubuntu/quantum-workload-architecture/workloads/manifests/imported/ovh_v2/06_star_graph_phase_amplitude_heldout_low.yaml,session_runner_existing_worker,same_run06_x8,2,0.056197612,0.056197612,0.003318266,0.054796535,0.000116354,2.304e-06,wrk_c551792715a8cbd6,82,plan_1e9bb43cfe444bbb,True,False,,session_runner_existing_worker,0.056197612,/home/ubuntu/quantum-workload-architecture/artifacts/session_runner/ovh_session_runner_prototype_v1/sessions/session_runner_existing_worker/same_run06_x8/repeat_2/requests/same_run06_x8_r2_08_run06.execution.json
same_run08_x1_r2_01_run08,/home/ubuntu/quantum-workload-architecture/workloads/manifests/imported/ovh_v2/08_parity_iqp_batched_heldout_medium.yaml,session_runner_existing_worker,same_run08_x1,2,0.09394105,0.09394105,0.004358266,0.092246718,0.000274561,3.077e-06,wrk_c551792715a8cbd6,83,plan_7209297490c788dd,True,False,,session_runner_existing_worker,0.09394105,/home/ubuntu/quantum-workload-architecture/artifacts/session_runner/ovh_session_runner_prototype_v1/sessions/session_runner_existing_worker/same_run08_x1/repeat_2/requests/same_run08_x1_r2_01_run08.execution.json
same_run08_x2_r2_01_run08,/home/ubuntu/quantum-workload-architecture/workloads/manifests/imported/ovh_v2/08_parity_iqp_batched_heldout_medium.yaml,session_runner_existing_worker,same_run08_x2,2,0.084396377,0.084396377,0.004117312,0.082712394,0.000272652,2.336e-06,wrk_c551792715a8cbd6,84,plan_7209297490c788dd,True,False,,session_runner_existing_worker,0.084396377,/home/ubuntu/quantum-workload-architecture/artifacts/session_runner/ovh_session_runner_prototype_v1/sessions/session_runner_existing_worker/same_run08_x2/repeat_2/requests/same_run08_x2_r2_01_run08.execution.json
same_run08_x2_r2_02_run08,/home/ubuntu/quantum-workload-architecture/workloads/manifests/imported/ovh_v2/08_parity_iqp_batched_heldout_medium.yaml,session_runner_existing_worker,same_run08_x2,2,0.050692039,0.050692039,0.003306663,0.049205708,0.000131734,2.965e-06,wrk_c551792715a8cbd6,85,plan_7209297490c788dd,True,False,,session_runner_existing_worker,0.050692039,/home/ubuntu/quantum-workload-architecture/artifacts/session_runner/ovh_session_runner_prototype_v1/sessions/session_runner_existing_worker/same_run08_x2/repeat_2/requests/same_run08_x2_r2_02_run08.execution.json
same_run08_x4_r2_01_run08,/home/ubuntu/quantum-workload-architecture/workloads/manifests/imported/ovh_v2/08_parity_iqp_batched_heldout_medium.yaml,session_runner_existing_worker,same_run08_x4,2,0.092737931,0.092737931,0.004232627,0.090997761,0.000274046,3.128e-06,wrk_c551792715a8cbd6,86,plan_7209297490c788dd,True,False,,session_runner_existing_worker,0.092737931,/home/ubuntu/quantum-workload-architecture/artifacts/session_runner/ovh_session_runner_prototype_v1/sessions/session_runner_existing_worker/same_run08_x4/repeat_2/requests/same_run08_x4_r2_01_run08.execution.json
same_run08_x4_r2_02_run08,/home/ubuntu/quantum-workload-architecture/workloads/manifests/imported/ovh_v2/08_parity_iqp_batched_heldout_medium.yaml,session_runner_existing_worker,same_run08_x4,2,0.052148513,0.052148513,0.003235146,0.05078352,0.000109213,2.468e-06,wrk_c551792715a8cbd6,87,plan_7209297490c788dd,True,False,,session_runner_existing_worker,0.052148513,/home/ubuntu/quantum-workload-architecture/artifacts/session_runner/ovh_session_runner_prototype_v1/sessions/session_runner_existing_worker/same_run08_x4/repeat_2/requests/same_run08_x4_r2_02_run08.execution.json
same_run08_x4_r2_03_run08,/home/ubuntu/quantum-workload-architecture/workloads/manifests/imported/ovh_v2/08_parity_iqp_batched_heldout_medium.yaml,session_runner_existing_worker,same_run08_x4,2,0.050669178,0.050669178,0.003353089,0.049234034,0.000104877,2.839e-06,wrk_c551792715a8cbd6,88,plan_7209297490c788dd,True,False,,session_runner_existing_worker,0.050669178,/home/ubuntu/quantum-workload-architecture/artifacts/session_runner/ovh_session_runner_prototype_v1/sessions/session_runner_existing_worker/same_run08_x4/repeat_2/requests/same_run08_x4_r2_03_run08.execution.json
same_run08_x4_r2_04_run08,/home/ubuntu/quantum-workload-architecture/workloads/manifests/imported/ovh_v2/08_parity_iqp_batched_heldout_medium.yaml,session_runner_existing_worker,same_run08_x4,2,0.051032919,0.051032919,0.003360436,0.049516668,0.000130022,2.463e-06,wrk_c551792715a8cbd6,89,plan_7209297490c788dd,True,False,,session_runner_existing_worker,0.051032919,/home/ubuntu/quantum-workload-architecture/artifacts/session_runner/ovh_session_runner_prototype_v1/sessions/session_runner_existing_worker/same_run08_x4/repeat_2/requests/same_run08_x4_r2_04_run08.execution.json
same_run08_x8_r2_01_run08,/home/ubuntu/quantum-workload-architecture/workloads/manifests/imported/ovh_v2/08_parity_iqp_batched_heldout_medium.yaml,session_runner_existing_worker,same_run08_x8,2,0.089490334,0.089490334,0.004281845,0.087743897,0.000267414,3.047e-06,wrk_c551792715a8cbd6,90,plan_7209297490c788dd,True,False,,session_runner_existing_worker,0.089490334,/home/ubuntu/quantum-workload-architecture/artifacts/session_runner/ovh_session_runner_prototype_v1/sessions/session_runner_existing_worker/same_run08_x8/repeat_2/requests/same_run08_x8_r2_01_run08.execution.json
same_run08_x8_r2_02_run08,/home/ubuntu/quantum-workload-architecture/workloads/manifests/imported/ovh_v2/08_parity_iqp_batched_heldout_medium.yaml,session_runner_existing_worker,same_run08_x8,2,0.051413833,0.051413833,0.003269605,0.050011942,0.000108689,2.479e-06,wrk_c551792715a8cbd6,91,plan_7209297490c788dd,True,False,,session_runner_existing_worker,0.051413833,/home/ubuntu/quantum-workload-architecture/artifacts/session_runner/ovh_session_runner_prototype_v1/sessions/session_runner_existing_worker/same_run08_x8/repeat_2/requests/same_run08_x8_r2_02_run08.execution.json
same_run08_x8_r2_03_run08,/home/ubuntu/quantum-workload-architecture/workloads/manifests/imported/ovh_v2/08_parity_iqp_batched_heldout_medium.yaml,session_runner_existing_worker,same_run08_x8,2,0.050791836,0.050791836,0.003180275,0.049377346,0.000108522,2.549e-06,wrk_c551792715a8cbd6,92,plan_7209297490c788dd,True,False,,session_runner_existing_worker,0.050791836,/home/ubuntu/quantum-workload-architecture/artifacts/session_runner/ovh_session_runner_prototype_v1/sessions/session_runner_existing_worker/same_run08_x8/repeat_2/requests/same_run08_x8_r2_03_run08.execution.json
same_run08_x8_r2_04_run08,/home/ubuntu/quantum-workload-architecture/workloads/manifests/imported/ovh_v2/08_parity_iqp_batched_heldout_medium.yaml,session_runner_existing_worker,same_run08_x8,2,0.051260264,0.051260264,0.003215735,0.049936073,0.000100821,2.629e-06,wrk_c551792715a8cbd6,93,plan_7209297490c788dd,True,False,,session_runner_existing_worker,0.051260264,/home/ubuntu/quantum-workload-architecture/artifacts/session_runner/ovh_session_runner_prototype_v1/sessions/session_runner_existing_worker/same_run08_x8/repeat_2/requests/same_run08_x8_r2_04_run08.execution.json
same_run08_x8_r2_05_run08,/home/ubuntu/quantum-workload-architecture/workloads/manifests/imported/ovh_v2/08_parity_iqp_batched_heldout_medium.yaml,session_runner_existing_worker,same_run08_x8,2,0.049990063,0.049990063,0.003060316,0.048711593,0.000103086,2.504e-06,wrk_c551792715a8cbd6,94,plan_7209297490c788dd,True,False,,session_runner_existing_worker,0.049990063,/home/ubuntu/quantum-workload-architecture/artifacts/session_runner/ovh_session_runner_prototype_v1/sessions/session_runner_existing_worker/same_run08_x8/repeat_2/requests/same_run08_x8_r2_05_run08.execution.json
same_run08_x8_r2_06_run08,/home/ubuntu/quantum-workload-architecture/workloads/manifests/imported/ovh_v2/08_parity_iqp_batched_heldout_medium.yaml,session_runner_existing_worker,same_run08_x8,2,0.050101374,0.050101374,0.003154272,0.048746524,0.000112695,2.503e-06,wrk_c551792715a8cbd6,95,plan_7209297490c788dd,True,False,,session_runner_existing_worker,0.050101374,/home/ubuntu/quantum-workload-architecture/artifacts/session_runner/ovh_session_runner_prototype_v1/sessions/session_runner_existing_worker/same_run08_x8/repeat_2/requests/same_run08_x8_r2_06_run08.execution.json
same_run08_x8_r2_07_run08,/home/ubuntu/quantum-workload-architecture/workloads/manifests/imported/ovh_v2/08_parity_iqp_batched_heldout_medium.yaml,session_runner_existing_worker,same_run08_x8,2,0.050186105,0.050186105,0.003217036,0.0487948,0.000101005,2.441e-06,wrk_c551792715a8cbd6,96,plan_7209297490c788dd,True,False,,session_runner_existing_worker,0.050186105,/home/ubuntu/quantum-workload-architecture/artifacts/session_runner/ovh_session_runner_prototype_v1/sessions/session_runner_existing_worker/same_run08_x8/repeat_2/requests/same_run08_x8_r2_07_run08.execution.json
same_run08_x8_r2_08_run08,/home/ubuntu/quantum-workload-architecture/workloads/manifests/imported/ovh_v2/08_parity_iqp_batched_heldout_medium.yaml,session_runner_existing_worker,same_run08_x8,2,0.050647707,0.050647707,0.003339218,0.049210893,0.000110396,2.589e-06,wrk_c551792715a8cbd6,97,plan_7209297490c788dd,True,False,,session_runner_existing_worker,0.050647707,/home/ubuntu/quantum-workload-architecture/artifacts/session_runner/ovh_session_runner_prototype_v1/sessions/session_runner_existing_worker/same_run08_x8/repeat_2/requests/same_run08_x8_r2_08_run08.execution.json
mixed_trio_x6_r2_01_run01,/home/ubuntu/quantum-workload-architecture/workloads/manifests/imported/ovh_v2/01_real_dense_ring6_amplitude.yaml,session_runner_existing_worker,mixed_trio_x6,2,0.069684039,0.069684039,0.004165888,0.068053264,0.000232262,2.89e-06,wrk_c551792715a8cbd6,98,plan_9681ead327789de4,True,False,,session_runner_existing_worker,0.069684039,/home/ubuntu/quantum-workload-architecture/artifacts/session_runner/ovh_session_runner_prototype_v1/sessions/session_runner_existing_worker/mixed_trio_x6/repeat_2/requests/mixed_trio_x6_r2_01_run01.execution.json
mixed_trio_x6_r2_02_run06,/home/ubuntu/quantum-workload-architecture/workloads/manifests/imported/ovh_v2/06_star_graph_phase_amplitude_heldout_low.yaml,session_runner_existing_worker,mixed_trio_x6,2,0.061530417,0.061530417,0.004177045,0.060559141,0.000138805,3.409e-06,wrk_c551792715a8cbd6,99,plan_1e9bb43cfe444bbb,True,False,,session_runner_existing_worker,0.061530417,/home/ubuntu/quantum-workload-architecture/artifacts/session_runner/ovh_session_runner_prototype_v1/sessions/session_runner_existing_worker/mixed_trio_x6/repeat_2/requests/mixed_trio_x6_r2_02_run06.execution.json
mixed_trio_x6_r2_03_run08,/home/ubuntu/quantum-workload-architecture/workloads/manifests/imported/ovh_v2/08_parity_iqp_batched_heldout_medium.yaml,session_runner_existing_worker,mixed_trio_x6,2,0.051105568,0.051105568,0.002851957,0.050180063,0.000106793,2.575e-06,wrk_c551792715a8cbd6,100,plan_7209297490c788dd,True,False,,session_runner_existing_worker,0.051105568,/home/ubuntu/quantum-workload-architecture/artifacts/session_runner/ovh_session_runner_prototype_v1/sessions/session_runner_existing_worker/mixed_trio_x6/repeat_2/requests/mixed_trio_x6_r2_03_run08.execution.json
mixed_trio_x6_r2_04_run01,/home/ubuntu/quantum-workload-architecture/workloads/manifests/imported/ovh_v2/01_real_dense_ring6_amplitude.yaml,session_runner_existing_worker,mixed_trio_x6,2,0.052954276,0.052954276,0.002744243,0.052052937,0.000111529,2.346e-06,wrk_c551792715a8cbd6,101,plan_9681ead327789de4,True,False,,session_runner_existing_worker,0.052954276,/home/ubuntu/quantum-workload-architecture/artifacts/session_runner/ovh_session_runner_prototype_v1/sessions/session_runner_existing_worker/mixed_trio_x6/repeat_2/requests/mixed_trio_x6_r2_04_run01.execution.json
mixed_trio_x6_r2_05_run06,/home/ubuntu/quantum-workload-architecture/workloads/manifests/imported/ovh_v2/06_star_graph_phase_amplitude_heldout_low.yaml,session_runner_existing_worker,mixed_trio_x6,2,0.055793461,0.055793461,0.002784603,0.054932713,0.000102099,2.335e-06,wrk_c551792715a8cbd6,102,plan_1e9bb43cfe444bbb,True,False,,session_runner_existing_worker,0.055793461,/home/ubuntu/quantum-workload-architecture/artifacts/session_runner/ovh_session_runner_prototype_v1/sessions/session_runner_existing_worker/mixed_trio_x6/repeat_2/requests/mixed_trio_x6_r2_05_run06.execution.json
mixed_trio_x6_r2_06_run08,/home/ubuntu/quantum-workload-architecture/workloads/manifests/imported/ovh_v2/08_parity_iqp_batched_heldout_medium.yaml,session_runner_existing_worker,mixed_trio_x6,2,0.05074171,0.05074171,0.002628793,0.049929735,0.000102092,2.287e-06,wrk_c551792715a8cbd6,103,plan_7209297490c788dd,True,False,,session_runner_existing_worker,0.05074171,/home/ubuntu/quantum-workload-architecture/artifacts/session_runner/ovh_session_runner_prototype_v1/sessions/session_runner_existing_worker/mixed_trio_x6/repeat_2/requests/mixed_trio_x6_r2_06_run08.execution.json
same_run01_x1_r3_01_run01,/home/ubuntu/quantum-workload-architecture/workloads/manifests/imported/ovh_v2/01_real_dense_ring6_amplitude.yaml,session_runner_existing_worker,same_run01_x1,3,0.052637983,0.052637983,0.00277399,0.05170701,0.000118244,2.557e-06,wrk_c551792715a8cbd6,104,plan_9681ead327789de4,True,False,,session_runner_existing_worker,0.052637983,/home/ubuntu/quantum-workload-architecture/artifacts/session_runner/ovh_session_runner_prototype_v1/sessions/session_runner_existing_worker/same_run01_x1/repeat_3/requests/same_run01_x1_r3_01_run01.execution.json
same_run01_x2_r3_01_run01,/home/ubuntu/quantum-workload-architecture/workloads/manifests/imported/ovh_v2/01_real_dense_ring6_amplitude.yaml,session_runner_existing_worker,same_run01_x2,3,0.084421584,0.084421584,0.00379809,0.082991766,0.000290471,2.581e-06,wrk_c551792715a8cbd6,105,plan_9681ead327789de4,True,False,,session_runner_existing_worker,0.084421584,/home/ubuntu/quantum-workload-architecture/artifacts/session_runner/ovh_session_runner_prototype_v1/sessions/session_runner_existing_worker/same_run01_x2/repeat_3/requests/same_run01_x2_r3_01_run01.execution.json
same_run01_x2_r3_02_run01,/home/ubuntu/quantum-workload-architecture/workloads/manifests/imported/ovh_v2/01_real_dense_ring6_amplitude.yaml,session_runner_existing_worker,same_run01_x2,3,0.052644389,0.052644389,0.003158917,0.05133958,0.000109975,2.449e-06,wrk_c551792715a8cbd6,106,plan_9681ead327789de4,True,False,,session_runner_existing_worker,0.052644389,/home/ubuntu/quantum-workload-architecture/artifacts/session_runner/ovh_session_runner_prototype_v1/sessions/session_runner_existing_worker/same_run01_x2/repeat_3/requests/same_run01_x2_r3_02_run01.execution.json
same_run01_x4_r3_01_run01,/home/ubuntu/quantum-workload-architecture/workloads/manifests/imported/ovh_v2/01_real_dense_ring6_amplitude.yaml,session_runner_existing_worker,same_run01_x4,3,0.074731366,0.074731366,0.004155033,0.072955337,0.000319013,2.603e-06,wrk_c551792715a8cbd6,107,plan_9681ead327789de4,True,False,,session_runner_existing_worker,0.074731366,/home/ubuntu/quantum-workload-architecture/artifacts/session_runner/ovh_session_runner_prototype_v1/sessions/session_runner_existing_worker/same_run01_x4/repeat_3/requests/same_run01_x4_r3_01_run01.execution.json
same_run01_x4_r3_02_run01,/home/ubuntu/quantum-workload-architecture/workloads/manifests/imported/ovh_v2/01_real_dense_ring6_amplitude.yaml,session_runner_existing_worker,same_run01_x4,3,0.052429432,0.052429432,0.003008342,0.051271575,0.000102773,2.497e-06,wrk_c551792715a8cbd6,108,plan_9681ead327789de4,True,False,,session_runner_existing_worker,0.052429432,/home/ubuntu/quantum-workload-architecture/artifacts/session_runner/ovh_session_runner_prototype_v1/sessions/session_runner_existing_worker/same_run01_x4/repeat_3/requests/same_run01_x4_r3_02_run01.execution.json
same_run01_x4_r3_03_run01,/home/ubuntu/quantum-workload-architecture/workloads/manifests/imported/ovh_v2/01_real_dense_ring6_amplitude.yaml,session_runner_existing_worker,same_run01_x4,3,0.052209765,0.052209765,0.003279582,0.050827387,0.000108887,2.632e-06,wrk_c551792715a8cbd6,109,plan_9681ead327789de4,True,False,,session_runner_existing_worker,0.052209765,/home/ubuntu/quantum-workload-architecture/artifacts/session_runner/ovh_session_runner_prototype_v1/sessions/session_runner_existing_worker/same_run01_x4/repeat_3/requests/same_run01_x4_r3_03_run01.execution.json
same_run01_x4_r3_04_run01,/home/ubuntu/quantum-workload-architecture/workloads/manifests/imported/ovh_v2/01_real_dense_ring6_amplitude.yaml,session_runner_existing_worker,same_run01_x4,3,0.052089892,0.052089892,0.00325264,0.050715022,0.00010284,2.68e-06,wrk_c551792715a8cbd6,110,plan_9681ead327789de4,True,False,,session_runner_existing_worker,0.052089892,/home/ubuntu/quantum-workload-architecture/artifacts/session_runner/ovh_session_runner_prototype_v1/sessions/session_runner_existing_worker/same_run01_x4/repeat_3/requests/same_run01_x4_r3_04_run01.execution.json
same_run01_x8_r3_01_run01,/home/ubuntu/quantum-workload-architecture/workloads/manifests/imported/ovh_v2/01_real_dense_ring6_amplitude.yaml,session_runner_existing_worker,same_run01_x8,3,0.093338232,0.093338232,0.004202185,0.091658623,0.000300716,2.829e-06,wrk_c551792715a8cbd6,111,plan_9681ead327789de4,True,False,,session_runner_existing_worker,0.093338232,/home/ubuntu/quantum-workload-architecture/artifacts/session_runner/ovh_session_runner_prototype_v1/sessions/session_runner_existing_worker/same_run01_x8/repeat_3/requests/same_run01_x8_r3_01_run01.execution.json
same_run01_x8_r3_02_run01,/home/ubuntu/quantum-workload-architecture/workloads/manifests/imported/ovh_v2/01_real_dense_ring6_amplitude.yaml,session_runner_existing_worker,same_run01_x8,3,0.052882494,0.052882494,0.003355929,0.051423587,0.000109044,2.437e-06,wrk_c551792715a8cbd6,112,plan_9681ead327789de4,True,False,,session_runner_existing_worker,0.052882494,/home/ubuntu/quantum-workload-architecture/artifacts/session_runner/ovh_session_runner_prototype_v1/sessions/session_runner_existing_worker/same_run01_x8/repeat_3/requests/same_run01_x8_r3_02_run01.execution.json
same_run01_x8_r3_03_run01,/home/ubuntu/quantum-workload-architecture/workloads/manifests/imported/ovh_v2/01_real_dense_ring6_amplitude.yaml,session_runner_existing_worker,same_run01_x8,3,0.051949036,0.051949036,0.00326951,0.050522619,0.000102782,2.718e-06,wrk_c551792715a8cbd6,113,plan_9681ead327789de4,True,False,,session_runner_existing_worker,0.051949036,/home/ubuntu/quantum-workload-architecture/artifacts/session_runner/ovh_session_runner_prototype_v1/sessions/session_runner_existing_worker/same_run01_x8/repeat_3/requests/same_run01_x8_r3_03_run01.execution.json
same_run01_x8_r3_04_run01,/home/ubuntu/quantum-workload-architecture/workloads/manifests/imported/ovh_v2/01_real_dense_ring6_amplitude.yaml,session_runner_existing_worker,same_run01_x8,3,0.05257595,0.05257595,0.003244732,0.051154863,0.000105438,2.803e-06,wrk_c551792715a8cbd6,114,plan_9681ead327789de4,True,False,,session_runner_existing_worker,0.05257595,/home/ubuntu/quantum-workload-architecture/artifacts/session_runner/ovh_session_runner_prototype_v1/sessions/session_runner_existing_worker/same_run01_x8/repeat_3/requests/same_run01_x8_r3_04_run01.execution.json
same_run01_x8_r3_05_run01,/home/ubuntu/quantum-workload-architecture/workloads/manifests/imported/ovh_v2/01_real_dense_ring6_amplitude.yaml,session_runner_existing_worker,same_run01_x8,3,0.051946475,0.051946475,0.003298985,0.050517686,0.000104743,2.419e-06,wrk_c551792715a8cbd6,115,plan_9681ead327789de4,True,False,,session_runner_existing_worker,0.051946475,/home/ubuntu/quantum-workload-architecture/artifacts/session_runner/ovh_session_runner_prototype_v1/sessions/session_runner_existing_worker/same_run01_x8/repeat_3/requests/same_run01_x8_r3_05_run01.execution.json
same_run01_x8_r3_06_run01,/home/ubuntu/quantum-workload-architecture/workloads/manifests/imported/ovh_v2/01_real_dense_ring6_amplitude.yaml,session_runner_existing_worker,same_run01_x8,3,0.052291832,0.052291832,0.003282797,0.050874123,0.000114511,2.471e-06,wrk_c551792715a8cbd6,116,plan_9681ead327789de4,True,False,,session_runner_existing_worker,0.052291832,/home/ubuntu/quantum-workload-architecture/artifacts/session_runner/ovh_session_runner_prototype_v1/sessions/session_runner_existing_worker/same_run01_x8/repeat_3/requests/same_run01_x8_r3_06_run01.execution.json
same_run01_x8_r3_07_run01,/home/ubuntu/quantum-workload-architecture/workloads/manifests/imported/ovh_v2/01_real_dense_ring6_amplitude.yaml,session_runner_existing_worker,same_run01_x8,3,0.053452017,0.053452017,0.003314445,0.052122427,0.000101807,2.277e-06,wrk_c551792715a8cbd6,117,plan_9681ead327789de4,True,False,,session_runner_existing_worker,0.053452017,/home/ubuntu/quantum-workload-architecture/artifacts/session_runner/ovh_session_runner_prototype_v1/sessions/session_runner_existing_worker/same_run01_x8/repeat_3/requests/same_run01_x8_r3_07_run01.execution.json
same_run01_x8_r3_08_run01,/home/ubuntu/quantum-workload-architecture/workloads/manifests/imported/ovh_v2/01_real_dense_ring6_amplitude.yaml,session_runner_existing_worker,same_run01_x8,3,0.060363645,0.060363645,0.00438511,0.057877782,0.000129626,2.713e-06,wrk_c551792715a8cbd6,118,plan_9681ead327789de4,True,False,,session_runner_existing_worker,0.060363645,/home/ubuntu/quantum-workload-architecture/artifacts/session_runner/ovh_session_runner_prototype_v1/sessions/session_runner_existing_worker/same_run01_x8/repeat_3/requests/same_run01_x8_r3_08_run01.execution.json
same_run06_x1_r3_01_run06,/home/ubuntu/quantum-workload-architecture/workloads/manifests/imported/ovh_v2/06_star_graph_phase_amplitude_heldout_low.yaml,session_runner_existing_worker,same_run06_x1,3,0.090697939,0.090697939,0.004306319,0.088877115,0.000268728,2.768e-06,wrk_c551792715a8cbd6,119,plan_1e9bb43cfe444bbb,True,False,,session_runner_existing_worker,0.090697939,/home/ubuntu/quantum-workload-architecture/artifacts/session_runner/ovh_session_runner_prototype_v1/sessions/session_runner_existing_worker/same_run06_x1/repeat_3/requests/same_run06_x1_r3_01_run06.execution.json
same_run06_x2_r3_01_run06,/home/ubuntu/quantum-workload-architecture/workloads/manifests/imported/ovh_v2/06_star_graph_phase_amplitude_heldout_low.yaml,session_runner_existing_worker,same_run06_x2,3,0.085479154,0.085479154,0.004364287,0.083655836,0.000314399,2.692e-06,wrk_c551792715a8cbd6,120,plan_1e9bb43cfe444bbb,True,False,,session_runner_existing_worker,0.085479154,/home/ubuntu/quantum-workload-architecture/artifacts/session_runner/ovh_session_runner_prototype_v1/sessions/session_runner_existing_worker/same_run06_x2/repeat_3/requests/same_run06_x2_r3_01_run06.execution.json
same_run06_x2_r3_02_run06,/home/ubuntu/quantum-workload-architecture/workloads/manifests/imported/ovh_v2/06_star_graph_phase_amplitude_heldout_low.yaml,session_runner_existing_worker,same_run06_x2,3,0.058118178,0.058118178,0.00355607,0.056599233,0.000107414,2.661e-06,wrk_c551792715a8cbd6,121,plan_1e9bb43cfe444bbb,True,False,,session_runner_existing_worker,0.058118178,/home/ubuntu/quantum-workload-architecture/artifacts/session_runner/ovh_session_runner_prototype_v1/sessions/session_runner_existing_worker/same_run06_x2/repeat_3/requests/same_run06_x2_r3_02_run06.execution.json
same_run06_x4_r3_01_run06,/home/ubuntu/quantum-workload-architecture/workloads/manifests/imported/ovh_v2/06_star_graph_phase_amplitude_heldout_low.yaml,session_runner_existing_worker,same_run06_x4,3,0.096364143,0.096364143,0.004431536,0.09457397,0.00028791,2.465e-06,wrk_c551792715a8cbd6,122,plan_1e9bb43cfe444bbb,True,False,,session_runner_existing_worker,0.096364143,/home/ubuntu/quantum-workload-architecture/artifacts/session_runner/ovh_session_runner_prototype_v1/sessions/session_runner_existing_worker/same_run06_x4/repeat_3/requests/same_run06_x4_r3_01_run06.execution.json
same_run06_x4_r3_02_run06,/home/ubuntu/quantum-workload-architecture/workloads/manifests/imported/ovh_v2/06_star_graph_phase_amplitude_heldout_low.yaml,session_runner_existing_worker,same_run06_x4,3,0.056937079,0.056937079,0.003558027,0.055465461,0.000131363,2.22e-06,wrk_c551792715a8cbd6,123,plan_1e9bb43cfe444bbb,True,False,,session_runner_existing_worker,0.056937079,/home/ubuntu/quantum-workload-architecture/artifacts/session_runner/ovh_session_runner_prototype_v1/sessions/session_runner_existing_worker/same_run06_x4/repeat_3/requests/same_run06_x4_r3_02_run06.execution.json
same_run06_x4_r3_03_run06,/home/ubuntu/quantum-workload-architecture/workloads/manifests/imported/ovh_v2/06_star_graph_phase_amplitude_heldout_low.yaml,session_runner_existing_worker,same_run06_x4,3,0.056711477,0.056711477,0.003401237,0.055311558,0.000113665,2.669e-06,wrk_c551792715a8cbd6,124,plan_1e9bb43cfe444bbb,True,False,,session_runner_existing_worker,0.056711477,/home/ubuntu/quantum-workload-architecture/artifacts/session_runner/ovh_session_runner_prototype_v1/sessions/session_runner_existing_worker/same_run06_x4/repeat_3/requests/same_run06_x4_r3_03_run06.execution.json
same_run06_x4_r3_04_run06,/home/ubuntu/quantum-workload-architecture/workloads/manifests/imported/ovh_v2/06_star_graph_phase_amplitude_heldout_low.yaml,session_runner_existing_worker,same_run06_x4,3,0.055822169,0.055822169,0.003396779,0.054431467,0.000103798,2.557e-06,wrk_c551792715a8cbd6,125,plan_1e9bb43cfe444bbb,True,False,,session_runner_existing_worker,0.055822169,/home/ubuntu/quantum-workload-architecture/artifacts/session_runner/ovh_session_runner_prototype_v1/sessions/session_runner_existing_worker/same_run06_x4/repeat_3/requests/same_run06_x4_r3_04_run06.execution.json
same_run06_x8_r3_01_run06,/home/ubuntu/quantum-workload-architecture/workloads/manifests/imported/ovh_v2/06_star_graph_phase_amplitude_heldout_low.yaml,session_runner_existing_worker,same_run06_x8,3,0.081182804,0.081182804,0.003963347,0.079754028,0.000293276,2.744e-06,wrk_c551792715a8cbd6,126,plan_1e9bb43cfe444bbb,True,False,,session_runner_existing_worker,0.081182804,/home/ubuntu/quantum-workload-architecture/artifacts/session_runner/ovh_session_runner_prototype_v1/sessions/session_runner_existing_worker/same_run06_x8/repeat_3/requests/same_run06_x8_r3_01_run06.execution.json
same_run06_x8_r3_02_run06,/home/ubuntu/quantum-workload-architecture/workloads/manifests/imported/ovh_v2/06_star_graph_phase_amplitude_heldout_low.yaml,session_runner_existing_worker,same_run06_x8,3,0.055881022,0.055881022,0.002917851,0.054920577,0.000108707,2.479e-06,wrk_c551792715a8cbd6,127,plan_1e9bb43cfe444bbb,True,False,,session_runner_existing_worker,0.055881022,/home/ubuntu/quantum-workload-architecture/artifacts/session_runner/ovh_session_runner_prototype_v1/sessions/session_runner_existing_worker/same_run06_x8/repeat_3/requests/same_run06_x8_r3_02_run06.execution.json
same_run06_x8_r3_03_run06,/home/ubuntu/quantum-workload-architecture/workloads/manifests/imported/ovh_v2/06_star_graph_phase_amplitude_heldout_low.yaml,session_runner_existing_worker,same_run06_x8,3,0.055110698,0.055110698,0.003046361,0.053978039,0.000100323,2.518e-06,wrk_c551792715a8cbd6,128,plan_1e9bb43cfe444bbb,True,False,,session_runner_existing_worker,0.055110698,/home/ubuntu/quantum-workload-architecture/artifacts/session_runner/ovh_session_runner_prototype_v1/sessions/session_runner_existing_worker/same_run06_x8/repeat_3/requests/same_run06_x8_r3_03_run06.execution.json
same_run06_x8_r3_04_run06,/home/ubuntu/quantum-workload-architecture/workloads/manifests/imported/ovh_v2/06_star_graph_phase_amplitude_heldout_low.yaml,session_runner_existing_worker,same_run06_x8,3,0.055414522,0.055414522,0.003342533,0.054038496,0.000104451,3.071e-06,wrk_c551792715a8cbd6,129,plan_1e9bb43cfe444bbb,True,False,,session_runner_existing_worker,0.055414522,/home/ubuntu/quantum-workload-architecture/artifacts/session_runner/ovh_session_runner_prototype_v1/sessions/session_runner_existing_worker/same_run06_x8/repeat_3/requests/same_run06_x8_r3_04_run06.execution.json
same_run06_x8_r3_05_run06,/home/ubuntu/quantum-workload-architecture/workloads/manifests/imported/ovh_v2/06_star_graph_phase_amplitude_heldout_low.yaml,session_runner_existing_worker,same_run06_x8,3,0.055600485,0.055600485,0.003380581,0.054143532,0.000109447,2.549e-06,wrk_c551792715a8cbd6,130,plan_1e9bb43cfe444bbb,True,False,,session_runner_existing_worker,0.055600485,/home/ubuntu/quantum-workload-architecture/artifacts/session_runner/ovh_session_runner_prototype_v1/sessions/session_runner_existing_worker/same_run06_x8/repeat_3/requests/same_run06_x8_r3_05_run06.execution.json
same_run06_x8_r3_06_run06,/home/ubuntu/quantum-workload-architecture/workloads/manifests/imported/ovh_v2/06_star_graph_phase_amplitude_heldout_low.yaml,session_runner_existing_worker,same_run06_x8,3,0.081802568,0.081802568,0.00542367,0.080240437,0.000102844,5.192e-06,wrk_c551792715a8cbd6,131,plan_1e9bb43cfe444bbb,True,False,,session_runner_existing_worker,0.081802568,/home/ubuntu/quantum-workload-architecture/artifacts/session_runner/ovh_session_runner_prototype_v1/sessions/session_runner_existing_worker/same_run06_x8/repeat_3/requests/same_run06_x8_r3_06_run06.execution.json
same_run06_x8_r3_07_run06,/home/ubuntu/quantum-workload-architecture/workloads/manifests/imported/ovh_v2/06_star_graph_phase_amplitude_heldout_low.yaml,session_runner_existing_worker,same_run06_x8,3,0.088021253,0.088021253,0.004192923,0.08630741,0.000232557,6.398e-06,wrk_c551792715a8cbd6,132,plan_1e9bb43cfe444bbb,True,False,,session_runner_existing_worker,0.088021253,/home/ubuntu/quantum-workload-architecture/artifacts/session_runner/ovh_session_runner_prototype_v1/sessions/session_runner_existing_worker/same_run06_x8/repeat_3/requests/same_run06_x8_r3_07_run06.execution.json
same_run06_x8_r3_08_run06,/home/ubuntu/quantum-workload-architecture/workloads/manifests/imported/ovh_v2/06_star_graph_phase_amplitude_heldout_low.yaml,session_runner_existing_worker,same_run06_x8,3,0.05628545,0.05628545,0.003347241,0.054855885,0.000118223,2.536e-06,wrk_c551792715a8cbd6,133,plan_1e9bb43cfe444bbb,True,False,,session_runner_existing_worker,0.05628545,/home/ubuntu/quantum-workload-architecture/artifacts/session_runner/ovh_session_runner_prototype_v1/sessions/session_runner_existing_worker/same_run06_x8/repeat_3/requests/same_run06_x8_r3_08_run06.execution.json
same_run08_x1_r3_01_run08,/home/ubuntu/quantum-workload-architecture/workloads/manifests/imported/ovh_v2/08_parity_iqp_batched_heldout_medium.yaml,session_runner_existing_worker,same_run08_x1,3,0.078620335,0.078620335,0.004217001,0.07687065,0.00030065,2.4e-06,wrk_c551792715a8cbd6,134,plan_7209297490c788dd,True,False,,session_runner_existing_worker,0.078620335,/home/ubuntu/quantum-workload-architecture/artifacts/session_runner/ovh_session_runner_prototype_v1/sessions/session_runner_existing_worker/same_run08_x1/repeat_3/requests/same_run08_x1_r3_01_run08.execution.json
same_run08_x2_r3_01_run08,/home/ubuntu/quantum-workload-architecture/workloads/manifests/imported/ovh_v2/08_parity_iqp_batched_heldout_medium.yaml,session_runner_existing_worker,same_run08_x2,3,0.084479528,0.084479528,0.004568068,0.082604578,0.000271708,2.4e-06,wrk_c551792715a8cbd6,135,plan_7209297490c788dd,True,False,,session_runner_existing_worker,0.084479528,/home/ubuntu/quantum-workload-architecture/artifacts/session_runner/ovh_session_runner_prototype_v1/sessions/session_runner_existing_worker/same_run08_x2/repeat_3/requests/same_run08_x2_r3_01_run08.execution.json
same_run08_x2_r3_02_run08,/home/ubuntu/quantum-workload-architecture/workloads/manifests/imported/ovh_v2/08_parity_iqp_batched_heldout_medium.yaml,session_runner_existing_worker,same_run08_x2,3,0.052809819,0.052809819,0.003343537,0.05135416,0.000113375,2.273e-06,wrk_c551792715a8cbd6,136,plan_7209297490c788dd,True,False,,session_runner_existing_worker,0.052809819,/home/ubuntu/quantum-workload-architecture/artifacts/session_runner/ovh_session_runner_prototype_v1/sessions/session_runner_existing_worker/same_run08_x2/repeat_3/requests/same_run08_x2_r3_02_run08.execution.json
same_run08_x4_r3_01_run08,/home/ubuntu/quantum-workload-architecture/workloads/manifests/imported/ovh_v2/08_parity_iqp_batched_heldout_medium.yaml,session_runner_existing_worker,same_run08_x4,3,0.084099105,0.084099105,0.004336646,0.08225453,0.000321594,2.318e-06,wrk_c551792715a8cbd6,137,plan_7209297490c788dd,True,False,,session_runner_existing_worker,0.084099105,/home/ubuntu/quantum-workload-architecture/artifacts/session_runner/ovh_session_runner_prototype_v1/sessions/session_runner_existing_worker/same_run08_x4/repeat_3/requests/same_run08_x4_r3_01_run08.execution.json
same_run08_x4_r3_02_run08,/home/ubuntu/quantum-workload-architecture/workloads/manifests/imported/ovh_v2/08_parity_iqp_batched_heldout_medium.yaml,session_runner_existing_worker,same_run08_x4,3,0.051830699,0.051830699,0.003186388,0.050445819,0.000109582,2.388e-06,wrk_c551792715a8cbd6,138,plan_7209297490c788dd,True,False,,session_runner_existing_worker,0.051830699,/home/ubuntu/quantum-workload-architecture/artifacts/session_runner/ovh_session_runner_prototype_v1/sessions/session_runner_existing_worker/same_run08_x4/repeat_3/requests/same_run08_x4_r3_02_run08.execution.json
same_run08_x4_r3_03_run08,/home/ubuntu/quantum-workload-architecture/workloads/manifests/imported/ovh_v2/08_parity_iqp_batched_heldout_medium.yaml,session_runner_existing_worker,same_run08_x4,3,0.051786208,0.051786208,0.003377467,0.050318212,0.000112953,2.814e-06,wrk_c551792715a8cbd6,139,plan_7209297490c788dd,True,False,,session_runner_existing_worker,0.051786208,/home/ubuntu/quantum-workload-architecture/artifacts/session_runner/ovh_session_runner_prototype_v1/sessions/session_runner_existing_worker/same_run08_x4/repeat_3/requests/same_run08_x4_r3_03_run08.execution.json
same_run08_x4_r3_04_run08,/home/ubuntu/quantum-workload-architecture/workloads/manifests/imported/ovh_v2/08_parity_iqp_batched_heldout_medium.yaml,session_runner_existing_worker,same_run08_x4,3,0.051676308,0.051676308,0.003220076,0.050346939,0.000104797,2.361e-06,wrk_c551792715a8cbd6,140,plan_7209297490c788dd,True,False,,session_runner_existing_worker,0.051676308,/home/ubuntu/quantum-workload-architecture/artifacts/session_runner/ovh_session_runner_prototype_v1/sessions/session_runner_existing_worker/same_run08_x4/repeat_3/requests/same_run08_x4_r3_04_run08.execution.json
same_run08_x8_r3_01_run08,/home/ubuntu/quantum-workload-architecture/workloads/manifests/imported/ovh_v2/08_parity_iqp_batched_heldout_medium.yaml,session_runner_existing_worker,same_run08_x8,3,0.061764657,0.061764657,0.003080918,0.060589853,0.000139583,2.468e-06,wrk_c551792715a8cbd6,141,plan_7209297490c788dd,True,False,,session_runner_existing_worker,0.061764657,/home/ubuntu/quantum-workload-architecture/artifacts/session_runner/ovh_session_runner_prototype_v1/sessions/session_runner_existing_worker/same_run08_x8/repeat_3/requests/same_run08_x8_r3_01_run08.execution.json
same_run08_x8_r3_02_run08,/home/ubuntu/quantum-workload-architecture/workloads/manifests/imported/ovh_v2/08_parity_iqp_batched_heldout_medium.yaml,session_runner_existing_worker,same_run08_x8,3,0.050675004,0.050675004,0.003216892,0.049324118,0.000119778,2.652e-06,wrk_c551792715a8cbd6,142,plan_7209297490c788dd,True,False,,session_runner_existing_worker,0.050675004,/home/ubuntu/quantum-workload-architecture/artifacts/session_runner/ovh_session_runner_prototype_v1/sessions/session_runner_existing_worker/same_run08_x8/repeat_3/requests/same_run08_x8_r3_02_run08.execution.json
same_run08_x8_r3_03_run08,/home/ubuntu/quantum-workload-architecture/workloads/manifests/imported/ovh_v2/08_parity_iqp_batched_heldout_medium.yaml,session_runner_existing_worker,same_run08_x8,3,0.050667294,0.050667294,0.00299458,0.049477637,0.000111613,2.545e-06,wrk_c551792715a8cbd6,143,plan_7209297490c788dd,True,False,,session_runner_existing_worker,0.050667294,/home/ubuntu/quantum-workload-architecture/artifacts/session_runner/ovh_session_runner_prototype_v1/sessions/session_runner_existing_worker/same_run08_x8/repeat_3/requests/same_run08_x8_r3_03_run08.execution.json
same_run08_x8_r3_04_run08,/home/ubuntu/quantum-workload-architecture/workloads/manifests/imported/ovh_v2/08_parity_iqp_batched_heldout_medium.yaml,session_runner_existing_worker,same_run08_x8,3,0.04977648,0.04977648,0.002666439,0.048924626,0.000114989,2.995e-06,wrk_c551792715a8cbd6,144,plan_7209297490c788dd,True,False,,session_runner_existing_worker,0.04977648,/home/ubuntu/quantum-workload-architecture/artifacts/session_runner/ovh_session_runner_prototype_v1/sessions/session_runner_existing_worker/same_run08_x8/repeat_3/requests/same_run08_x8_r3_04_run08.execution.json
same_run08_x8_r3_05_run08,/home/ubuntu/quantum-workload-architecture/workloads/manifests/imported/ovh_v2/08_parity_iqp_batched_heldout_medium.yaml,session_runner_existing_worker,same_run08_x8,3,0.049839437,0.049839437,0.002669476,0.048981368,0.000104965,2.178e-06,wrk_c551792715a8cbd6,145,plan_7209297490c788dd,True,False,,session_runner_existing_worker,0.049839437,/home/ubuntu/quantum-workload-architecture/artifacts/session_runner/ovh_session_runner_prototype_v1/sessions/session_runner_existing_worker/same_run08_x8/repeat_3/requests/same_run08_x8_r3_05_run08.execution.json
same_run08_x8_r3_06_run08,/home/ubuntu/quantum-workload-architecture/workloads/manifests/imported/ovh_v2/08_parity_iqp_batched_heldout_medium.yaml,session_runner_existing_worker,same_run08_x8,3,0.05034759,0.05034759,0.00293553,0.049160709,0.000106674,2.396e-06,wrk_c551792715a8cbd6,146,plan_7209297490c788dd,True,False,,session_runner_existing_worker,0.05034759,/home/ubuntu/quantum-workload-architecture/artifacts/session_runner/ovh_session_runner_prototype_v1/sessions/session_runner_existing_worker/same_run08_x8/repeat_3/requests/same_run08_x8_r3_06_run08.execution.json
same_run08_x8_r3_07_run08,/home/ubuntu/quantum-workload-architecture/workloads/manifests/imported/ovh_v2/08_parity_iqp_batched_heldout_medium.yaml,session_runner_existing_worker,same_run08_x8,3,0.050987327,0.050987327,0.003378697,0.049491534,0.000104035,2.595e-06,wrk_c551792715a8cbd6,147,plan_7209297490c788dd,True,False,,session_runner_existing_worker,0.050987327,/home/ubuntu/quantum-workload-architecture/artifacts/session_runner/ovh_session_runner_prototype_v1/sessions/session_runner_existing_worker/same_run08_x8/repeat_3/requests/same_run08_x8_r3_07_run08.execution.json
same_run08_x8_r3_08_run08,/home/ubuntu/quantum-workload-architecture/workloads/manifests/imported/ovh_v2/08_parity_iqp_batched_heldout_medium.yaml,session_runner_existing_worker,same_run08_x8,3,0.06420525,0.06420525,0.003638345,0.06239175,0.00012469,2.149e-06,wrk_c551792715a8cbd6,148,plan_7209297490c788dd,True,False,,session_runner_existing_worker,0.06420525,/home/ubuntu/quantum-workload-architecture/artifacts/session_runner/ovh_session_runner_prototype_v1/sessions/session_runner_existing_worker/same_run08_x8/repeat_3/requests/same_run08_x8_r3_08_run08.execution.json
mixed_trio_x6_r3_01_run01,/home/ubuntu/quantum-workload-architecture/workloads/manifests/imported/ovh_v2/01_real_dense_ring6_amplitude.yaml,session_runner_existing_worker,mixed_trio_x6,3,0.067875305,0.067875305,0.004096653,0.066408919,0.000208665,2.1202e-05,wrk_c551792715a8cbd6,149,plan_9681ead327789de4,True,False,,session_runner_existing_worker,0.067875305,/home/ubuntu/quantum-workload-architecture/artifacts/session_runner/ovh_session_runner_prototype_v1/sessions/session_runner_existing_worker/mixed_trio_x6/repeat_3/requests/mixed_trio_x6_r3_01_run01.execution.json
mixed_trio_x6_r3_02_run06,/home/ubuntu/quantum-workload-architecture/workloads/manifests/imported/ovh_v2/06_star_graph_phase_amplitude_heldout_low.yaml,session_runner_existing_worker,mixed_trio_x6,3,0.056709135,0.056709135,0.002892863,0.055761642,0.00011279,2.671e-06,wrk_c551792715a8cbd6,150,plan_1e9bb43cfe444bbb,True,False,,session_runner_existing_worker,0.056709135,/home/ubuntu/quantum-workload-architecture/artifacts/session_runner/ovh_session_runner_prototype_v1/sessions/session_runner_existing_worker/mixed_trio_x6/repeat_3/requests/mixed_trio_x6_r3_02_run06.execution.json
mixed_trio_x6_r3_03_run08,/home/ubuntu/quantum-workload-architecture/workloads/manifests/imported/ovh_v2/08_parity_iqp_batched_heldout_medium.yaml,session_runner_existing_worker,mixed_trio_x6,3,0.04998862,0.04998862,0.00263957,0.049137065,9.9602e-05,2.285e-06,wrk_c551792715a8cbd6,151,plan_7209297490c788dd,True,False,,session_runner_existing_worker,0.04998862,/home/ubuntu/quantum-workload-architecture/artifacts/session_runner/ovh_session_runner_prototype_v1/sessions/session_runner_existing_worker/mixed_trio_x6/repeat_3/requests/mixed_trio_x6_r3_03_run08.execution.json
mixed_trio_x6_r3_04_run01,/home/ubuntu/quantum-workload-architecture/workloads/manifests/imported/ovh_v2/01_real_dense_ring6_amplitude.yaml,session_runner_existing_worker,mixed_trio_x6,3,0.050845466,0.050845466,0.002658788,0.049994941,0.000100608,2.431e-06,wrk_c551792715a8cbd6,152,plan_9681ead327789de4,True,False,,session_runner_existing_worker,0.050845466,/home/ubuntu/quantum-workload-architecture/artifacts/session_runner/ovh_session_runner_prototype_v1/sessions/session_runner_existing_worker/mixed_trio_x6/repeat_3/requests/mixed_trio_x6_r3_04_run01.execution.json
mixed_trio_x6_r3_05_run06,/home/ubuntu/quantum-workload-architecture/workloads/manifests/imported/ovh_v2/06_star_graph_phase_amplitude_heldout_low.yaml,session_runner_existing_worker,mixed_trio_x6,3,0.054614857,0.054614857,0.002709028,0.053767012,0.000100153,3.02e-06,wrk_c551792715a8cbd6,153,plan_1e9bb43cfe444bbb,True,False,,session_runner_existing_worker,0.054614857,/home/ubuntu/quantum-workload-architecture/artifacts/session_runner/ovh_session_runner_prototype_v1/sessions/session_runner_existing_worker/mixed_trio_x6/repeat_3/requests/mixed_trio_x6_r3_05_run06.execution.json
mixed_trio_x6_r3_06_run08,/home/ubuntu/quantum-workload-architecture/workloads/manifests/imported/ovh_v2/08_parity_iqp_batched_heldout_medium.yaml,session_runner_existing_worker,mixed_trio_x6,3,0.050204719,0.050204719,0.00272375,0.049345731,0.000101552,2.386e-06,wrk_c551792715a8cbd6,154,plan_7209297490c788dd,True,False,,session_runner_existing_worker,0.050204719,/home/ubuntu/quantum-workload-architecture/artifacts/session_runner/ovh_session_runner_prototype_v1/sessions/session_runner_existing_worker/mixed_trio_x6/repeat_3/requests/mixed_trio_x6_r3_06_run08.execution.json
same_run01_x1_r4_01_run01,/home/ubuntu/quantum-workload-architecture/workloads/manifests/imported/ovh_v2/01_real_dense_ring6_amplitude.yaml,session_runner_existing_worker,same_run01_x1,4,0.052377659,0.052377659,0.003092856,0.051314863,0.000115553,2.329e-06,wrk_c551792715a8cbd6,155,plan_9681ead327789de4,True,False,,session_runner_existing_worker,0.052377659,/home/ubuntu/quantum-workload-architecture/artifacts/session_runner/ovh_session_runner_prototype_v1/sessions/session_runner_existing_worker/same_run01_x1/repeat_4/requests/same_run01_x1_r4_01_run01.execution.json
same_run01_x2_r4_01_run01,/home/ubuntu/quantum-workload-architecture/workloads/manifests/imported/ovh_v2/01_real_dense_ring6_amplitude.yaml,session_runner_existing_worker,same_run01_x2,4,0.080344875,0.080344875,0.003716094,0.079029875,0.000288849,2.942e-06,wrk_c551792715a8cbd6,156,plan_9681ead327789de4,True,False,,session_runner_existing_worker,0.080344875,/home/ubuntu/quantum-workload-architecture/artifacts/session_runner/ovh_session_runner_prototype_v1/sessions/session_runner_existing_worker/same_run01_x2/repeat_4/requests/same_run01_x2_r4_01_run01.execution.json
same_run01_x2_r4_02_run01,/home/ubuntu/quantum-workload-architecture/workloads/manifests/imported/ovh_v2/01_real_dense_ring6_amplitude.yaml,session_runner_existing_worker,same_run01_x2,4,0.050021945,0.050021945,0.002974381,0.048909221,0.000100008,2.704e-06,wrk_c551792715a8cbd6,157,plan_9681ead327789de4,True,False,,session_runner_existing_worker,0.050021945,/home/ubuntu/quantum-workload-architecture/artifacts/session_runner/ovh_session_runner_prototype_v1/sessions/session_runner_existing_worker/same_run01_x2/repeat_4/requests/same_run01_x2_r4_02_run01.execution.json
same_run01_x4_r4_01_run01,/home/ubuntu/quantum-workload-architecture/workloads/manifests/imported/ovh_v2/01_real_dense_ring6_amplitude.yaml,session_runner_existing_worker,same_run01_x4,4,0.051536138,0.051536138,0.002700652,0.05061042,0.000128576,2.45e-06,wrk_c551792715a8cbd6,158,plan_9681ead327789de4,True,False,,session_runner_existing_worker,0.051536138,/home/ubuntu/quantum-workload-architecture/artifacts/session_runner/ovh_session_runner_prototype_v1/sessions/session_runner_existing_worker/same_run01_x4/repeat_4/requests/same_run01_x4_r4_01_run01.execution.json
same_run01_x4_r4_02_run01,/home/ubuntu/quantum-workload-architecture/workloads/manifests/imported/ovh_v2/01_real_dense_ring6_amplitude.yaml,session_runner_existing_worker,same_run01_x4,4,0.052040005,0.052040005,0.003082272,0.050804434,9.8591e-05,2.402e-06,wrk_c551792715a8cbd6,159,plan_9681ead327789de4,True,False,,session_runner_existing_worker,0.052040005,/home/ubuntu/quantum-workload-architecture/artifacts/session_runner/ovh_session_runner_prototype_v1/sessions/session_runner_existing_worker/same_run01_x4/repeat_4/requests/same_run01_x4_r4_02_run01.execution.json
same_run01_x4_r4_03_run01,/home/ubuntu/quantum-workload-architecture/workloads/manifests/imported/ovh_v2/01_real_dense_ring6_amplitude.yaml,session_runner_existing_worker,same_run01_x4,4,0.052324465,0.052324465,0.003137,0.051012012,0.000108632,2.479e-06,wrk_c551792715a8cbd6,160,plan_9681ead327789de4,True,False,,session_runner_existing_worker,0.052324465,/home/ubuntu/quantum-workload-architecture/artifacts/session_runner/ovh_session_runner_prototype_v1/sessions/session_runner_existing_worker/same_run01_x4/repeat_4/requests/same_run01_x4_r4_03_run01.execution.json
same_run01_x4_r4_04_run01,/home/ubuntu/quantum-workload-architecture/workloads/manifests/imported/ovh_v2/01_real_dense_ring6_amplitude.yaml,session_runner_existing_worker,same_run01_x4,4,0.051399494,0.051399494,0.002663495,0.050546035,0.00010173,2.691e-06,wrk_c551792715a8cbd6,161,plan_9681ead327789de4,True,False,,session_runner_existing_worker,0.051399494,/home/ubuntu/quantum-workload-architecture/artifacts/session_runner/ovh_session_runner_prototype_v1/sessions/session_runner_existing_worker/same_run01_x4/repeat_4/requests/same_run01_x4_r4_04_run01.execution.json
same_run01_x8_r4_01_run01,/home/ubuntu/quantum-workload-architecture/workloads/manifests/imported/ovh_v2/01_real_dense_ring6_amplitude.yaml,session_runner_existing_worker,same_run01_x8,4,0.06993504,0.06993504,0.003598291,0.068524954,0.000338667,2.356e-06,wrk_c551792715a8cbd6,162,plan_9681ead327789de4,True,False,,session_runner_existing_worker,0.06993504,/home/ubuntu/quantum-workload-architecture/artifacts/session_runner/ovh_session_runner_prototype_v1/sessions/session_runner_existing_worker/same_run01_x8/repeat_4/requests/same_run01_x8_r4_01_run01.execution.json
same_run01_x8_r4_02_run01,/home/ubuntu/quantum-workload-architecture/workloads/manifests/imported/ovh_v2/01_real_dense_ring6_amplitude.yaml,session_runner_existing_worker,same_run01_x8,4,0.051698884,0.051698884,0.002957424,0.050547718,9.9202e-05,2.349e-06,wrk_c551792715a8cbd6,163,plan_9681ead327789de4,True,False,,session_runner_existing_worker,0.051698884,/home/ubuntu/quantum-workload-architecture/artifacts/session_runner/ovh_session_runner_prototype_v1/sessions/session_runner_existing_worker/same_run01_x8/repeat_4/requests/same_run01_x8_r4_02_run01.execution.json
same_run01_x8_r4_03_run01,/home/ubuntu/quantum-workload-architecture/workloads/manifests/imported/ovh_v2/01_real_dense_ring6_amplitude.yaml,session_runner_existing_worker,same_run01_x8,4,0.051898026,0.051898026,0.002916462,0.050799756,0.000104709,2.569e-06,wrk_c551792715a8cbd6,164,plan_9681ead327789de4,True,False,,session_runner_existing_worker,0.051898026,/home/ubuntu/quantum-workload-architecture/artifacts/session_runner/ovh_session_runner_prototype_v1/sessions/session_runner_existing_worker/same_run01_x8/repeat_4/requests/same_run01_x8_r4_03_run01.execution.json
same_run01_x8_r4_04_run01,/home/ubuntu/quantum-workload-architecture/workloads/manifests/imported/ovh_v2/01_real_dense_ring6_amplitude.yaml,session_runner_existing_worker,same_run01_x8,4,0.051606923,0.051606923,0.003222095,0.050165658,9.9697e-05,2.245e-06,wrk_c551792715a8cbd6,165,plan_9681ead327789de4,True,False,,session_runner_existing_worker,0.051606923,/home/ubuntu/quantum-workload-architecture/artifacts/session_runner/ovh_session_runner_prototype_v1/sessions/session_runner_existing_worker/same_run01_x8/repeat_4/requests/same_run01_x8_r4_04_run01.execution.json
same_run01_x8_r4_05_run01,/home/ubuntu/quantum-workload-architecture/workloads/manifests/imported/ovh_v2/01_real_dense_ring6_amplitude.yaml,session_runner_existing_worker,same_run01_x8,4,0.052176175,0.052176175,0.003238772,0.050850153,0.00010484,2.513e-06,wrk_c551792715a8cbd6,166,plan_9681ead327789de4,True,False,,session_runner_existing_worker,0.052176175,/home/ubuntu/quantum-workload-architecture/artifacts/session_runner/ovh_session_runner_prototype_v1/sessions/session_runner_existing_worker/same_run01_x8/repeat_4/requests/same_run01_x8_r4_05_run01.execution.json
same_run01_x8_r4_06_run01,/home/ubuntu/quantum-workload-architecture/workloads/manifests/imported/ovh_v2/01_real_dense_ring6_amplitude.yaml,session_runner_existing_worker,same_run01_x8,4,0.051889754,0.051889754,0.003215253,0.050531945,0.000106812,2.627e-06,wrk_c551792715a8cbd6,167,plan_9681ead327789de4,True,False,,session_runner_existing_worker,0.051889754,/home/ubuntu/quantum-workload-architecture/artifacts/session_runner/ovh_session_runner_prototype_v1/sessions/session_runner_existing_worker/same_run01_x8/repeat_4/requests/same_run01_x8_r4_06_run01.execution.json
same_run01_x8_r4_07_run01,/home/ubuntu/quantum-workload-architecture/workloads/manifests/imported/ovh_v2/01_real_dense_ring6_amplitude.yaml,session_runner_existing_worker,same_run01_x8,4,0.052305172,0.052305172,0.003226854,0.050893604,0.000111702,2.268e-06,wrk_c551792715a8cbd6,168,plan_9681ead327789de4,True,False,,session_runner_existing_worker,0.052305172,/home/ubuntu/quantum-workload-architecture/artifacts/session_runner/ovh_session_runner_prototype_v1/sessions/session_runner_existing_worker/same_run01_x8/repeat_4/requests/same_run01_x8_r4_07_run01.execution.json
same_run01_x8_r4_08_run01,/home/ubuntu/quantum-workload-architecture/workloads/manifests/imported/ovh_v2/01_real_dense_ring6_amplitude.yaml,session_runner_existing_worker,same_run01_x8,4,0.051829273,0.051829273,0.003385036,0.050414945,0.000105894,2.388e-06,wrk_c551792715a8cbd6,169,plan_9681ead327789de4,True,False,,session_runner_existing_worker,0.051829273,/home/ubuntu/quantum-workload-architecture/artifacts/session_runner/ovh_session_runner_prototype_v1/sessions/session_runner_existing_worker/same_run01_x8/repeat_4/requests/same_run01_x8_r4_08_run01.execution.json
same_run06_x1_r4_01_run06,/home/ubuntu/quantum-workload-architecture/workloads/manifests/imported/ovh_v2/06_star_graph_phase_amplitude_heldout_low.yaml,session_runner_existing_worker,same_run06_x1,4,0.095376597,0.095376597,0.004032921,0.093680637,0.000265218,2.598e-06,wrk_c551792715a8cbd6,170,plan_1e9bb43cfe444bbb,True,False,,session_runner_existing_worker,0.095376597,/home/ubuntu/quantum-workload-architecture/artifacts/session_runner/ovh_session_runner_prototype_v1/sessions/session_runner_existing_worker/same_run06_x1/repeat_4/requests/same_run06_x1_r4_01_run06.execution.json
same_run06_x2_r4_01_run06,/home/ubuntu/quantum-workload-architecture/workloads/manifests/imported/ovh_v2/06_star_graph_phase_amplitude_heldout_low.yaml,session_runner_existing_worker,same_run06_x2,4,0.056035242,0.056035242,0.003155429,0.054835986,0.000111129,2.347e-06,wrk_c551792715a8cbd6,171,plan_1e9bb43cfe444bbb,True,False,,session_runner_existing_worker,0.056035242,/home/ubuntu/quantum-workload-architecture/artifacts/session_runner/ovh_session_runner_prototype_v1/sessions/session_runner_existing_worker/same_run06_x2/repeat_4/requests/same_run06_x2_r4_01_run06.execution.json
same_run06_x2_r4_02_run06,/home/ubuntu/quantum-workload-architecture/workloads/manifests/imported/ovh_v2/06_star_graph_phase_amplitude_heldout_low.yaml,session_runner_existing_worker,same_run06_x2,4,0.05531022,0.05531022,0.002835385,0.054434563,0.00010448,2.477e-06,wrk_c551792715a8cbd6,172,plan_1e9bb43cfe444bbb,True,False,,session_runner_existing_worker,0.05531022,/home/ubuntu/quantum-workload-architecture/artifacts/session_runner/ovh_session_runner_prototype_v1/sessions/session_runner_existing_worker/same_run06_x2/repeat_4/requests/same_run06_x2_r4_02_run06.execution.json
same_run06_x4_r4_01_run06,/home/ubuntu/quantum-workload-architecture/workloads/manifests/imported/ovh_v2/06_star_graph_phase_amplitude_heldout_low.yaml,session_runner_existing_worker,same_run06_x4,4,0.074062322,0.074062322,0.003365216,0.072779954,0.000134913,2.484e-06,wrk_c551792715a8cbd6,173,plan_1e9bb43cfe444bbb,True,False,,session_runner_existing_worker,0.074062322,/home/ubuntu/quantum-workload-architecture/artifacts/session_runner/ovh_session_runner_prototype_v1/sessions/session_runner_existing_worker/same_run06_x4/repeat_4/requests/same_run06_x4_r4_01_run06.execution.json
same_run06_x4_r4_02_run06,/home/ubuntu/quantum-workload-architecture/workloads/manifests/imported/ovh_v2/06_star_graph_phase_amplitude_heldout_low.yaml,session_runner_existing_worker,same_run06_x4,4,0.054760237,0.054760237,0.002776171,0.053808347,0.000118834,2.583e-06,wrk_c551792715a8cbd6,174,plan_1e9bb43cfe444bbb,True,False,,session_runner_existing_worker,0.054760237,/home/ubuntu/quantum-workload-architecture/artifacts/session_runner/ovh_session_runner_prototype_v1/sessions/session_runner_existing_worker/same_run06_x4/repeat_4/requests/same_run06_x4_r4_02_run06.execution.json
same_run06_x4_r4_03_run06,/home/ubuntu/quantum-workload-architecture/workloads/manifests/imported/ovh_v2/06_star_graph_phase_amplitude_heldout_low.yaml,session_runner_existing_worker,same_run06_x4,4,0.056304042,0.056304042,0.002924741,0.055242453,0.000108001,2.585e-06,wrk_c551792715a8cbd6,175,plan_1e9bb43cfe444bbb,True,False,,session_runner_existing_worker,0.056304042,/home/ubuntu/quantum-workload-architecture/artifacts/session_runner/ovh_session_runner_prototype_v1/sessions/session_runner_existing_worker/same_run06_x4/repeat_4/requests/same_run06_x4_r4_03_run06.execution.json
same_run06_x4_r4_04_run06,/home/ubuntu/quantum-workload-architecture/workloads/manifests/imported/ovh_v2/06_star_graph_phase_amplitude_heldout_low.yaml,session_runner_existing_worker,same_run06_x4,4,0.056198012,0.056198012,0.003232025,0.054864769,9.9558e-05,2.166e-06,wrk_c551792715a8cbd6,176,plan_1e9bb43cfe444bbb,True,False,,session_runner_existing_worker,0.056198012,/home/ubuntu/quantum-workload-architecture/artifacts/session_runner/ovh_session_runner_prototype_v1/sessions/session_runner_existing_worker/same_run06_x4/repeat_4/requests/same_run06_x4_r4_04_run06.execution.json
same_run06_x8_r4_01_run06,/home/ubuntu/quantum-workload-architecture/workloads/manifests/imported/ovh_v2/06_star_graph_phase_amplitude_heldout_low.yaml,session_runner_existing_worker,same_run06_x8,4,0.095533925,0.095533925,0.004179055,0.093857389,0.000296474,2.284e-06,wrk_c551792715a8cbd6,177,plan_1e9bb43cfe444bbb,True,False,,session_runner_existing_worker,0.095533925,/home/ubuntu/quantum-workload-architecture/artifacts/session_runner/ovh_session_runner_prototype_v1/sessions/session_runner_existing_worker/same_run06_x8/repeat_4/requests/same_run06_x8_r4_01_run06.execution.json
same_run06_x8_r4_02_run06,/home/ubuntu/quantum-workload-architecture/workloads/manifests/imported/ovh_v2/06_star_graph_phase_amplitude_heldout_low.yaml,session_runner_existing_worker,same_run06_x8,4,0.056036246,0.056036246,0.003291153,0.054688899,0.000103681,2.706e-06,wrk_c551792715a8cbd6,178,plan_1e9bb43cfe444bbb,True,False,,session_runner_existing_worker,0.056036246,/home/ubuntu/quantum-workload-architecture/artifacts/session_runner/ovh_session_runner_prototype_v1/sessions/session_runner_existing_worker/same_run06_x8/repeat_4/requests/same_run06_x8_r4_02_run06.execution.json
same_run06_x8_r4_03_run06,/home/ubuntu/quantum-workload-architecture/workloads/manifests/imported/ovh_v2/06_star_graph_phase_amplitude_heldout_low.yaml,session_runner_existing_worker,same_run06_x8,4,0.055900023,0.055900023,0.003353901,0.054479214,0.00010336,2.274e-06,wrk_c551792715a8cbd6,179,plan_1e9bb43cfe444bbb,True,False,,session_runner_existing_worker,0.055900023,/home/ubuntu/quantum-workload-architecture/artifacts/session_runner/ovh_session_runner_prototype_v1/sessions/session_runner_existing_worker/same_run06_x8/repeat_4/requests/same_run06_x8_r4_03_run06.execution.json
same_run06_x8_r4_04_run06,/home/ubuntu/quantum-workload-architecture/workloads/manifests/imported/ovh_v2/06_star_graph_phase_amplitude_heldout_low.yaml,session_runner_existing_worker,same_run06_x8,4,0.055752751,0.055752751,0.003252746,0.054392999,0.000106267,2.353e-06,wrk_c551792715a8cbd6,180,plan_1e9bb43cfe444bbb,True,False,,session_runner_existing_worker,0.055752751,/home/ubuntu/quantum-workload-architecture/artifacts/session_runner/ovh_session_runner_prototype_v1/sessions/session_runner_existing_worker/same_run06_x8/repeat_4/requests/same_run06_x8_r4_04_run06.execution.json
same_run06_x8_r4_05_run06,/home/ubuntu/quantum-workload-architecture/workloads/manifests/imported/ovh_v2/06_star_graph_phase_amplitude_heldout_low.yaml,session_runner_existing_worker,same_run06_x8,4,0.056134388,0.056134388,0.003476842,0.05461855,0.000108368,2.295e-06,wrk_c551792715a8cbd6,181,plan_1e9bb43cfe444bbb,True,False,,session_runner_existing_worker,0.056134388,/home/ubuntu/quantum-workload-architecture/artifacts/session_runner/ovh_session_runner_prototype_v1/sessions/session_runner_existing_worker/same_run06_x8/repeat_4/requests/same_run06_x8_r4_05_run06.execution.json
same_run06_x8_r4_06_run06,/home/ubuntu/quantum-workload-architecture/workloads/manifests/imported/ovh_v2/06_star_graph_phase_amplitude_heldout_low.yaml,session_runner_existing_worker,same_run06_x8,4,0.055825992,0.055825992,0.003298496,0.054422209,0.000107104,2.288e-06,wrk_c551792715a8cbd6,182,plan_1e9bb43cfe444bbb,True,False,,session_runner_existing_worker,0.055825992,/home/ubuntu/quantum-workload-architecture/artifacts/session_runner/ovh_session_runner_prototype_v1/sessions/session_runner_existing_worker/same_run06_x8/repeat_4/requests/same_run06_x8_r4_06_run06.execution.json
same_run06_x8_r4_07_run06,/home/ubuntu/quantum-workload-architecture/workloads/manifests/imported/ovh_v2/06_star_graph_phase_amplitude_heldout_low.yaml,session_runner_existing_worker,same_run06_x8,4,0.055540303,0.055540303,0.00332874,0.054111029,0.000104098,2.702e-06,wrk_c551792715a8cbd6,183,plan_1e9bb43cfe444bbb,True,False,,session_runner_existing_worker,0.055540303,/home/ubuntu/quantum-workload-architecture/artifacts/session_runner/ovh_session_runner_prototype_v1/sessions/session_runner_existing_worker/same_run06_x8/repeat_4/requests/same_run06_x8_r4_07_run06.execution.json
same_run06_x8_r4_08_run06,/home/ubuntu/quantum-workload-architecture/workloads/manifests/imported/ovh_v2/06_star_graph_phase_amplitude_heldout_low.yaml,session_runner_existing_worker,same_run06_x8,4,0.05581246,0.05581246,0.00326567,0.05443992,0.000102123,2.934e-06,wrk_c551792715a8cbd6,184,plan_1e9bb43cfe444bbb,True,False,,session_runner_existing_worker,0.05581246,/home/ubuntu/quantum-workload-architecture/artifacts/session_runner/ovh_session_runner_prototype_v1/sessions/session_runner_existing_worker/same_run06_x8/repeat_4/requests/same_run06_x8_r4_08_run06.execution.json
same_run08_x1_r4_01_run08,/home/ubuntu/quantum-workload-architecture/workloads/manifests/imported/ovh_v2/08_parity_iqp_batched_heldout_medium.yaml,session_runner_existing_worker,same_run08_x1,4,0.069488357,0.069488357,0.004963226,0.067314946,0.000388111,2.598e-06,wrk_c551792715a8cbd6,185,plan_7209297490c788dd,True,False,,session_runner_existing_worker,0.069488357,/home/ubuntu/quantum-workload-architecture/artifacts/session_runner/ovh_session_runner_prototype_v1/sessions/session_runner_existing_worker/same_run08_x1/repeat_4/requests/same_run08_x1_r4_01_run08.execution.json
same_run08_x2_r4_01_run08,/home/ubuntu/quantum-workload-architecture/workloads/manifests/imported/ovh_v2/08_parity_iqp_batched_heldout_medium.yaml,session_runner_existing_worker,same_run08_x2,4,0.082339523,0.082339523,0.004536557,0.080599341,0.000151245,5.197e-06,wrk_c551792715a8cbd6,186,plan_7209297490c788dd,True,False,,session_runner_existing_worker,0.082339523,/home/ubuntu/quantum-workload-architecture/artifacts/session_runner/ovh_session_runner_prototype_v1/sessions/session_runner_existing_worker/same_run08_x2/repeat_4/requests/same_run08_x2_r4_01_run08.execution.json
same_run08_x2_r4_02_run08,/home/ubuntu/quantum-workload-architecture/workloads/manifests/imported/ovh_v2/08_parity_iqp_batched_heldout_medium.yaml,session_runner_existing_worker,same_run08_x2,4,0.056026056,0.056026056,0.003505088,0.0544681,0.000181058,2.553e-06,wrk_c551792715a8cbd6,187,plan_7209297490c788dd,True,False,,session_runner_existing_worker,0.056026056,/home/ubuntu/quantum-workload-architecture/artifacts/session_runner/ovh_session_runner_prototype_v1/sessions/session_runner_existing_worker/same_run08_x2/repeat_4/requests/same_run08_x2_r4_02_run08.execution.json
same_run08_x4_r4_01_run08,/home/ubuntu/quantum-workload-architecture/workloads/manifests/imported/ovh_v2/08_parity_iqp_batched_heldout_medium.yaml,session_runner_existing_worker,same_run08_x4,4,0.090034337,0.090034337,0.004209409,0.088276349,0.00029034,2.938e-06,wrk_c551792715a8cbd6,188,plan_7209297490c788dd,True,False,,session_runner_existing_worker,0.090034337,/home/ubuntu/quantum-workload-architecture/artifacts/session_runner/ovh_session_runner_prototype_v1/sessions/session_runner_existing_worker/same_run08_x4/repeat_4/requests/same_run08_x4_r4_01_run08.execution.json
same_run08_x4_r4_02_run08,/home/ubuntu/quantum-workload-architecture/workloads/manifests/imported/ovh_v2/08_parity_iqp_batched_heldout_medium.yaml,session_runner_existing_worker,same_run08_x4,4,0.052110908,0.052110908,0.003212705,0.050735161,0.0001078,2.57e-06,wrk_c551792715a8cbd6,189,plan_7209297490c788dd,True,False,,session_runner_existing_worker,0.052110908,/home/ubuntu/quantum-workload-architecture/artifacts/session_runner/ovh_session_runner_prototype_v1/sessions/session_runner_existing_worker/same_run08_x4/repeat_4/requests/same_run08_x4_r4_02_run08.execution.json
same_run08_x4_r4_03_run08,/home/ubuntu/quantum-workload-architecture/workloads/manifests/imported/ovh_v2/08_parity_iqp_batched_heldout_medium.yaml,session_runner_existing_worker,same_run08_x4,4,0.049794224,0.049794224,0.003132626,0.048469338,0.000102515,2.589e-06,wrk_c551792715a8cbd6,190,plan_7209297490c788dd,True,False,,session_runner_existing_worker,0.049794224,/home/ubuntu/quantum-workload-architecture/artifacts/session_runner/ovh_session_runner_prototype_v1/sessions/session_runner_existing_worker/same_run08_x4/repeat_4/requests/same_run08_x4_r4_03_run08.execution.json
same_run08_x4_r4_04_run08,/home/ubuntu/quantum-workload-architecture/workloads/manifests/imported/ovh_v2/08_parity_iqp_batched_heldout_medium.yaml,session_runner_existing_worker,same_run08_x4,4,0.050100911,0.050100911,0.003121447,0.048750932,0.000115601,2.575e-06,wrk_c551792715a8cbd6,191,plan_7209297490c788dd,True,False,,session_runner_existing_worker,0.050100911,/home/ubuntu/quantum-workload-architecture/artifacts/session_runner/ovh_session_runner_prototype_v1/sessions/session_runner_existing_worker/same_run08_x4/repeat_4/requests/same_run08_x4_r4_04_run08.execution.json
same_run08_x8_r4_01_run08,/home/ubuntu/quantum-workload-architecture/workloads/manifests/imported/ovh_v2/08_parity_iqp_batched_heldout_medium.yaml,session_runner_existing_worker,same_run08_x8,4,0.093716502,0.093716502,0.004251287,0.092020294,0.000274406,3.257e-06,wrk_c551792715a8cbd6,192,plan_7209297490c788dd,True,False,,session_runner_existing_worker,0.093716502,/home/ubuntu/quantum-workload-architecture/artifacts/session_runner/ovh_session_runner_prototype_v1/sessions/session_runner_existing_worker/same_run08_x8/repeat_4/requests/same_run08_x8_r4_01_run08.execution.json
same_run08_x8_r4_02_run08,/home/ubuntu/quantum-workload-architecture/workloads/manifests/imported/ovh_v2/08_parity_iqp_batched_heldout_medium.yaml,session_runner_existing_worker,same_run08_x8,4,0.052438206,0.052438206,0.003313214,0.050964114,0.000117251,2.711e-06,wrk_c551792715a8cbd6,193,plan_7209297490c788dd,True,False,,session_runner_existing_worker,0.052438206,/home/ubuntu/quantum-workload-architecture/artifacts/session_runner/ovh_session_runner_prototype_v1/sessions/session_runner_existing_worker/same_run08_x8/repeat_4/requests/same_run08_x8_r4_02_run08.execution.json
same_run08_x8_r4_03_run08,/home/ubuntu/quantum-workload-architecture/workloads/manifests/imported/ovh_v2/08_parity_iqp_batched_heldout_medium.yaml,session_runner_existing_worker,same_run08_x8,4,0.050834242,0.050834242,0.003276905,0.049445538,0.000103915,2.407e-06,wrk_c551792715a8cbd6,194,plan_7209297490c788dd,True,False,,session_runner_existing_worker,0.050834242,/home/ubuntu/quantum-workload-architecture/artifacts/session_runner/ovh_session_runner_prototype_v1/sessions/session_runner_existing_worker/same_run08_x8/repeat_4/requests/same_run08_x8_r4_03_run08.execution.json
same_run08_x8_r4_04_run08,/home/ubuntu/quantum-workload-architecture/workloads/manifests/imported/ovh_v2/08_parity_iqp_batched_heldout_medium.yaml,session_runner_existing_worker,same_run08_x8,4,0.052621652,0.052621652,0.003315523,0.05113897,0.000105393,2.588e-06,wrk_c551792715a8cbd6,195,plan_7209297490c788dd,True,False,,session_runner_existing_worker,0.052621652,/home/ubuntu/quantum-workload-architecture/artifacts/session_runner/ovh_session_runner_prototype_v1/sessions/session_runner_existing_worker/same_run08_x8/repeat_4/requests/same_run08_x8_r4_04_run08.execution.json
same_run08_x8_r4_05_run08,/home/ubuntu/quantum-workload-architecture/workloads/manifests/imported/ovh_v2/08_parity_iqp_batched_heldout_medium.yaml,session_runner_existing_worker,same_run08_x8,4,0.050707174,0.050707174,0.003140231,0.04940128,0.000102786,2.44e-06,wrk_c551792715a8cbd6,196,plan_7209297490c788dd,True,False,,session_runner_existing_worker,0.050707174,/home/ubuntu/quantum-workload-architecture/artifacts/session_runner/ovh_session_runner_prototype_v1/sessions/session_runner_existing_worker/same_run08_x8/repeat_4/requests/same_run08_x8_r4_05_run08.execution.json
same_run08_x8_r4_06_run08,/home/ubuntu/quantum-workload-architecture/workloads/manifests/imported/ovh_v2/08_parity_iqp_batched_heldout_medium.yaml,session_runner_existing_worker,same_run08_x8,4,0.050777334,0.050777334,0.003227972,0.049354791,0.000105197,3.194e-06,wrk_c551792715a8cbd6,197,plan_7209297490c788dd,True,False,,session_runner_existing_worker,0.050777334,/home/ubuntu/quantum-workload-architecture/artifacts/session_runner/ovh_session_runner_prototype_v1/sessions/session_runner_existing_worker/same_run08_x8/repeat_4/requests/same_run08_x8_r4_06_run08.execution.json
same_run08_x8_r4_07_run08,/home/ubuntu/quantum-workload-architecture/workloads/manifests/imported/ovh_v2/08_parity_iqp_batched_heldout_medium.yaml,session_runner_existing_worker,same_run08_x8,4,0.050763212,0.050763212,0.003287887,0.049341586,0.00011146,2.659e-06,wrk_c551792715a8cbd6,198,plan_7209297490c788dd,True,False,,session_runner_existing_worker,0.050763212,/home/ubuntu/quantum-workload-architecture/artifacts/session_runner/ovh_session_runner_prototype_v1/sessions/session_runner_existing_worker/same_run08_x8/repeat_4/requests/same_run08_x8_r4_07_run08.execution.json
same_run08_x8_r4_08_run08,/home/ubuntu/quantum-workload-architecture/workloads/manifests/imported/ovh_v2/08_parity_iqp_batched_heldout_medium.yaml,session_runner_existing_worker,same_run08_x8,4,0.050334078,0.050334078,0.003247099,0.048986882,0.000106605,2.529e-06,wrk_c551792715a8cbd6,199,plan_7209297490c788dd,True,False,,session_runner_existing_worker,0.050334078,/home/ubuntu/quantum-workload-architecture/artifacts/session_runner/ovh_session_runner_prototype_v1/sessions/session_runner_existing_worker/same_run08_x8/repeat_4/requests/same_run08_x8_r4_08_run08.execution.json
mixed_trio_x6_r4_01_run01,/home/ubuntu/quantum-workload-architecture/workloads/manifests/imported/ovh_v2/01_real_dense_ring6_amplitude.yaml,session_runner_existing_worker,mixed_trio_x6,4,0.094076773,0.094076773,0.004234149,0.092471403,0.000293873,2.715e-06,wrk_c551792715a8cbd6,200,plan_9681ead327789de4,True,False,,session_runner_existing_worker,0.094076773,/home/ubuntu/quantum-workload-architecture/artifacts/session_runner/ovh_session_runner_prototype_v1/sessions/session_runner_existing_worker/mixed_trio_x6/repeat_4/requests/mixed_trio_x6_r4_01_run01.execution.json
mixed_trio_x6_r4_02_run06,/home/ubuntu/quantum-workload-architecture/workloads/manifests/imported/ovh_v2/06_star_graph_phase_amplitude_heldout_low.yaml,session_runner_existing_worker,mixed_trio_x6,4,0.05678986,0.05678986,0.00338162,0.055379157,0.000111974,2.983e-06,wrk_c551792715a8cbd6,201,plan_1e9bb43cfe444bbb,True,False,,session_runner_existing_worker,0.05678986,/home/ubuntu/quantum-workload-architecture/artifacts/session_runner/ovh_session_runner_prototype_v1/sessions/session_runner_existing_worker/mixed_trio_x6/repeat_4/requests/mixed_trio_x6_r4_02_run06.execution.json
mixed_trio_x6_r4_03_run08,/home/ubuntu/quantum-workload-architecture/workloads/manifests/imported/ovh_v2/08_parity_iqp_batched_heldout_medium.yaml,session_runner_existing_worker,mixed_trio_x6,4,0.050774567,0.050774567,0.003345348,0.04928019,0.00011625,2.611e-06,wrk_c551792715a8cbd6,202,plan_7209297490c788dd,True,False,,session_runner_existing_worker,0.050774567,/home/ubuntu/quantum-workload-architecture/artifacts/session_runner/ovh_session_runner_prototype_v1/sessions/session_runner_existing_worker/mixed_trio_x6/repeat_4/requests/mixed_trio_x6_r4_03_run08.execution.json
mixed_trio_x6_r4_04_run01,/home/ubuntu/quantum-workload-architecture/workloads/manifests/imported/ovh_v2/01_real_dense_ring6_amplitude.yaml,session_runner_existing_worker,mixed_trio_x6,4,0.05206075,0.05206075,0.003129922,0.050857496,0.000107672,2.752e-06,wrk_c551792715a8cbd6,203,plan_9681ead327789de4,True,False,,session_runner_existing_worker,0.05206075,/home/ubuntu/quantum-workload-architecture/artifacts/session_runner/ovh_session_runner_prototype_v1/sessions/session_runner_existing_worker/mixed_trio_x6/repeat_4/requests/mixed_trio_x6_r4_04_run01.execution.json
mixed_trio_x6_r4_05_run06,/home/ubuntu/quantum-workload-architecture/workloads/manifests/imported/ovh_v2/06_star_graph_phase_amplitude_heldout_low.yaml,session_runner_existing_worker,mixed_trio_x6,4,0.056010342,0.056010342,0.003021455,0.054929154,0.0001025,2.325e-06,wrk_c551792715a8cbd6,204,plan_1e9bb43cfe444bbb,True,False,,session_runner_existing_worker,0.056010342,/home/ubuntu/quantum-workload-architecture/artifacts/session_runner/ovh_session_runner_prototype_v1/sessions/session_runner_existing_worker/mixed_trio_x6/repeat_4/requests/mixed_trio_x6_r4_05_run06.execution.json
mixed_trio_x6_r4_06_run08,/home/ubuntu/quantum-workload-architecture/workloads/manifests/imported/ovh_v2/08_parity_iqp_batched_heldout_medium.yaml,session_runner_existing_worker,mixed_trio_x6,4,0.0506795,0.0506795,0.003233277,0.049256969,0.000107731,2.668e-06,wrk_c551792715a8cbd6,205,plan_7209297490c788dd,True,False,,session_runner_existing_worker,0.0506795,/home/ubuntu/quantum-workload-architecture/artifacts/session_runner/ovh_session_runner_prototype_v1/sessions/session_runner_existing_worker/mixed_trio_x6/repeat_4/requests/mixed_trio_x6_r4_06_run08.execution.json
same_run01_x1_r5_01_run01,/home/ubuntu/quantum-workload-architecture/workloads/manifests/imported/ovh_v2/01_real_dense_ring6_amplitude.yaml,session_runner_existing_worker,same_run01_x1,5,0.093116059,0.093116059,0.004404104,0.091237226,0.000307595,2.632e-06,wrk_c551792715a8cbd6,206,plan_9681ead327789de4,True,False,,session_runner_existing_worker,0.093116059,/home/ubuntu/quantum-workload-architecture/artifacts/session_runner/ovh_session_runner_prototype_v1/sessions/session_runner_existing_worker/same_run01_x1/repeat_5/requests/same_run01_x1_r5_01_run01.execution.json
same_run01_x2_r5_01_run01,/home/ubuntu/quantum-workload-architecture/workloads/manifests/imported/ovh_v2/01_real_dense_ring6_amplitude.yaml,session_runner_existing_worker,same_run01_x2,5,0.086690918,0.086690918,0.004287549,0.084886053,0.000270376,2.446e-06,wrk_c551792715a8cbd6,207,plan_9681ead327789de4,True,False,,session_runner_existing_worker,0.086690918,/home/ubuntu/quantum-workload-architecture/artifacts/session_runner/ovh_session_runner_prototype_v1/sessions/session_runner_existing_worker/same_run01_x2/repeat_5/requests/same_run01_x2_r5_01_run01.execution.json
same_run01_x2_r5_02_run01,/home/ubuntu/quantum-workload-architecture/workloads/manifests/imported/ovh_v2/01_real_dense_ring6_amplitude.yaml,session_runner_existing_worker,same_run01_x2,5,0.052286656,0.052286656,0.003296687,0.050846405,0.000122528,2.343e-06,wrk_c551792715a8cbd6,208,plan_9681ead327789de4,True,False,,session_runner_existing_worker,0.052286656,/home/ubuntu/quantum-workload-architecture/artifacts/session_runner/ovh_session_runner_prototype_v1/sessions/session_runner_existing_worker/same_run01_x2/repeat_5/requests/same_run01_x2_r5_02_run01.execution.json
same_run01_x4_r5_01_run01,/home/ubuntu/quantum-workload-architecture/workloads/manifests/imported/ovh_v2/01_real_dense_ring6_amplitude.yaml,session_runner_existing_worker,same_run01_x4,5,0.072167953,0.072167953,0.004039227,0.070459844,0.000282467,2.396e-06,wrk_c551792715a8cbd6,209,plan_9681ead327789de4,True,False,,session_runner_existing_worker,0.072167953,/home/ubuntu/quantum-workload-architecture/artifacts/session_runner/ovh_session_runner_prototype_v1/sessions/session_runner_existing_worker/same_run01_x4/repeat_5/requests/same_run01_x4_r5_01_run01.execution.json
same_run01_x4_r5_02_run01,/home/ubuntu/quantum-workload-architecture/workloads/manifests/imported/ovh_v2/01_real_dense_ring6_amplitude.yaml,session_runner_existing_worker,same_run01_x4,5,0.052242112,0.052242112,0.002791228,0.051345855,0.00010193,2.514e-06,wrk_c551792715a8cbd6,210,plan_9681ead327789de4,True,False,,session_runner_existing_worker,0.052242112,/home/ubuntu/quantum-workload-architecture/artifacts/session_runner/ovh_session_runner_prototype_v1/sessions/session_runner_existing_worker/same_run01_x4/repeat_5/requests/same_run01_x4_r5_02_run01.execution.json
same_run01_x4_r5_03_run01,/home/ubuntu/quantum-workload-architecture/workloads/manifests/imported/ovh_v2/01_real_dense_ring6_amplitude.yaml,session_runner_existing_worker,same_run01_x4,5,0.051820572,0.051820572,0.002686742,0.050980291,0.000100154,2.609e-06,wrk_c551792715a8cbd6,211,plan_9681ead327789de4,True,False,,session_runner_existing_worker,0.051820572,/home/ubuntu/quantum-workload-architecture/artifacts/session_runner/ovh_session_runner_prototype_v1/sessions/session_runner_existing_worker/same_run01_x4/repeat_5/requests/same_run01_x4_r5_03_run01.execution.json
same_run01_x4_r5_04_run01,/home/ubuntu/quantum-workload-architecture/workloads/manifests/imported/ovh_v2/01_real_dense_ring6_amplitude.yaml,session_runner_existing_worker,same_run01_x4,5,0.051445767,0.051445767,0.002687742,0.050591278,9.9245e-05,2.325e-06,wrk_c551792715a8cbd6,212,plan_9681ead327789de4,True,False,,session_runner_existing_worker,0.051445767,/home/ubuntu/quantum-workload-architecture/artifacts/session_runner/ovh_session_runner_prototype_v1/sessions/session_runner_existing_worker/same_run01_x4/repeat_5/requests/same_run01_x4_r5_04_run01.execution.json
same_run01_x8_r5_01_run01,/home/ubuntu/quantum-workload-architecture/workloads/manifests/imported/ovh_v2/01_real_dense_ring6_amplitude.yaml,session_runner_existing_worker,same_run01_x8,5,0.095815945,0.095815945,0.004211171,0.094249621,0.000265748,3.271e-06,wrk_c551792715a8cbd6,213,plan_9681ead327789de4,True,False,,session_runner_existing_worker,0.095815945,/home/ubuntu/quantum-workload-architecture/artifacts/session_runner/ovh_session_runner_prototype_v1/sessions/session_runner_existing_worker/same_run01_x8/repeat_5/requests/same_run01_x8_r5_01_run01.execution.json
same_run01_x8_r5_02_run01,/home/ubuntu/quantum-workload-architecture/workloads/manifests/imported/ovh_v2/01_real_dense_ring6_amplitude.yaml,session_runner_existing_worker,same_run01_x8,5,0.055655166,0.055655166,0.003371432,0.054184018,0.000108198,2.339e-06,wrk_c551792715a8cbd6,214,plan_9681ead327789de4,True,False,,session_runner_existing_worker,0.055655166,/home/ubuntu/quantum-workload-architecture/artifacts/session_runner/ovh_session_runner_prototype_v1/sessions/session_runner_existing_worker/same_run01_x8/repeat_5/requests/same_run01_x8_r5_02_run01.execution.json
same_run01_x8_r5_03_run01,/home/ubuntu/quantum-workload-architecture/workloads/manifests/imported/ovh_v2/01_real_dense_ring6_amplitude.yaml,session_runner_existing_worker,same_run01_x8,5,0.052499188,0.052499188,0.00323672,0.051187689,0.000101599,2.333e-06,wrk_c551792715a8cbd6,215,plan_9681ead327789de4,True,False,,session_runner_existing_worker,0.052499188,/home/ubuntu/quantum-workload-architecture/artifacts/session_runner/ovh_session_runner_prototype_v1/sessions/session_runner_existing_worker/same_run01_x8/repeat_5/requests/same_run01_x8_r5_03_run01.execution.json
same_run01_x8_r5_04_run01,/home/ubuntu/quantum-workload-architecture/workloads/manifests/imported/ovh_v2/01_real_dense_ring6_amplitude.yaml,session_runner_existing_worker,same_run01_x8,5,0.052631191,0.052631191,0.003344763,0.051157179,0.000105609,3.047e-06,wrk_c551792715a8cbd6,216,plan_9681ead327789de4,True,False,,session_runner_existing_worker,0.052631191,/home/ubuntu/quantum-workload-architecture/artifacts/session_runner/ovh_session_runner_prototype_v1/sessions/session_runner_existing_worker/same_run01_x8/repeat_5/requests/same_run01_x8_r5_04_run01.execution.json
same_run01_x8_r5_05_run01,/home/ubuntu/quantum-workload-architecture/workloads/manifests/imported/ovh_v2/01_real_dense_ring6_amplitude.yaml,session_runner_existing_worker,same_run01_x8,5,0.052467663,0.052467663,0.003359513,0.050975068,0.000104254,2.545e-06,wrk_c551792715a8cbd6,217,plan_9681ead327789de4,True,False,,session_runner_existing_worker,0.052467663,/home/ubuntu/quantum-workload-architecture/artifacts/session_runner/ovh_session_runner_prototype_v1/sessions/session_runner_existing_worker/same_run01_x8/repeat_5/requests/same_run01_x8_r5_05_run01.execution.json
same_run01_x8_r5_06_run01,/home/ubuntu/quantum-workload-architecture/workloads/manifests/imported/ovh_v2/01_real_dense_ring6_amplitude.yaml,session_runner_existing_worker,same_run01_x8,5,0.052288139,0.052288139,0.00328413,0.050884447,0.000103241,2.427e-06,wrk_c551792715a8cbd6,218,plan_9681ead327789de4,True,False,,session_runner_existing_worker,0.052288139,/home/ubuntu/quantum-workload-architecture/artifacts/session_runner/ovh_session_runner_prototype_v1/sessions/session_runner_existing_worker/same_run01_x8/repeat_5/requests/same_run01_x8_r5_06_run01.execution.json
same_run01_x8_r5_07_run01,/home/ubuntu/quantum-workload-architecture/workloads/manifests/imported/ovh_v2/01_real_dense_ring6_amplitude.yaml,session_runner_existing_worker,same_run01_x8,5,0.052141111,0.052141111,0.003317993,0.05074955,0.000106732,2.942e-06,wrk_c551792715a8cbd6,219,plan_9681ead327789de4,True,False,,session_runner_existing_worker,0.052141111,/home/ubuntu/quantum-workload-architecture/artifacts/session_runner/ovh_session_runner_prototype_v1/sessions/session_runner_existing_worker/same_run01_x8/repeat_5/requests/same_run01_x8_r5_07_run01.execution.json
same_run01_x8_r5_08_run01,/home/ubuntu/quantum-workload-architecture/workloads/manifests/imported/ovh_v2/01_real_dense_ring6_amplitude.yaml,session_runner_existing_worker,same_run01_x8,5,0.051813896,0.051813896,0.003233954,0.05042946,0.000102898,2.706e-06,wrk_c551792715a8cbd6,220,plan_9681ead327789de4,True,False,,session_runner_existing_worker,0.051813896,/home/ubuntu/quantum-workload-architecture/artifacts/session_runner/ovh_session_runner_prototype_v1/sessions/session_runner_existing_worker/same_run01_x8/repeat_5/requests/same_run01_x8_r5_08_run01.execution.json
same_run06_x1_r5_01_run06,/home/ubuntu/quantum-workload-architecture/workloads/manifests/imported/ovh_v2/06_star_graph_phase_amplitude_heldout_low.yaml,session_runner_existing_worker,same_run06_x1,5,0.075924036,0.075924036,0.003903688,0.074300062,0.000197589,2.616e-06,wrk_c551792715a8cbd6,221,plan_1e9bb43cfe444bbb,True,False,,session_runner_existing_worker,0.075924036,/home/ubuntu/quantum-workload-architecture/artifacts/session_runner/ovh_session_runner_prototype_v1/sessions/session_runner_existing_worker/same_run06_x1/repeat_5/requests/same_run06_x1_r5_01_run06.execution.json
same_run06_x2_r5_01_run06,/home/ubuntu/quantum-workload-architecture/workloads/manifests/imported/ovh_v2/06_star_graph_phase_amplitude_heldout_low.yaml,session_runner_existing_worker,same_run06_x2,5,0.078659765,0.078659765,0.004193315,0.076946012,0.000265326,2.635e-06,wrk_c551792715a8cbd6,222,plan_1e9bb43cfe444bbb,True,False,,session_runner_existing_worker,0.078659765,/home/ubuntu/quantum-workload-architecture/artifacts/session_runner/ovh_session_runner_prototype_v1/sessions/session_runner_existing_worker/same_run06_x2/repeat_5/requests/same_run06_x2_r5_01_run06.execution.json
same_run06_x2_r5_02_run06,/home/ubuntu/quantum-workload-architecture/workloads/manifests/imported/ovh_v2/06_star_graph_phase_amplitude_heldout_low.yaml,session_runner_existing_worker,same_run06_x2,5,0.055765747,0.055765747,0.003359458,0.054354697,0.000105905,2.627e-06,wrk_c551792715a8cbd6,223,plan_1e9bb43cfe444bbb,True,False,,session_runner_existing_worker,0.055765747,/home/ubuntu/quantum-workload-architecture/artifacts/session_runner/ovh_session_runner_prototype_v1/sessions/session_runner_existing_worker/same_run06_x2/repeat_5/requests/same_run06_x2_r5_02_run06.execution.json
same_run06_x4_r5_01_run06,/home/ubuntu/quantum-workload-architecture/workloads/manifests/imported/ovh_v2/06_star_graph_phase_amplitude_heldout_low.yaml,session_runner_existing_worker,same_run06_x4,5,0.098886902,0.098886902,0.004447002,0.097011182,0.000281746,2.871e-06,wrk_c551792715a8cbd6,224,plan_1e9bb43cfe444bbb,True,False,,session_runner_existing_worker,0.098886902,/home/ubuntu/quantum-workload-architecture/artifacts/session_runner/ovh_session_runner_prototype_v1/sessions/session_runner_existing_worker/same_run06_x4/repeat_5/requests/same_run06_x4_r5_01_run06.execution.json
same_run06_x4_r5_02_run06,/home/ubuntu/quantum-workload-architecture/workloads/manifests/imported/ovh_v2/06_star_graph_phase_amplitude_heldout_low.yaml,session_runner_existing_worker,same_run06_x4,5,0.056042169,0.056042169,0.003385993,0.054621021,0.000106416,2.568e-06,wrk_c551792715a8cbd6,225,plan_1e9bb43cfe444bbb,True,False,,session_runner_existing_worker,0.056042169,/home/ubuntu/quantum-workload-architecture/artifacts/session_runner/ovh_session_runner_prototype_v1/sessions/session_runner_existing_worker/same_run06_x4/repeat_5/requests/same_run06_x4_r5_02_run06.execution.json
same_run06_x4_r5_03_run06,/home/ubuntu/quantum-workload-architecture/workloads/manifests/imported/ovh_v2/06_star_graph_phase_amplitude_heldout_low.yaml,session_runner_existing_worker,same_run06_x4,5,0.056697826,0.056697826,0.003473611,0.055240091,0.000122733,2.22e-06,wrk_c551792715a8cbd6,226,plan_1e9bb43cfe444bbb,True,False,,session_runner_existing_worker,0.056697826,/home/ubuntu/quantum-workload-architecture/artifacts/session_runner/ovh_session_runner_prototype_v1/sessions/session_runner_existing_worker/same_run06_x4/repeat_5/requests/same_run06_x4_r5_03_run06.execution.json
same_run06_x4_r5_04_run06,/home/ubuntu/quantum-workload-architecture/workloads/manifests/imported/ovh_v2/06_star_graph_phase_amplitude_heldout_low.yaml,session_runner_existing_worker,same_run06_x4,5,0.055800699,0.055800699,0.003393823,0.054387995,0.000108093,2.474e-06,wrk_c551792715a8cbd6,227,plan_1e9bb43cfe444bbb,True,False,,session_runner_existing_worker,0.055800699,/home/ubuntu/quantum-workload-architecture/artifacts/session_runner/ovh_session_runner_prototype_v1/sessions/session_runner_existing_worker/same_run06_x4/repeat_5/requests/same_run06_x4_r5_04_run06.execution.json
same_run06_x8_r5_01_run06,/home/ubuntu/quantum-workload-architecture/workloads/manifests/imported/ovh_v2/06_star_graph_phase_amplitude_heldout_low.yaml,session_runner_existing_worker,same_run06_x8,5,0.061671591,0.061671591,0.003477637,0.060387,0.000190355,2.608e-06,wrk_c551792715a8cbd6,228,plan_1e9bb43cfe444bbb,True,False,,session_runner_existing_worker,0.061671591,/home/ubuntu/quantum-workload-architecture/artifacts/session_runner/ovh_session_runner_prototype_v1/sessions/session_runner_existing_worker/same_run06_x8/repeat_5/requests/same_run06_x8_r5_01_run06.execution.json
same_run06_x8_r5_02_run06,/home/ubuntu/quantum-workload-architecture/workloads/manifests/imported/ovh_v2/06_star_graph_phase_amplitude_heldout_low.yaml,session_runner_existing_worker,same_run06_x8,5,0.056314949,0.056314949,0.002772358,0.055432536,0.000101773,2.684e-06,wrk_c551792715a8cbd6,229,plan_1e9bb43cfe444bbb,True,False,,session_runner_existing_worker,0.056314949,/home/ubuntu/quantum-workload-architecture/artifacts/session_runner/ovh_session_runner_prototype_v1/sessions/session_runner_existing_worker/same_run06_x8/repeat_5/requests/same_run06_x8_r5_02_run06.execution.json
same_run06_x8_r5_03_run06,/home/ubuntu/quantum-workload-architecture/workloads/manifests/imported/ovh_v2/06_star_graph_phase_amplitude_heldout_low.yaml,session_runner_existing_worker,same_run06_x8,5,0.055171155,0.055171155,0.003178572,0.053909638,0.000103474,2.378e-06,wrk_c551792715a8cbd6,230,plan_1e9bb43cfe444bbb,True,False,,session_runner_existing_worker,0.055171155,/home/ubuntu/quantum-workload-architecture/artifacts/session_runner/ovh_session_runner_prototype_v1/sessions/session_runner_existing_worker/same_run06_x8/repeat_5/requests/same_run06_x8_r5_03_run06.execution.json
same_run06_x8_r5_04_run06,/home/ubuntu/quantum-workload-architecture/workloads/manifests/imported/ovh_v2/06_star_graph_phase_amplitude_heldout_low.yaml,session_runner_existing_worker,same_run06_x8,5,0.055855907,0.055855907,0.003410394,0.054430932,0.000118375,2.703e-06,wrk_c551792715a8cbd6,231,plan_1e9bb43cfe444bbb,True,False,,session_runner_existing_worker,0.055855907,/home/ubuntu/quantum-workload-architecture/artifacts/session_runner/ovh_session_runner_prototype_v1/sessions/session_runner_existing_worker/same_run06_x8/repeat_5/requests/same_run06_x8_r5_04_run06.execution.json
same_run06_x8_r5_05_run06,/home/ubuntu/quantum-workload-architecture/workloads/manifests/imported/ovh_v2/06_star_graph_phase_amplitude_heldout_low.yaml,session_runner_existing_worker,same_run06_x8,5,0.057084168,0.057084168,0.003367022,0.055681686,0.000118705,3.408e-06,wrk_c551792715a8cbd6,232,plan_1e9bb43cfe444bbb,True,False,,session_runner_existing_worker,0.057084168,/home/ubuntu/quantum-workload-architecture/artifacts/session_runner/ovh_session_runner_prototype_v1/sessions/session_runner_existing_worker/same_run06_x8/repeat_5/requests/same_run06_x8_r5_05_run06.execution.json
same_run06_x8_r5_06_run06,/home/ubuntu/quantum-workload-architecture/workloads/manifests/imported/ovh_v2/06_star_graph_phase_amplitude_heldout_low.yaml,session_runner_existing_worker,same_run06_x8,5,0.055597521,0.055597521,0.003294254,0.054206595,0.000107076,2.623e-06,wrk_c551792715a8cbd6,233,plan_1e9bb43cfe444bbb,True,False,,session_runner_existing_worker,0.055597521,/home/ubuntu/quantum-workload-architecture/artifacts/session_runner/ovh_session_runner_prototype_v1/sessions/session_runner_existing_worker/same_run06_x8/repeat_5/requests/same_run06_x8_r5_06_run06.execution.json
same_run06_x8_r5_07_run06,/home/ubuntu/quantum-workload-architecture/workloads/manifests/imported/ovh_v2/06_star_graph_phase_amplitude_heldout_low.yaml,session_runner_existing_worker,same_run06_x8,5,0.055463507,0.055463507,0.003275221,0.054113667,0.000105411,2.289e-06,wrk_c551792715a8cbd6,234,plan_1e9bb43cfe444bbb,True,False,,session_runner_existing_worker,0.055463507,/home/ubuntu/quantum-workload-architecture/artifacts/session_runner/ovh_session_runner_prototype_v1/sessions/session_runner_existing_worker/same_run06_x8/repeat_5/requests/same_run06_x8_r5_07_run06.execution.json
same_run06_x8_r5_08_run06,/home/ubuntu/quantum-workload-architecture/workloads/manifests/imported/ovh_v2/06_star_graph_phase_amplitude_heldout_low.yaml,session_runner_existing_worker,same_run06_x8,5,0.05595327,0.05595327,0.003420257,0.054560811,0.000114969,2.638e-06,wrk_c551792715a8cbd6,235,plan_1e9bb43cfe444bbb,True,False,,session_runner_existing_worker,0.05595327,/home/ubuntu/quantum-workload-architecture/artifacts/session_runner/ovh_session_runner_prototype_v1/sessions/session_runner_existing_worker/same_run06_x8/repeat_5/requests/same_run06_x8_r5_08_run06.execution.json
same_run08_x1_r5_01_run08,/home/ubuntu/quantum-workload-architecture/workloads/manifests/imported/ovh_v2/08_parity_iqp_batched_heldout_medium.yaml,session_runner_existing_worker,same_run08_x1,5,0.083008659,0.083008659,0.003933597,0.081356053,0.000241979,2.843e-06,wrk_c551792715a8cbd6,236,plan_7209297490c788dd,True,False,,session_runner_existing_worker,0.083008659,/home/ubuntu/quantum-workload-architecture/artifacts/session_runner/ovh_session_runner_prototype_v1/sessions/session_runner_existing_worker/same_run08_x1/repeat_5/requests/same_run08_x1_r5_01_run08.execution.json
same_run08_x2_r5_01_run08,/home/ubuntu/quantum-workload-architecture/workloads/manifests/imported/ovh_v2/08_parity_iqp_batched_heldout_medium.yaml,session_runner_existing_worker,same_run08_x2,5,0.052901548,0.052901548,0.002881827,0.051890804,0.00011938,2.565e-06,wrk_c551792715a8cbd6,237,plan_7209297490c788dd,True,False,,session_runner_existing_worker,0.052901548,/home/ubuntu/quantum-workload-architecture/artifacts/session_runner/ovh_session_runner_prototype_v1/sessions/session_runner_existing_worker/same_run08_x2/repeat_5/requests/same_run08_x2_r5_01_run08.execution.json
same_run08_x2_r5_02_run08,/home/ubuntu/quantum-workload-architecture/workloads/manifests/imported/ovh_v2/08_parity_iqp_batched_heldout_medium.yaml,session_runner_existing_worker,same_run08_x2,5,0.051252774,0.051252774,0.003105632,0.050018163,0.000126751,2.583e-06,wrk_c551792715a8cbd6,238,plan_7209297490c788dd,True,False,,session_runner_existing_worker,0.051252774,/home/ubuntu/quantum-workload-architecture/artifacts/session_runner/ovh_session_runner_prototype_v1/sessions/session_runner_existing_worker/same_run08_x2/repeat_5/requests/same_run08_x2_r5_02_run08.execution.json
same_run08_x4_r5_01_run08,/home/ubuntu/quantum-workload-architecture/workloads/manifests/imported/ovh_v2/08_parity_iqp_batched_heldout_medium.yaml,session_runner_existing_worker,same_run08_x4,5,0.095454083,0.095454083,0.004262266,0.093898178,0.000283876,2.909e-06,wrk_c551792715a8cbd6,239,plan_7209297490c788dd,True,False,,session_runner_existing_worker,0.095454083,/home/ubuntu/quantum-workload-architecture/artifacts/session_runner/ovh_session_runner_prototype_v1/sessions/session_runner_existing_worker/same_run08_x4/repeat_5/requests/same_run08_x4_r5_01_run08.execution.json
same_run08_x4_r5_02_run08,/home/ubuntu/quantum-workload-architecture/workloads/manifests/imported/ovh_v2/08_parity_iqp_batched_heldout_medium.yaml,session_runner_existing_worker,same_run08_x4,5,0.055748924,0.055748924,0.003380133,0.054292783,0.000114838,2.731e-06,wrk_c551792715a8cbd6,240,plan_7209297490c788dd,True,False,,session_runner_existing_worker,0.055748924,/home/ubuntu/quantum-workload-architecture/artifacts/session_runner/ovh_session_runner_prototype_v1/sessions/session_runner_existing_worker/same_run08_x4/repeat_5/requests/same_run08_x4_r5_02_run08.execution.json
same_run08_x4_r5_03_run08,/home/ubuntu/quantum-workload-architecture/workloads/manifests/imported/ovh_v2/08_parity_iqp_batched_heldout_medium.yaml,session_runner_existing_worker,same_run08_x4,5,0.051313405,0.051313405,0.003383931,0.049848077,0.000108857,2.528e-06,wrk_c551792715a8cbd6,241,plan_7209297490c788dd,True,False,,session_runner_existing_worker,0.051313405,/home/ubuntu/quantum-workload-architecture/artifacts/session_runner/ovh_session_runner_prototype_v1/sessions/session_runner_existing_worker/same_run08_x4/repeat_5/requests/same_run08_x4_r5_03_run08.execution.json
same_run08_x4_r5_04_run08,/home/ubuntu/quantum-workload-architecture/workloads/manifests/imported/ovh_v2/08_parity_iqp_batched_heldout_medium.yaml,session_runner_existing_worker,same_run08_x4,5,0.051380179,0.051380179,0.003619517,0.049665398,0.000120883,2.547e-06,wrk_c551792715a8cbd6,242,plan_7209297490c788dd,True,False,,session_runner_existing_worker,0.051380179,/home/ubuntu/quantum-workload-architecture/artifacts/session_runner/ovh_session_runner_prototype_v1/sessions/session_runner_existing_worker/same_run08_x4/repeat_5/requests/same_run08_x4_r5_04_run08.execution.json
same_run08_x8_r5_01_run08,/home/ubuntu/quantum-workload-architecture/workloads/manifests/imported/ovh_v2/08_parity_iqp_batched_heldout_medium.yaml,session_runner_existing_worker,same_run08_x8,5,0.093466147,0.093466147,0.004326511,0.091796712,0.000278931,3.054e-06,wrk_c551792715a8cbd6,243,plan_7209297490c788dd,True,False,,session_runner_existing_worker,0.093466147,/home/ubuntu/quantum-workload-architecture/artifacts/session_runner/ovh_session_runner_prototype_v1/sessions/session_runner_existing_worker/same_run08_x8/repeat_5/requests/same_run08_x8_r5_01_run08.execution.json
same_run08_x8_r5_02_run08,/home/ubuntu/quantum-workload-architecture/workloads/manifests/imported/ovh_v2/08_parity_iqp_batched_heldout_medium.yaml,session_runner_existing_worker,same_run08_x8,5,0.053032264,0.053032264,0.003289175,0.051634846,0.000117774,2.509e-06,wrk_c551792715a8cbd6,244,plan_7209297490c788dd,True,False,,session_runner_existing_worker,0.053032264,/home/ubuntu/quantum-workload-architecture/artifacts/session_runner/ovh_session_runner_prototype_v1/sessions/session_runner_existing_worker/same_run08_x8/repeat_5/requests/same_run08_x8_r5_02_run08.execution.json
same_run08_x8_r5_03_run08,/home/ubuntu/quantum-workload-architecture/workloads/manifests/imported/ovh_v2/08_parity_iqp_batched_heldout_medium.yaml,session_runner_existing_worker,same_run08_x8,5,0.051491899,0.051491899,0.003230208,0.050201145,0.000111406,2.762e-06,wrk_c551792715a8cbd6,245,plan_7209297490c788dd,True,False,,session_runner_existing_worker,0.051491899,/home/ubuntu/quantum-workload-architecture/artifacts/session_runner/ovh_session_runner_prototype_v1/sessions/session_runner_existing_worker/same_run08_x8/repeat_5/requests/same_run08_x8_r5_03_run08.execution.json
same_run08_x8_r5_04_run08,/home/ubuntu/quantum-workload-architecture/workloads/manifests/imported/ovh_v2/08_parity_iqp_batched_heldout_medium.yaml,session_runner_existing_worker,same_run08_x8,5,0.051120219,0.051120219,0.003398769,0.049700229,0.000108805,3.055e-06,wrk_c551792715a8cbd6,246,plan_7209297490c788dd,True,False,,session_runner_existing_worker,0.051120219,/home/ubuntu/quantum-workload-architecture/artifacts/session_runner/ovh_session_runner_prototype_v1/sessions/session_runner_existing_worker/same_run08_x8/repeat_5/requests/same_run08_x8_r5_04_run08.execution.json
same_run08_x8_r5_05_run08,/home/ubuntu/quantum-workload-architecture/workloads/manifests/imported/ovh_v2/08_parity_iqp_batched_heldout_medium.yaml,session_runner_existing_worker,same_run08_x8,5,0.051544634,0.051544634,0.003314158,0.05012212,0.000110929,2.484e-06,wrk_c551792715a8cbd6,247,plan_7209297490c788dd,True,False,,session_runner_existing_worker,0.051544634,/home/ubuntu/quantum-workload-architecture/artifacts/session_runner/ovh_session_runner_prototype_v1/sessions/session_runner_existing_worker/same_run08_x8/repeat_5/requests/same_run08_x8_r5_05_run08.execution.json
same_run08_x8_r5_06_run08,/home/ubuntu/quantum-workload-architecture/workloads/manifests/imported/ovh_v2/08_parity_iqp_batched_heldout_medium.yaml,session_runner_existing_worker,same_run08_x8,5,0.051280869,0.051280869,0.003298511,0.049917822,0.00010858,2.591e-06,wrk_c551792715a8cbd6,248,plan_7209297490c788dd,True,False,,session_runner_existing_worker,0.051280869,/home/ubuntu/quantum-workload-architecture/artifacts/session_runner/ovh_session_runner_prototype_v1/sessions/session_runner_existing_worker/same_run08_x8/repeat_5/requests/same_run08_x8_r5_06_run08.execution.json
same_run08_x8_r5_07_run08,/home/ubuntu/quantum-workload-architecture/workloads/manifests/imported/ovh_v2/08_parity_iqp_batched_heldout_medium.yaml,session_runner_existing_worker,same_run08_x8,5,0.0594715,0.0594715,0.004640698,0.057838213,0.000111019,2.615e-06,wrk_c551792715a8cbd6,249,plan_7209297490c788dd,True,False,,session_runner_existing_worker,0.0594715,/home/ubuntu/quantum-workload-architecture/artifacts/session_runner/ovh_session_runner_prototype_v1/sessions/session_runner_existing_worker/same_run08_x8/repeat_5/requests/same_run08_x8_r5_07_run08.execution.json
same_run08_x8_r5_08_run08,/home/ubuntu/quantum-workload-architecture/workloads/manifests/imported/ovh_v2/08_parity_iqp_batched_heldout_medium.yaml,session_runner_existing_worker,same_run08_x8,5,0.052949255,0.052949255,0.003701659,0.051475404,0.000144671,2.838e-06,wrk_c551792715a8cbd6,250,plan_7209297490c788dd,True,False,,session_runner_existing_worker,0.052949255,/home/ubuntu/quantum-workload-architecture/artifacts/session_runner/ovh_session_runner_prototype_v1/sessions/session_runner_existing_worker/same_run08_x8/repeat_5/requests/same_run08_x8_r5_08_run08.execution.json
mixed_trio_x6_r5_01_run01,/home/ubuntu/quantum-workload-architecture/workloads/manifests/imported/ovh_v2/01_real_dense_ring6_amplitude.yaml,session_runner_existing_worker,mixed_trio_x6,5,0.093828261,0.093828261,0.004240682,0.092196581,0.00028047,2.522e-06,wrk_c551792715a8cbd6,251,plan_9681ead327789de4,True,False,,session_runner_existing_worker,0.093828261,/home/ubuntu/quantum-workload-architecture/artifacts/session_runner/ovh_session_runner_prototype_v1/sessions/session_runner_existing_worker/mixed_trio_x6/repeat_5/requests/mixed_trio_x6_r5_01_run01.execution.json
mixed_trio_x6_r5_02_run06,/home/ubuntu/quantum-workload-architecture/workloads/manifests/imported/ovh_v2/06_star_graph_phase_amplitude_heldout_low.yaml,session_runner_existing_worker,mixed_trio_x6,5,0.056482086,0.056482086,0.003400487,0.055095321,0.000122446,2.946e-06,wrk_c551792715a8cbd6,252,plan_1e9bb43cfe444bbb,True,False,,session_runner_existing_worker,0.056482086,/home/ubuntu/quantum-workload-architecture/artifacts/session_runner/ovh_session_runner_prototype_v1/sessions/session_runner_existing_worker/mixed_trio_x6/repeat_5/requests/mixed_trio_x6_r5_02_run06.execution.json
mixed_trio_x6_r5_03_run08,/home/ubuntu/quantum-workload-architecture/workloads/manifests/imported/ovh_v2/08_parity_iqp_batched_heldout_medium.yaml,session_runner_existing_worker,mixed_trio_x6,5,0.053035278,0.053035278,0.003322293,0.051590568,0.000126929,2.8e-06,wrk_c551792715a8cbd6,253,plan_7209297490c788dd,True,False,,session_runner_existing_worker,0.053035278,/home/ubuntu/quantum-workload-architecture/artifacts/session_runner/ovh_session_runner_prototype_v1/sessions/session_runner_existing_worker/mixed_trio_x6/repeat_5/requests/mixed_trio_x6_r5_03_run08.execution.json
mixed_trio_x6_r5_04_run01,/home/ubuntu/quantum-workload-architecture/workloads/manifests/imported/ovh_v2/01_real_dense_ring6_amplitude.yaml,session_runner_existing_worker,mixed_trio_x6,5,0.053797371,0.053797371,0.003352956,0.05240756,0.000108059,2.833e-06,wrk_c551792715a8cbd6,254,plan_9681ead327789de4,True,False,,session_runner_existing_worker,0.053797371,/home/ubuntu/quantum-workload-architecture/artifacts/session_runner/ovh_session_runner_prototype_v1/sessions/session_runner_existing_worker/mixed_trio_x6/repeat_5/requests/mixed_trio_x6_r5_04_run01.execution.json
mixed_trio_x6_r5_05_run06,/home/ubuntu/quantum-workload-architecture/workloads/manifests/imported/ovh_v2/06_star_graph_phase_amplitude_heldout_low.yaml,session_runner_existing_worker,mixed_trio_x6,5,0.056358168,0.056358168,0.003422099,0.054951617,0.000112017,2.633e-06,wrk_c551792715a8cbd6,255,plan_1e9bb43cfe444bbb,True,False,,session_runner_existing_worker,0.056358168,/home/ubuntu/quantum-workload-architecture/artifacts/session_runner/ovh_session_runner_prototype_v1/sessions/session_runner_existing_worker/mixed_trio_x6/repeat_5/requests/mixed_trio_x6_r5_05_run06.execution.json
mixed_trio_x6_r5_06_run08,/home/ubuntu/quantum-workload-architecture/workloads/manifests/imported/ovh_v2/08_parity_iqp_batched_heldout_medium.yaml,session_runner_existing_worker,mixed_trio_x6,5,0.050473905,0.050473905,0.003239735,0.049091213,0.000109967,2.486e-06,wrk_c551792715a8cbd6,256,plan_7209297490c788dd,True,False,,session_runner_existing_worker,0.050473905,/home/ubuntu/quantum-workload-architecture/artifacts/session_runner/ovh_session_runner_prototype_v1/sessions/session_runner_existing_worker/mixed_trio_x6/repeat_5/requests/mixed_trio_x6_r5_06_run08.execution.json
same_run01_x1_r1_01_run01,/home/ubuntu/quantum-workload-architecture/workloads/manifests/imported/ovh_v2/01_real_dense_ring6_amplitude.yaml,session_runner_autospawn_temp_worker,same_run01_x1,1,0.197803924,0.197803924,0.003226082,0.196405956,0.000107141,2.741e-06,wrk_e583c53f43412b9d,1,plan_9681ead327789de4,True,False,,session_runner_autospawn_temp_worker,0.197803924,/home/ubuntu/quantum-workload-architecture/artifacts/session_runner/ovh_session_runner_prototype_v1/sessions/session_runner_autospawn_temp_worker/same_run01_x1/repeat_1/requests/same_run01_x1_r1_01_run01.execution.json
same_run01_x2_r1_01_run01,/home/ubuntu/quantum-workload-architecture/workloads/manifests/imported/ovh_v2/01_real_dense_ring6_amplitude.yaml,session_runner_autospawn_temp_worker,same_run01_x2,1,0.196470649,0.196470649,0.003635997,0.194957525,0.000187945,2.776e-06,wrk_77bf0a02e1c2d545,1,plan_9681ead327789de4,True,False,,session_runner_autospawn_temp_worker,0.196470649,/home/ubuntu/quantum-workload-architecture/artifacts/session_runner/ovh_session_runner_prototype_v1/sessions/session_runner_autospawn_temp_worker/same_run01_x2/repeat_1/requests/same_run01_x2_r1_01_run01.execution.json
same_run01_x2_r1_02_run01,/home/ubuntu/quantum-workload-architecture/workloads/manifests/imported/ovh_v2/01_real_dense_ring6_amplitude.yaml,session_runner_autospawn_temp_worker,same_run01_x2,1,0.058127229,0.058127229,0.003352658,0.056736465,0.000106583,3.2e-06,wrk_77bf0a02e1c2d545,2,plan_9681ead327789de4,True,False,,session_runner_autospawn_temp_worker,0.058127229,/home/ubuntu/quantum-workload-architecture/artifacts/session_runner/ovh_session_runner_prototype_v1/sessions/session_runner_autospawn_temp_worker/same_run01_x2/repeat_1/requests/same_run01_x2_r1_02_run01.execution.json
same_run01_x4_r1_01_run01,/home/ubuntu/quantum-workload-architecture/workloads/manifests/imported/ovh_v2/01_real_dense_ring6_amplitude.yaml,session_runner_autospawn_temp_worker,same_run01_x4,1,0.15949609,0.15949609,0.003259332,0.158105898,0.000117464,2.669e-06,wrk_e40eb587669ea259,1,plan_9681ead327789de4,True,False,,session_runner_autospawn_temp_worker,0.15949609,/home/ubuntu/quantum-workload-architecture/artifacts/session_runner/ovh_session_runner_prototype_v1/sessions/session_runner_autospawn_temp_worker/same_run01_x4/repeat_1/requests/same_run01_x4_r1_01_run01.execution.json
same_run01_x4_r1_02_run01,/home/ubuntu/quantum-workload-architecture/workloads/manifests/imported/ovh_v2/01_real_dense_ring6_amplitude.yaml,session_runner_autospawn_temp_worker,same_run01_x4,1,0.047521258,0.047521258,0.003027865,0.046204312,9.1231e-05,3.086e-06,wrk_e40eb587669ea259,2,plan_9681ead327789de4,True,False,,session_runner_autospawn_temp_worker,0.047521258,/home/ubuntu/quantum-workload-architecture/artifacts/session_runner/ovh_session_runner_prototype_v1/sessions/session_runner_autospawn_temp_worker/same_run01_x4/repeat_1/requests/same_run01_x4_r1_02_run01.execution.json
same_run01_x4_r1_03_run01,/home/ubuntu/quantum-workload-architecture/workloads/manifests/imported/ovh_v2/01_real_dense_ring6_amplitude.yaml,session_runner_autospawn_temp_worker,same_run01_x4,1,0.043004385,0.043004385,0.003061201,0.041672802,8.6249e-05,2.54e-06,wrk_e40eb587669ea259,3,plan_9681ead327789de4,True,False,,session_runner_autospawn_temp_worker,0.043004385,/home/ubuntu/quantum-workload-architecture/artifacts/session_runner/ovh_session_runner_prototype_v1/sessions/session_runner_autospawn_temp_worker/same_run01_x4/repeat_1/requests/same_run01_x4_r1_03_run01.execution.json
same_run01_x4_r1_04_run01,/home/ubuntu/quantum-workload-architecture/workloads/manifests/imported/ovh_v2/01_real_dense_ring6_amplitude.yaml,session_runner_autospawn_temp_worker,same_run01_x4,1,0.043050042,0.043050042,0.002936399,0.041764104,9.3758e-05,2.58e-06,wrk_e40eb587669ea259,4,plan_9681ead327789de4,True,False,,session_runner_autospawn_temp_worker,0.043050042,/home/ubuntu/quantum-workload-architecture/artifacts/session_runner/ovh_session_runner_prototype_v1/sessions/session_runner_autospawn_temp_worker/same_run01_x4/repeat_1/requests/same_run01_x4_r1_04_run01.execution.json
same_run01_x8_r1_01_run01,/home/ubuntu/quantum-workload-architecture/workloads/manifests/imported/ovh_v2/01_real_dense_ring6_amplitude.yaml,session_runner_autospawn_temp_worker,same_run01_x8,1,0.159804905,0.159804905,0.003371442,0.158330962,0.000106572,3.64e-06,wrk_b542063100170634,1,plan_9681ead327789de4,True,False,,session_runner_autospawn_temp_worker,0.159804905,/home/ubuntu/quantum-workload-architecture/artifacts/session_runner/ovh_session_runner_prototype_v1/sessions/session_runner_autospawn_temp_worker/same_run01_x8/repeat_1/requests/same_run01_x8_r1_01_run01.execution.json
same_run01_x8_r1_02_run01,/home/ubuntu/quantum-workload-architecture/workloads/manifests/imported/ovh_v2/01_real_dense_ring6_amplitude.yaml,session_runner_autospawn_temp_worker,same_run01_x8,1,0.047734024,0.047734024,0.003105098,0.046344027,9.7837e-05,2.777e-06,wrk_b542063100170634,2,plan_9681ead327789de4,True,False,,session_runner_autospawn_temp_worker,0.047734024,/home/ubuntu/quantum-workload-architecture/artifacts/session_runner/ovh_session_runner_prototype_v1/sessions/session_runner_autospawn_temp_worker/same_run01_x8/repeat_1/requests/same_run01_x8_r1_02_run01.execution.json
same_run01_x8_r1_03_run01,/home/ubuntu/quantum-workload-architecture/workloads/manifests/imported/ovh_v2/01_real_dense_ring6_amplitude.yaml,session_runner_autospawn_temp_worker,same_run01_x8,1,0.042814317,0.042814317,0.002981988,0.041506109,8.4513e-05,2.177e-06,wrk_b542063100170634,3,plan_9681ead327789de4,True,False,,session_runner_autospawn_temp_worker,0.042814317,/home/ubuntu/quantum-workload-architecture/artifacts/session_runner/ovh_session_runner_prototype_v1/sessions/session_runner_autospawn_temp_worker/same_run01_x8/repeat_1/requests/same_run01_x8_r1_03_run01.execution.json
same_run01_x8_r1_04_run01,/home/ubuntu/quantum-workload-architecture/workloads/manifests/imported/ovh_v2/01_real_dense_ring6_amplitude.yaml,session_runner_autospawn_temp_worker,same_run01_x8,1,0.043383462,0.043383462,0.003069099,0.041985877,8.2543e-05,2.295e-06,wrk_b542063100170634,4,plan_9681ead327789de4,True,False,,session_runner_autospawn_temp_worker,0.043383462,/home/ubuntu/quantum-workload-architecture/artifacts/session_runner/ovh_session_runner_prototype_v1/sessions/session_runner_autospawn_temp_worker/same_run01_x8/repeat_1/requests/same_run01_x8_r1_04_run01.execution.json
same_run01_x8_r1_05_run01,/home/ubuntu/quantum-workload-architecture/workloads/manifests/imported/ovh_v2/01_real_dense_ring6_amplitude.yaml,session_runner_autospawn_temp_worker,same_run01_x8,1,0.043135863,0.043135863,0.003260469,0.041852175,8.1799e-05,2.21e-06,wrk_b542063100170634,5,plan_9681ead327789de4,True,False,,session_runner_autospawn_temp_worker,0.043135863,/home/ubuntu/quantum-workload-architecture/artifacts/session_runner/ovh_session_runner_prototype_v1/sessions/session_runner_autospawn_temp_worker/same_run01_x8/repeat_1/requests/same_run01_x8_r1_05_run01.execution.json
same_run01_x8_r1_06_run01,/home/ubuntu/quantum-workload-architecture/workloads/manifests/imported/ovh_v2/01_real_dense_ring6_amplitude.yaml,session_runner_autospawn_temp_worker,same_run01_x8,1,0.042882967,0.042882967,0.002963318,0.041619935,8.4186e-05,2.105e-06,wrk_b542063100170634,6,plan_9681ead327789de4,True,False,,session_runner_autospawn_temp_worker,0.042882967,/home/ubuntu/quantum-workload-architecture/artifacts/session_runner/ovh_session_runner_prototype_v1/sessions/session_runner_autospawn_temp_worker/same_run01_x8/repeat_1/requests/same_run01_x8_r1_06_run01.execution.json
same_run01_x8_r1_07_run01,/home/ubuntu/quantum-workload-architecture/workloads/manifests/imported/ovh_v2/01_real_dense_ring6_amplitude.yaml,session_runner_autospawn_temp_worker,same_run01_x8,1,0.043311632,0.043311632,0.00302512,0.041989204,8.6329e-05,2.086e-06,wrk_b542063100170634,7,plan_9681ead327789de4,True,False,,session_runner_autospawn_temp_worker,0.043311632,/home/ubuntu/quantum-workload-architecture/artifacts/session_runner/ovh_session_runner_prototype_v1/sessions/session_runner_autospawn_temp_worker/same_run01_x8/repeat_1/requests/same_run01_x8_r1_07_run01.execution.json
same_run01_x8_r1_08_run01,/home/ubuntu/quantum-workload-architecture/workloads/manifests/imported/ovh_v2/01_real_dense_ring6_amplitude.yaml,session_runner_autospawn_temp_worker,same_run01_x8,1,0.043018028,0.043018028,0.00303749,0.041764522,8.3293e-05,2.1078e-05,wrk_b542063100170634,8,plan_9681ead327789de4,True,False,,session_runner_autospawn_temp_worker,0.043018028,/home/ubuntu/quantum-workload-architecture/artifacts/session_runner/ovh_session_runner_prototype_v1/sessions/session_runner_autospawn_temp_worker/same_run01_x8/repeat_1/requests/same_run01_x8_r1_08_run01.execution.json
same_run06_x1_r1_01_run06,/home/ubuntu/quantum-workload-architecture/workloads/manifests/imported/ovh_v2/06_star_graph_phase_amplitude_heldout_low.yaml,session_runner_autospawn_temp_worker,same_run06_x1,1,0.204692246,0.204692246,0.003648087,0.20316897,0.000143404,3.172e-06,wrk_2515ecce139fe1a3,1,plan_1e9bb43cfe444bbb,True,False,,session_runner_autospawn_temp_worker,0.204692246,/home/ubuntu/quantum-workload-architecture/artifacts/session_runner/ovh_session_runner_prototype_v1/sessions/session_runner_autospawn_temp_worker/same_run06_x1/repeat_1/requests/same_run06_x1_r1_01_run06.execution.json
same_run06_x2_r1_01_run06,/home/ubuntu/quantum-workload-architecture/workloads/manifests/imported/ovh_v2/06_star_graph_phase_amplitude_heldout_low.yaml,session_runner_autospawn_temp_worker,same_run06_x2,1,0.162409495,0.162409495,0.003227984,0.161144192,0.000119685,3.289e-06,wrk_81021e6fa029b122,1,plan_1e9bb43cfe444bbb,True,False,,session_runner_autospawn_temp_worker,0.162409495,/home/ubuntu/quantum-workload-architecture/artifacts/session_runner/ovh_session_runner_prototype_v1/sessions/session_runner_autospawn_temp_worker/same_run06_x2/repeat_1/requests/same_run06_x2_r1_01_run06.execution.json
same_run06_x2_r1_02_run06,/home/ubuntu/quantum-workload-architecture/workloads/manifests/imported/ovh_v2/06_star_graph_phase_amplitude_heldout_low.yaml,session_runner_autospawn_temp_worker,same_run06_x2,1,0.050106744,0.050106744,0.00294638,0.048930128,8.5319e-05,3.036e-06,wrk_81021e6fa029b122,2,plan_1e9bb43cfe444bbb,True,False,,session_runner_autospawn_temp_worker,0.050106744,/home/ubuntu/quantum-workload-architecture/artifacts/session_runner/ovh_session_runner_prototype_v1/sessions/session_runner_autospawn_temp_worker/same_run06_x2/repeat_1/requests/same_run06_x2_r1_02_run06.execution.json
same_run06_x4_r1_01_run06,/home/ubuntu/quantum-workload-architecture/workloads/manifests/imported/ovh_v2/06_star_graph_phase_amplitude_heldout_low.yaml,session_runner_autospawn_temp_worker,same_run06_x4,1,0.167193982,0.167193982,0.003245674,0.165918773,0.00010818,3.28e-06,wrk_0b6446104794851e,1,plan_1e9bb43cfe444bbb,True,False,,session_runner_autospawn_temp_worker,0.167193982,/home/ubuntu/quantum-workload-architecture/artifacts/session_runner/ovh_session_runner_prototype_v1/sessions/session_runner_autospawn_temp_worker/same_run06_x4/repeat_1/requests/same_run06_x4_r1_01_run06.execution.json
same_run06_x4_r1_02_run06,/home/ubuntu/quantum-workload-architecture/workloads/manifests/imported/ovh_v2/06_star_graph_phase_amplitude_heldout_low.yaml,session_runner_autospawn_temp_worker,same_run06_x4,1,0.050178432,0.050178432,0.002818366,0.049097343,9.2968e-05,2.891e-06,wrk_0b6446104794851e,2,plan_1e9bb43cfe444bbb,True,False,,session_runner_autospawn_temp_worker,0.050178432,/home/ubuntu/quantum-workload-architecture/artifacts/session_runner/ovh_session_runner_prototype_v1/sessions/session_runner_autospawn_temp_worker/same_run06_x4/repeat_1/requests/same_run06_x4_r1_02_run06.execution.json
same_run06_x4_r1_03_run06,/home/ubuntu/quantum-workload-architecture/workloads/manifests/imported/ovh_v2/06_star_graph_phase_amplitude_heldout_low.yaml,session_runner_autospawn_temp_worker,same_run06_x4,1,0.045661556,0.045661556,0.003033683,0.044325012,9.1847e-05,2.222e-06,wrk_0b6446104794851e,3,plan_1e9bb43cfe444bbb,True,False,,session_runner_autospawn_temp_worker,0.045661556,/home/ubuntu/quantum-workload-architecture/artifacts/session_runner/ovh_session_runner_prototype_v1/sessions/session_runner_autospawn_temp_worker/same_run06_x4/repeat_1/requests/same_run06_x4_r1_03_run06.execution.json
same_run06_x4_r1_04_run06,/home/ubuntu/quantum-workload-architecture/workloads/manifests/imported/ovh_v2/06_star_graph_phase_amplitude_heldout_low.yaml,session_runner_autospawn_temp_worker,same_run06_x4,1,0.045881998,0.045881998,0.002959626,0.04462842,8.7282e-05,2.48e-06,wrk_0b6446104794851e,4,plan_1e9bb43cfe444bbb,True,False,,session_runner_autospawn_temp_worker,0.045881998,/home/ubuntu/quantum-workload-architecture/artifacts/session_runner/ovh_session_runner_prototype_v1/sessions/session_runner_autospawn_temp_worker/same_run06_x4/repeat_1/requests/same_run06_x4_r1_04_run06.execution.json
same_run06_x8_r1_01_run06,/home/ubuntu/quantum-workload-architecture/workloads/manifests/imported/ovh_v2/06_star_graph_phase_amplitude_heldout_low.yaml,session_runner_autospawn_temp_worker,same_run06_x8,1,0.233459506,0.233459506,0.003576473,0.232077486,0.000126312,3.269e-06,wrk_a659aaea611c3f42,1,plan_1e9bb43cfe444bbb,True,False,,session_runner_autospawn_temp_worker,0.233459506,/home/ubuntu/quantum-workload-architecture/artifacts/session_runner/ovh_session_runner_prototype_v1/sessions/session_runner_autospawn_temp_worker/same_run06_x8/repeat_1/requests/same_run06_x8_r1_01_run06.execution.json
same_run06_x8_r1_02_run06,/home/ubuntu/quantum-workload-architecture/workloads/manifests/imported/ovh_v2/06_star_graph_phase_amplitude_heldout_low.yaml,session_runner_autospawn_temp_worker,same_run06_x8,1,0.060970815,0.060970815,0.003333123,0.05958809,0.000109408,2.996e-06,wrk_a659aaea611c3f42,2,plan_1e9bb43cfe444bbb,True,False,,session_runner_autospawn_temp_worker,0.060970815,/home/ubuntu/quantum-workload-architecture/artifacts/session_runner/ovh_session_runner_prototype_v1/sessions/session_runner_autospawn_temp_worker/same_run06_x8/repeat_1/requests/same_run06_x8_r1_02_run06.execution.json
same_run06_x8_r1_03_run06,/home/ubuntu/quantum-workload-architecture/workloads/manifests/imported/ovh_v2/06_star_graph_phase_amplitude_heldout_low.yaml,session_runner_autospawn_temp_worker,same_run06_x8,1,0.055999313,0.055999313,0.003241727,0.054610402,0.000111514,2.421e-06,wrk_a659aaea611c3f42,3,plan_1e9bb43cfe444bbb,True,False,,session_runner_autospawn_temp_worker,0.055999313,/home/ubuntu/quantum-workload-architecture/artifacts/session_runner/ovh_session_runner_prototype_v1/sessions/session_runner_autospawn_temp_worker/same_run06_x8/repeat_1/requests/same_run06_x8_r1_03_run06.execution.json
same_run06_x8_r1_04_run06,/home/ubuntu/quantum-workload-architecture/workloads/manifests/imported/ovh_v2/06_star_graph_phase_amplitude_heldout_low.yaml,session_runner_autospawn_temp_worker,same_run06_x8,1,0.05510303,0.05510303,0.003248449,0.053736336,9.8546e-05,2.547e-06,wrk_a659aaea611c3f42,4,plan_1e9bb43cfe444bbb,True,False,,session_runner_autospawn_temp_worker,0.05510303,/home/ubuntu/quantum-workload-architecture/artifacts/session_runner/ovh_session_runner_prototype_v1/sessions/session_runner_autospawn_temp_worker/same_run06_x8/repeat_1/requests/same_run06_x8_r1_04_run06.execution.json
same_run06_x8_r1_05_run06,/home/ubuntu/quantum-workload-architecture/workloads/manifests/imported/ovh_v2/06_star_graph_phase_amplitude_heldout_low.yaml,session_runner_autospawn_temp_worker,same_run06_x8,1,0.055180834,0.055180834,0.003250867,0.053828759,9.9677e-05,2.85e-06,wrk_a659aaea611c3f42,5,plan_1e9bb43cfe444bbb,True,False,,session_runner_autospawn_temp_worker,0.055180834,/home/ubuntu/quantum-workload-architecture/artifacts/session_runner/ovh_session_runner_prototype_v1/sessions/session_runner_autospawn_temp_worker/same_run06_x8/repeat_1/requests/same_run06_x8_r1_05_run06.execution.json
same_run06_x8_r1_06_run06,/home/ubuntu/quantum-workload-architecture/workloads/manifests/imported/ovh_v2/06_star_graph_phase_amplitude_heldout_low.yaml,session_runner_autospawn_temp_worker,same_run06_x8,1,0.055463303,0.055463303,0.003362969,0.053970823,0.0001054,2.71e-06,wrk_a659aaea611c3f42,6,plan_1e9bb43cfe444bbb,True,False,,session_runner_autospawn_temp_worker,0.055463303,/home/ubuntu/quantum-workload-architecture/artifacts/session_runner/ovh_session_runner_prototype_v1/sessions/session_runner_autospawn_temp_worker/same_run06_x8/repeat_1/requests/same_run06_x8_r1_06_run06.execution.json
same_run06_x8_r1_07_run06,/home/ubuntu/quantum-workload-architecture/workloads/manifests/imported/ovh_v2/06_star_graph_phase_amplitude_heldout_low.yaml,session_runner_autospawn_temp_worker,same_run06_x8,1,0.055631758,0.055631758,0.002843843,0.054639392,0.000102315,2.271e-06,wrk_a659aaea611c3f42,7,plan_1e9bb43cfe444bbb,True,False,,session_runner_autospawn_temp_worker,0.055631758,/home/ubuntu/quantum-workload-architecture/artifacts/session_runner/ovh_session_runner_prototype_v1/sessions/session_runner_autospawn_temp_worker/same_run06_x8/repeat_1/requests/same_run06_x8_r1_07_run06.execution.json
same_run06_x8_r1_08_run06,/home/ubuntu/quantum-workload-architecture/workloads/manifests/imported/ovh_v2/06_star_graph_phase_amplitude_heldout_low.yaml,session_runner_autospawn_temp_worker,same_run06_x8,1,0.054993658,0.054993658,0.003105626,0.053710357,9.8457e-05,2.359e-06,wrk_a659aaea611c3f42,8,plan_1e9bb43cfe444bbb,True,False,,session_runner_autospawn_temp_worker,0.054993658,/home/ubuntu/quantum-workload-architecture/artifacts/session_runner/ovh_session_runner_prototype_v1/sessions/session_runner_autospawn_temp_worker/same_run06_x8/repeat_1/requests/same_run06_x8_r1_08_run06.execution.json
same_run08_x1_r1_01_run08,/home/ubuntu/quantum-workload-architecture/workloads/manifests/imported/ovh_v2/08_parity_iqp_batched_heldout_medium.yaml,session_runner_autospawn_temp_worker,same_run08_x1,1,0.153617821,0.153617821,0.003081613,0.152287176,0.000108094,2.623e-06,wrk_ec81c24e4cf64de4,1,plan_7209297490c788dd,True,False,,session_runner_autospawn_temp_worker,0.153617821,/home/ubuntu/quantum-workload-architecture/artifacts/session_runner/ovh_session_runner_prototype_v1/sessions/session_runner_autospawn_temp_worker/same_run08_x1/repeat_1/requests/same_run08_x1_r1_01_run08.execution.json
same_run08_x2_r1_01_run08,/home/ubuntu/quantum-workload-architecture/workloads/manifests/imported/ovh_v2/08_parity_iqp_batched_heldout_medium.yaml,session_runner_autospawn_temp_worker,same_run08_x2,1,0.162349724,0.162349724,0.00311296,0.161020382,0.000107696,2.923e-06,wrk_e80d6f2051563453,1,plan_7209297490c788dd,True,False,,session_runner_autospawn_temp_worker,0.162349724,/home/ubuntu/quantum-workload-architecture/artifacts/session_runner/ovh_session_runner_prototype_v1/sessions/session_runner_autospawn_temp_worker/same_run08_x2/repeat_1/requests/same_run08_x2_r1_01_run08.execution.json
same_run08_x2_r1_02_run08,/home/ubuntu/quantum-workload-architecture/workloads/manifests/imported/ovh_v2/08_parity_iqp_batched_heldout_medium.yaml,session_runner_autospawn_temp_worker,same_run08_x2,1,0.045709422,0.045709422,0.002878676,0.044413379,8.2521e-05,2.888e-06,wrk_e80d6f2051563453,2,plan_7209297490c788dd,True,False,,session_runner_autospawn_temp_worker,0.045709422,/home/ubuntu/quantum-workload-architecture/artifacts/session_runner/ovh_session_runner_prototype_v1/sessions/session_runner_autospawn_temp_worker/same_run08_x2/repeat_1/requests/same_run08_x2_r1_02_run08.execution.json
same_run08_x4_r1_01_run08,/home/ubuntu/quantum-workload-architecture/workloads/manifests/imported/ovh_v2/08_parity_iqp_batched_heldout_medium.yaml,session_runner_autospawn_temp_worker,same_run08_x4,1,0.154335617,0.154335617,0.003168559,0.152967856,0.000111788,2.754e-06,wrk_6f83609d6c6a30b8,1,plan_7209297490c788dd,True,False,,session_runner_autospawn_temp_worker,0.154335617,/home/ubuntu/quantum-workload-architecture/artifacts/session_runner/ovh_session_runner_prototype_v1/sessions/session_runner_autospawn_temp_worker/same_run08_x4/repeat_1/requests/same_run08_x4_r1_01_run08.execution.json
same_run08_x4_r1_02_run08,/home/ubuntu/quantum-workload-architecture/workloads/manifests/imported/ovh_v2/08_parity_iqp_batched_heldout_medium.yaml,session_runner_autospawn_temp_worker,same_run08_x4,1,0.045899796,0.045899796,0.002926871,0.044638536,8.7104e-05,2.692e-06,wrk_6f83609d6c6a30b8,2,plan_7209297490c788dd,True,False,,session_runner_autospawn_temp_worker,0.045899796,/home/ubuntu/quantum-workload-architecture/artifacts/session_runner/ovh_session_runner_prototype_v1/sessions/session_runner_autospawn_temp_worker/same_run08_x4/repeat_1/requests/same_run08_x4_r1_02_run08.execution.json
same_run08_x4_r1_03_run08,/home/ubuntu/quantum-workload-architecture/workloads/manifests/imported/ovh_v2/08_parity_iqp_batched_heldout_medium.yaml,session_runner_autospawn_temp_worker,same_run08_x4,1,0.041714387,0.041714387,0.002944752,0.04037627,8.921e-05,2.189e-06,wrk_6f83609d6c6a30b8,3,plan_7209297490c788dd,True,False,,session_runner_autospawn_temp_worker,0.041714387,/home/ubuntu/quantum-workload-architecture/artifacts/session_runner/ovh_session_runner_prototype_v1/sessions/session_runner_autospawn_temp_worker/same_run08_x4/repeat_1/requests/same_run08_x4_r1_03_run08.execution.json
same_run08_x4_r1_04_run08,/home/ubuntu/quantum-workload-architecture/workloads/manifests/imported/ovh_v2/08_parity_iqp_batched_heldout_medium.yaml,session_runner_autospawn_temp_worker,same_run08_x4,1,0.040551695,0.040551695,0.002850415,0.039305921,8.8802e-05,2.348e-06,wrk_6f83609d6c6a30b8,4,plan_7209297490c788dd,True,False,,session_runner_autospawn_temp_worker,0.040551695,/home/ubuntu/quantum-workload-architecture/artifacts/session_runner/ovh_session_runner_prototype_v1/sessions/session_runner_autospawn_temp_worker/same_run08_x4/repeat_1/requests/same_run08_x4_r1_04_run08.execution.json
same_run08_x8_r1_01_run08,/home/ubuntu/quantum-workload-architecture/workloads/manifests/imported/ovh_v2/08_parity_iqp_batched_heldout_medium.yaml,session_runner_autospawn_temp_worker,same_run08_x8,1,0.156321672,0.156321672,0.003170275,0.155014775,0.000109408,2.928e-06,wrk_13d4a18423a8cd14,1,plan_7209297490c788dd,True,False,,session_runner_autospawn_temp_worker,0.156321672,/home/ubuntu/quantum-workload-architecture/artifacts/session_runner/ovh_session_runner_prototype_v1/sessions/session_runner_autospawn_temp_worker/same_run08_x8/repeat_1/requests/same_run08_x8_r1_01_run08.execution.json
same_run08_x8_r1_02_run08,/home/ubuntu/quantum-workload-architecture/workloads/manifests/imported/ovh_v2/08_parity_iqp_batched_heldout_medium.yaml,session_runner_autospawn_temp_worker,same_run08_x8,1,0.045989661,0.045989661,0.003040485,0.044612099,9.8385e-05,2.799e-06,wrk_13d4a18423a8cd14,2,plan_7209297490c788dd,True,False,,session_runner_autospawn_temp_worker,0.045989661,/home/ubuntu/quantum-workload-architecture/artifacts/session_runner/ovh_session_runner_prototype_v1/sessions/session_runner_autospawn_temp_worker/same_run08_x8/repeat_1/requests/same_run08_x8_r1_02_run08.execution.json
same_run08_x8_r1_03_run08,/home/ubuntu/quantum-workload-architecture/workloads/manifests/imported/ovh_v2/08_parity_iqp_batched_heldout_medium.yaml,session_runner_autospawn_temp_worker,same_run08_x8,1,0.04101386,0.04101386,0.002897943,0.039710408,9.3544e-05,2.439e-06,wrk_13d4a18423a8cd14,3,plan_7209297490c788dd,True,False,,session_runner_autospawn_temp_worker,0.04101386,/home/ubuntu/quantum-workload-architecture/artifacts/session_runner/ovh_session_runner_prototype_v1/sessions/session_runner_autospawn_temp_worker/same_run08_x8/repeat_1/requests/same_run08_x8_r1_03_run08.execution.json
same_run08_x8_r1_04_run08,/home/ubuntu/quantum-workload-architecture/workloads/manifests/imported/ovh_v2/08_parity_iqp_batched_heldout_medium.yaml,session_runner_autospawn_temp_worker,same_run08_x8,1,0.041689528,0.041689528,0.002966332,0.04033314,8.3031e-05,2.603e-06,wrk_13d4a18423a8cd14,4,plan_7209297490c788dd,True,False,,session_runner_autospawn_temp_worker,0.041689528,/home/ubuntu/quantum-workload-architecture/artifacts/session_runner/ovh_session_runner_prototype_v1/sessions/session_runner_autospawn_temp_worker/same_run08_x8/repeat_1/requests/same_run08_x8_r1_04_run08.execution.json
same_run08_x8_r1_05_run08,/home/ubuntu/quantum-workload-architecture/workloads/manifests/imported/ovh_v2/08_parity_iqp_batched_heldout_medium.yaml,session_runner_autospawn_temp_worker,same_run08_x8,1,0.041094285,0.041094285,0.00290162,0.0398038,8.3855e-05,2.073e-06,wrk_13d4a18423a8cd14,5,plan_7209297490c788dd,True,False,,session_runner_autospawn_temp_worker,0.041094285,/home/ubuntu/quantum-workload-architecture/artifacts/session_runner/ovh_session_runner_prototype_v1/sessions/session_runner_autospawn_temp_worker/same_run08_x8/repeat_1/requests/same_run08_x8_r1_05_run08.execution.json
same_run08_x8_r1_06_run08,/home/ubuntu/quantum-workload-architecture/workloads/manifests/imported/ovh_v2/08_parity_iqp_batched_heldout_medium.yaml,session_runner_autospawn_temp_worker,same_run08_x8,1,0.041306874,0.041306874,0.002908483,0.039957332,8.8171e-05,2.638e-06,wrk_13d4a18423a8cd14,6,plan_7209297490c788dd,True,False,,session_runner_autospawn_temp_worker,0.041306874,/home/ubuntu/quantum-workload-architecture/artifacts/session_runner/ovh_session_runner_prototype_v1/sessions/session_runner_autospawn_temp_worker/same_run08_x8/repeat_1/requests/same_run08_x8_r1_06_run08.execution.json
same_run08_x8_r1_07_run08,/home/ubuntu/quantum-workload-architecture/workloads/manifests/imported/ovh_v2/08_parity_iqp_batched_heldout_medium.yaml,session_runner_autospawn_temp_worker,same_run08_x8,1,0.046012733,0.046012733,0.002961485,0.044675675,8.2413e-05,2.448e-06,wrk_13d4a18423a8cd14,7,plan_7209297490c788dd,True,False,,session_runner_autospawn_temp_worker,0.046012733,/home/ubuntu/quantum-workload-architecture/artifacts/session_runner/ovh_session_runner_prototype_v1/sessions/session_runner_autospawn_temp_worker/same_run08_x8/repeat_1/requests/same_run08_x8_r1_07_run08.execution.json
same_run08_x8_r1_08_run08,/home/ubuntu/quantum-workload-architecture/workloads/manifests/imported/ovh_v2/08_parity_iqp_batched_heldout_medium.yaml,session_runner_autospawn_temp_worker,same_run08_x8,1,0.041942714,0.041942714,0.003000912,0.040569006,9.2142e-05,2.499e-06,wrk_13d4a18423a8cd14,8,plan_7209297490c788dd,True,False,,session_runner_autospawn_temp_worker,0.041942714,/home/ubuntu/quantum-workload-architecture/artifacts/session_runner/ovh_session_runner_prototype_v1/sessions/session_runner_autospawn_temp_worker/same_run08_x8/repeat_1/requests/same_run08_x8_r1_08_run08.execution.json
mixed_trio_x6_r1_01_run01,/home/ubuntu/quantum-workload-architecture/workloads/manifests/imported/ovh_v2/01_real_dense_ring6_amplitude.yaml,session_runner_autospawn_temp_worker,mixed_trio_x6,1,0.18049854,0.18049854,0.003553063,0.179100936,0.000134447,2.827e-06,wrk_bfde0a4040cc55f7,1,plan_9681ead327789de4,True,False,,session_runner_autospawn_temp_worker,0.18049854,/home/ubuntu/quantum-workload-architecture/artifacts/session_runner/ovh_session_runner_prototype_v1/sessions/session_runner_autospawn_temp_worker/mixed_trio_x6/repeat_1/requests/mixed_trio_x6_r1_01_run01.execution.json
mixed_trio_x6_r1_02_run06,/home/ubuntu/quantum-workload-architecture/workloads/manifests/imported/ovh_v2/06_star_graph_phase_amplitude_heldout_low.yaml,session_runner_autospawn_temp_worker,mixed_trio_x6,1,0.050471874,0.050471874,0.003163194,0.049057946,9.7612e-05,2.78e-06,wrk_bfde0a4040cc55f7,2,plan_1e9bb43cfe444bbb,True,False,,session_runner_autospawn_temp_worker,0.050471874,/home/ubuntu/quantum-workload-architecture/artifacts/session_runner/ovh_session_runner_prototype_v1/sessions/session_runner_autospawn_temp_worker/mixed_trio_x6/repeat_1/requests/mixed_trio_x6_r1_02_run06.execution.json
mixed_trio_x6_r1_03_run08,/home/ubuntu/quantum-workload-architecture/workloads/manifests/imported/ovh_v2/08_parity_iqp_batched_heldout_medium.yaml,session_runner_autospawn_temp_worker,mixed_trio_x6,1,0.042516987,0.042516987,0.002850582,0.041281965,8.3327e-05,2.286e-06,wrk_bfde0a4040cc55f7,3,plan_7209297490c788dd,True,False,,session_runner_autospawn_temp_worker,0.042516987,/home/ubuntu/quantum-workload-architecture/artifacts/session_runner/ovh_session_runner_prototype_v1/sessions/session_runner_autospawn_temp_worker/mixed_trio_x6/repeat_1/requests/mixed_trio_x6_r1_03_run08.execution.json
mixed_trio_x6_r1_04_run01,/home/ubuntu/quantum-workload-architecture/workloads/manifests/imported/ovh_v2/01_real_dense_ring6_amplitude.yaml,session_runner_autospawn_temp_worker,mixed_trio_x6,1,0.048171976,0.048171976,0.003050217,0.047084614,9.4721e-05,2.912e-06,wrk_bfde0a4040cc55f7,4,plan_9681ead327789de4,True,False,,session_runner_autospawn_temp_worker,0.048171976,/home/ubuntu/quantum-workload-architecture/artifacts/session_runner/ovh_session_runner_prototype_v1/sessions/session_runner_autospawn_temp_worker/mixed_trio_x6/repeat_1/requests/mixed_trio_x6_r1_04_run01.execution.json
mixed_trio_x6_r1_05_run06,/home/ubuntu/quantum-workload-architecture/workloads/manifests/imported/ovh_v2/06_star_graph_phase_amplitude_heldout_low.yaml,session_runner_autospawn_temp_worker,mixed_trio_x6,1,0.050916586,0.050916586,0.00300866,0.049688215,0.000104063,2.148e-06,wrk_bfde0a4040cc55f7,5,plan_1e9bb43cfe444bbb,True,False,,session_runner_autospawn_temp_worker,0.050916586,/home/ubuntu/quantum-workload-architecture/artifacts/session_runner/ovh_session_runner_prototype_v1/sessions/session_runner_autospawn_temp_worker/mixed_trio_x6/repeat_1/requests/mixed_trio_x6_r1_05_run06.execution.json
mixed_trio_x6_r1_06_run08,/home/ubuntu/quantum-workload-architecture/workloads/manifests/imported/ovh_v2/08_parity_iqp_batched_heldout_medium.yaml,session_runner_autospawn_temp_worker,mixed_trio_x6,1,0.042155554,0.042155554,0.002889972,0.040872753,0.000103251,2.802e-06,wrk_bfde0a4040cc55f7,6,plan_7209297490c788dd,True,False,,session_runner_autospawn_temp_worker,0.042155554,/home/ubuntu/quantum-workload-architecture/artifacts/session_runner/ovh_session_runner_prototype_v1/sessions/session_runner_autospawn_temp_worker/mixed_trio_x6/repeat_1/requests/mixed_trio_x6_r1_06_run08.execution.json
same_run01_x1_r2_01_run01,/home/ubuntu/quantum-workload-architecture/workloads/manifests/imported/ovh_v2/01_real_dense_ring6_amplitude.yaml,session_runner_autospawn_temp_worker,same_run01_x1,2,0.163279416,0.163279416,0.003552479,0.161784456,0.000103726,3.273e-06,wrk_f9291efc4881d580,1,plan_9681ead327789de4,True,False,,session_runner_autospawn_temp_worker,0.163279416,/home/ubuntu/quantum-workload-architecture/artifacts/session_runner/ovh_session_runner_prototype_v1/sessions/session_runner_autospawn_temp_worker/same_run01_x1/repeat_2/requests/same_run01_x1_r2_01_run01.execution.json
same_run01_x2_r2_01_run01,/home/ubuntu/quantum-workload-architecture/workloads/manifests/imported/ovh_v2/01_real_dense_ring6_amplitude.yaml,session_runner_autospawn_temp_worker,same_run01_x2,2,0.189225249,0.189225249,0.003415046,0.187995214,0.000131147,2.98e-06,wrk_ddb0d57af6f5d541,1,plan_9681ead327789de4,True,False,,session_runner_autospawn_temp_worker,0.189225249,/home/ubuntu/quantum-workload-architecture/artifacts/session_runner/ovh_session_runner_prototype_v1/sessions/session_runner_autospawn_temp_worker/same_run01_x2/repeat_2/requests/same_run01_x2_r2_01_run01.execution.json
same_run01_x2_r2_02_run01,/home/ubuntu/quantum-workload-architecture/workloads/manifests/imported/ovh_v2/01_real_dense_ring6_amplitude.yaml,session_runner_autospawn_temp_worker,same_run01_x2,2,0.057155795,0.057155795,0.003017424,0.056123513,0.000114269,3.484e-06,wrk_ddb0d57af6f5d541,2,plan_9681ead327789de4,True,False,,session_runner_autospawn_temp_worker,0.057155795,/home/ubuntu/quantum-workload-architecture/artifacts/session_runner/ovh_session_runner_prototype_v1/sessions/session_runner_autospawn_temp_worker/same_run01_x2/repeat_2/requests/same_run01_x2_r2_02_run01.execution.json
same_run01_x4_r2_01_run01,/home/ubuntu/quantum-workload-architecture/workloads/manifests/imported/ovh_v2/01_real_dense_ring6_amplitude.yaml,session_runner_autospawn_temp_worker,same_run01_x4,2,0.195073545,0.195073545,0.003316088,0.193725818,0.000134003,3.471e-06,wrk_2e9c4020e13c80e1,1,plan_9681ead327789de4,True,False,,session_runner_autospawn_temp_worker,0.195073545,/home/ubuntu/quantum-workload-architecture/artifacts/session_runner/ovh_session_runner_prototype_v1/sessions/session_runner_autospawn_temp_worker/same_run01_x4/repeat_2/requests/same_run01_x4_r2_01_run01.execution.json
same_run01_x4_r2_02_run01,/home/ubuntu/quantum-workload-architecture/workloads/manifests/imported/ovh_v2/01_real_dense_ring6_amplitude.yaml,session_runner_autospawn_temp_worker,same_run01_x4,2,0.057829327,0.057829327,0.003279655,0.056468317,0.000103553,3.577e-06,wrk_2e9c4020e13c80e1,2,plan_9681ead327789de4,True,False,,session_runner_autospawn_temp_worker,0.057829327,/home/ubuntu/quantum-workload-architecture/artifacts/session_runner/ovh_session_runner_prototype_v1/sessions/session_runner_autospawn_temp_worker/same_run01_x4/repeat_2/requests/same_run01_x4_r2_02_run01.execution.json
same_run01_x4_r2_03_run01,/home/ubuntu/quantum-workload-architecture/workloads/manifests/imported/ovh_v2/01_real_dense_ring6_amplitude.yaml,session_runner_autospawn_temp_worker,same_run01_x4,2,0.051886777,0.051886777,0.002975691,0.050752014,9.9898e-05,2.256e-06,wrk_2e9c4020e13c80e1,3,plan_9681ead327789de4,True,False,,session_runner_autospawn_temp_worker,0.051886777,/home/ubuntu/quantum-workload-architecture/artifacts/session_runner/ovh_session_runner_prototype_v1/sessions/session_runner_autospawn_temp_worker/same_run01_x4/repeat_2/requests/same_run01_x4_r2_03_run01.execution.json
same_run01_x4_r2_04_run01,/home/ubuntu/quantum-workload-architecture/workloads/manifests/imported/ovh_v2/01_real_dense_ring6_amplitude.yaml,session_runner_autospawn_temp_worker,same_run01_x4,2,0.051191895,0.051191895,0.002940205,0.05011622,9.786e-05,2.267e-06,wrk_2e9c4020e13c80e1,4,plan_9681ead327789de4,True,False,,session_runner_autospawn_temp_worker,0.051191895,/home/ubuntu/quantum-workload-architecture/artifacts/session_runner/ovh_session_runner_prototype_v1/sessions/session_runner_autospawn_temp_worker/same_run01_x4/repeat_2/requests/same_run01_x4_r2_04_run01.execution.json
same_run01_x8_r2_01_run01,/home/ubuntu/quantum-workload-architecture/workloads/manifests/imported/ovh_v2/01_real_dense_ring6_amplitude.yaml,session_runner_autospawn_temp_worker,same_run01_x8,2,0.186943186,0.186943186,0.00344633,0.185509873,0.000126889,2.997e-06,wrk_b9eec05d223b9cf6,1,plan_9681ead327789de4,True,False,,session_runner_autospawn_temp_worker,0.186943186,/home/ubuntu/quantum-workload-architecture/artifacts/session_runner/ovh_session_runner_prototype_v1/sessions/session_runner_autospawn_temp_worker/same_run01_x8/repeat_2/requests/same_run01_x8_r2_01_run01.execution.json
same_run01_x8_r2_02_run01,/home/ubuntu/quantum-workload-architecture/workloads/manifests/imported/ovh_v2/01_real_dense_ring6_amplitude.yaml,session_runner_autospawn_temp_worker,same_run01_x8,2,0.072144244,0.072144244,0.0043767,0.070810311,0.000106236,4.67e-06,wrk_b9eec05d223b9cf6,2,plan_9681ead327789de4,True,False,,session_runner_autospawn_temp_worker,0.072144244,/home/ubuntu/quantum-workload-architecture/artifacts/session_runner/ovh_session_runner_prototype_v1/sessions/session_runner_autospawn_temp_worker/same_run01_x8/repeat_2/requests/same_run01_x8_r2_02_run01.execution.json
same_run01_x8_r2_03_run01,/home/ubuntu/quantum-workload-architecture/workloads/manifests/imported/ovh_v2/01_real_dense_ring6_amplitude.yaml,session_runner_autospawn_temp_worker,same_run01_x8,2,0.086559966,0.086559966,0.003875672,0.085416505,0.000172567,3.201e-06,wrk_b9eec05d223b9cf6,3,plan_9681ead327789de4,True,False,,session_runner_autospawn_temp_worker,0.086559966,/home/ubuntu/quantum-workload-architecture/artifacts/session_runner/ovh_session_runner_prototype_v1/sessions/session_runner_autospawn_temp_worker/same_run01_x8/repeat_2/requests/same_run01_x8_r2_03_run01.execution.json
same_run01_x8_r2_04_run01,/home/ubuntu/quantum-workload-architecture/workloads/manifests/imported/ovh_v2/01_real_dense_ring6_amplitude.yaml,session_runner_autospawn_temp_worker,same_run01_x8,2,0.060807902,0.060807902,0.003234101,0.059810942,0.000162206,2.724e-06,wrk_b9eec05d223b9cf6,4,plan_9681ead327789de4,True,False,,session_runner_autospawn_temp_worker,0.060807902,/home/ubuntu/quantum-workload-architecture/artifacts/session_runner/ovh_session_runner_prototype_v1/sessions/session_runner_autospawn_temp_worker/same_run01_x8/repeat_2/requests/same_run01_x8_r2_04_run01.execution.json
same_run01_x8_r2_05_run01,/home/ubuntu/quantum-workload-architecture/workloads/manifests/imported/ovh_v2/01_real_dense_ring6_amplitude.yaml,session_runner_autospawn_temp_worker,same_run01_x8,2,0.056862551,0.056862551,0.003056622,0.05575794,0.000117436,3.142e-06,wrk_b9eec05d223b9cf6,5,plan_9681ead327789de4,True,False,,session_runner_autospawn_temp_worker,0.056862551,/home/ubuntu/quantum-workload-architecture/artifacts/session_runner/ovh_session_runner_prototype_v1/sessions/session_runner_autospawn_temp_worker/same_run01_x8/repeat_2/requests/same_run01_x8_r2_05_run01.execution.json
same_run01_x8_r2_06_run01,/home/ubuntu/quantum-workload-architecture/workloads/manifests/imported/ovh_v2/01_real_dense_ring6_amplitude.yaml,session_runner_autospawn_temp_worker,same_run01_x8,2,0.057578945,0.057578945,0.002922171,0.056562976,0.000110052,2.57e-06,wrk_b9eec05d223b9cf6,6,plan_9681ead327789de4,True,False,,session_runner_autospawn_temp_worker,0.057578945,/home/ubuntu/quantum-workload-architecture/artifacts/session_runner/ovh_session_runner_prototype_v1/sessions/session_runner_autospawn_temp_worker/same_run01_x8/repeat_2/requests/same_run01_x8_r2_06_run01.execution.json
same_run01_x8_r2_07_run01,/home/ubuntu/quantum-workload-architecture/workloads/manifests/imported/ovh_v2/01_real_dense_ring6_amplitude.yaml,session_runner_autospawn_temp_worker,same_run01_x8,2,0.052754076,0.052754076,0.00285477,0.051811955,9.9462e-05,2.73e-06,wrk_b9eec05d223b9cf6,7,plan_9681ead327789de4,True,False,,session_runner_autospawn_temp_worker,0.052754076,/home/ubuntu/quantum-workload-architecture/artifacts/session_runner/ovh_session_runner_prototype_v1/sessions/session_runner_autospawn_temp_worker/same_run01_x8/repeat_2/requests/same_run01_x8_r2_07_run01.execution.json
same_run01_x8_r2_08_run01,/home/ubuntu/quantum-workload-architecture/workloads/manifests/imported/ovh_v2/01_real_dense_ring6_amplitude.yaml,session_runner_autospawn_temp_worker,same_run01_x8,2,0.05223834,0.05223834,0.002926994,0.051238018,0.000126345,2.525e-06,wrk_b9eec05d223b9cf6,8,plan_9681ead327789de4,True,False,,session_runner_autospawn_temp_worker,0.05223834,/home/ubuntu/quantum-workload-architecture/artifacts/session_runner/ovh_session_runner_prototype_v1/sessions/session_runner_autospawn_temp_worker/same_run01_x8/repeat_2/requests/same_run01_x8_r2_08_run01.execution.json
same_run06_x1_r2_01_run06,/home/ubuntu/quantum-workload-architecture/workloads/manifests/imported/ovh_v2/06_star_graph_phase_amplitude_heldout_low.yaml,session_runner_autospawn_temp_worker,same_run06_x1,2,0.161268113,0.161268113,0.003209119,0.159934597,0.000126236,3.077e-06,wrk_ba7034b1b0166a06,1,plan_1e9bb43cfe444bbb,True,False,,session_runner_autospawn_temp_worker,0.161268113,/home/ubuntu/quantum-workload-architecture/artifacts/session_runner/ovh_session_runner_prototype_v1/sessions/session_runner_autospawn_temp_worker/same_run06_x1/repeat_2/requests/same_run06_x1_r2_01_run06.execution.json
same_run06_x2_r2_01_run06,/home/ubuntu/quantum-workload-architecture/workloads/manifests/imported/ovh_v2/06_star_graph_phase_amplitude_heldout_low.yaml,session_runner_autospawn_temp_worker,same_run06_x2,2,0.163180092,0.163180092,0.003474256,0.161695555,0.000122367,2.648e-06,wrk_6e70b8e9d3c08ed1,1,plan_1e9bb43cfe444bbb,True,False,,session_runner_autospawn_temp_worker,0.163180092,/home/ubuntu/quantum-workload-architecture/artifacts/session_runner/ovh_session_runner_prototype_v1/sessions/session_runner_autospawn_temp_worker/same_run06_x2/repeat_2/requests/same_run06_x2_r2_01_run06.execution.json
same_run06_x2_r2_02_run06,/home/ubuntu/quantum-workload-architecture/workloads/manifests/imported/ovh_v2/06_star_graph_phase_amplitude_heldout_low.yaml,session_runner_autospawn_temp_worker,same_run06_x2,2,0.051760998,0.051760998,0.003311503,0.050168611,9.9257e-05,3.518e-06,wrk_6e70b8e9d3c08ed1,2,plan_1e9bb43cfe444bbb,True,False,,session_runner_autospawn_temp_worker,0.051760998,/home/ubuntu/quantum-workload-architecture/artifacts/session_runner/ovh_session_runner_prototype_v1/sessions/session_runner_autospawn_temp_worker/same_run06_x2/repeat_2/requests/same_run06_x2_r2_02_run06.execution.json
same_run06_x4_r2_01_run06,/home/ubuntu/quantum-workload-architecture/workloads/manifests/imported/ovh_v2/06_star_graph_phase_amplitude_heldout_low.yaml,session_runner_autospawn_temp_worker,same_run06_x4,2,0.166715433,0.166715433,0.003360223,0.16529724,0.000113497,2.718e-06,wrk_1a84c9f2083be58f,1,plan_1e9bb43cfe444bbb,True,False,,session_runner_autospawn_temp_worker,0.166715433,/home/ubuntu/quantum-workload-architecture/artifacts/session_runner/ovh_session_runner_prototype_v1/sessions/session_runner_autospawn_temp_worker/same_run06_x4/repeat_2/requests/same_run06_x4_r2_01_run06.execution.json
same_run06_x4_r2_02_run06,/home/ubuntu/quantum-workload-architecture/workloads/manifests/imported/ovh_v2/06_star_graph_phase_amplitude_heldout_low.yaml,session_runner_autospawn_temp_worker,same_run06_x4,2,0.060590262,0.060590262,0.00331318,0.059199764,0.000105806,3.155e-06,wrk_1a84c9f2083be58f,2,plan_1e9bb43cfe444bbb,True,False,,session_runner_autospawn_temp_worker,0.060590262,/home/ubuntu/quantum-workload-architecture/artifacts/session_runner/ovh_session_runner_prototype_v1/sessions/session_runner_autospawn_temp_worker/same_run06_x4/repeat_2/requests/same_run06_x4_r2_02_run06.execution.json
same_run06_x4_r2_03_run06,/home/ubuntu/quantum-workload-architecture/workloads/manifests/imported/ovh_v2/06_star_graph_phase_amplitude_heldout_low.yaml,session_runner_autospawn_temp_worker,same_run06_x4,2,0.054953736,0.054953736,0.003228703,0.053608635,0.000101618,2.426e-06,wrk_1a84c9f2083be58f,3,plan_1e9bb43cfe444bbb,True,False,,session_runner_autospawn_temp_worker,0.054953736,/home/ubuntu/quantum-workload-architecture/artifacts/session_runner/ovh_session_runner_prototype_v1/sessions/session_runner_autospawn_temp_worker/same_run06_x4/repeat_2/requests/same_run06_x4_r2_03_run06.execution.json
same_run06_x4_r2_04_run06,/home/ubuntu/quantum-workload-architecture/workloads/manifests/imported/ovh_v2/06_star_graph_phase_amplitude_heldout_low.yaml,session_runner_autospawn_temp_worker,same_run06_x4,2,0.052263433,0.052263433,0.003117141,0.050915013,9.7231e-05,2.225e-06,wrk_1a84c9f2083be58f,4,plan_1e9bb43cfe444bbb,True,False,,session_runner_autospawn_temp_worker,0.052263433,/home/ubuntu/quantum-workload-architecture/artifacts/session_runner/ovh_session_runner_prototype_v1/sessions/session_runner_autospawn_temp_worker/same_run06_x4/repeat_2/requests/same_run06_x4_r2_04_run06.execution.json
same_run06_x8_r2_01_run06,/home/ubuntu/quantum-workload-architecture/workloads/manifests/imported/ovh_v2/06_star_graph_phase_amplitude_heldout_low.yaml,session_runner_autospawn_temp_worker,same_run06_x8,2,0.167740644,0.167740644,0.00474303,0.164978549,0.000136208,3.31e-06,wrk_deaf69510fa8d9e4,1,plan_1e9bb43cfe444bbb,True,False,,session_runner_autospawn_temp_worker,0.167740644,/home/ubuntu/quantum-workload-architecture/artifacts/session_runner/ovh_session_runner_prototype_v1/sessions/session_runner_autospawn_temp_worker/same_run06_x8/repeat_2/requests/same_run06_x8_r2_01_run06.execution.json
same_run06_x8_r2_02_run06,/home/ubuntu/quantum-workload-architecture/workloads/manifests/imported/ovh_v2/06_star_graph_phase_amplitude_heldout_low.yaml,session_runner_autospawn_temp_worker,same_run06_x8,2,0.051281232,0.051281232,0.002636308,0.050475324,8.9238e-05,2.906e-06,wrk_deaf69510fa8d9e4,2,plan_1e9bb43cfe444bbb,True,False,,session_runner_autospawn_temp_worker,0.051281232,/home/ubuntu/quantum-workload-architecture/artifacts/session_runner/ovh_session_runner_prototype_v1/sessions/session_runner_autospawn_temp_worker/same_run06_x8/repeat_2/requests/same_run06_x8_r2_02_run06.execution.json
same_run06_x8_r2_03_run06,/home/ubuntu/quantum-workload-architecture/workloads/manifests/imported/ovh_v2/06_star_graph_phase_amplitude_heldout_low.yaml,session_runner_autospawn_temp_worker,same_run06_x8,2,0.046444575,0.046444575,0.002522708,0.045687169,8.4814e-05,2.351e-06,wrk_deaf69510fa8d9e4,3,plan_1e9bb43cfe444bbb,True,False,,session_runner_autospawn_temp_worker,0.046444575,/home/ubuntu/quantum-workload-architecture/artifacts/session_runner/ovh_session_runner_prototype_v1/sessions/session_runner_autospawn_temp_worker/same_run06_x8/repeat_2/requests/same_run06_x8_r2_03_run06.execution.json
same_run06_x8_r2_04_run06,/home/ubuntu/quantum-workload-architecture/workloads/manifests/imported/ovh_v2/06_star_graph_phase_amplitude_heldout_low.yaml,session_runner_autospawn_temp_worker,same_run06_x8,2,0.046241713,0.046241713,0.002567374,0.045515017,8.2596e-05,2.643e-06,wrk_deaf69510fa8d9e4,4,plan_1e9bb43cfe444bbb,True,False,,session_runner_autospawn_temp_worker,0.046241713,/home/ubuntu/quantum-workload-architecture/artifacts/session_runner/ovh_session_runner_prototype_v1/sessions/session_runner_autospawn_temp_worker/same_run06_x8/repeat_2/requests/same_run06_x8_r2_04_run06.execution.json
same_run06_x8_r2_05_run06,/home/ubuntu/quantum-workload-architecture/workloads/manifests/imported/ovh_v2/06_star_graph_phase_amplitude_heldout_low.yaml,session_runner_autospawn_temp_worker,same_run06_x8,2,0.047261277,0.047261277,0.002488209,0.046468439,8.7865e-05,2.366e-06,wrk_deaf69510fa8d9e4,5,plan_1e9bb43cfe444bbb,True,False,,session_runner_autospawn_temp_worker,0.047261277,/home/ubuntu/quantum-workload-architecture/artifacts/session_runner/ovh_session_runner_prototype_v1/sessions/session_runner_autospawn_temp_worker/same_run06_x8/repeat_2/requests/same_run06_x8_r2_05_run06.execution.json
same_run06_x8_r2_06_run06,/home/ubuntu/quantum-workload-architecture/workloads/manifests/imported/ovh_v2/06_star_graph_phase_amplitude_heldout_low.yaml,session_runner_autospawn_temp_worker,same_run06_x8,2,0.050802216,0.050802216,0.002535483,0.050040806,7.8432e-05,2.429e-06,wrk_deaf69510fa8d9e4,6,plan_1e9bb43cfe444bbb,True,False,,session_runner_autospawn_temp_worker,0.050802216,/home/ubuntu/quantum-workload-architecture/artifacts/session_runner/ovh_session_runner_prototype_v1/sessions/session_runner_autospawn_temp_worker/same_run06_x8/repeat_2/requests/same_run06_x8_r2_06_run06.execution.json
same_run06_x8_r2_07_run06,/home/ubuntu/quantum-workload-architecture/workloads/manifests/imported/ovh_v2/06_star_graph_phase_amplitude_heldout_low.yaml,session_runner_autospawn_temp_worker,same_run06_x8,2,0.04578747,0.04578747,0.002479528,0.045019974,8.2245e-05,2.158e-06,wrk_deaf69510fa8d9e4,7,plan_1e9bb43cfe444bbb,True,False,,session_runner_autospawn_temp_worker,0.04578747,/home/ubuntu/quantum-workload-architecture/artifacts/session_runner/ovh_session_runner_prototype_v1/sessions/session_runner_autospawn_temp_worker/same_run06_x8/repeat_2/requests/same_run06_x8_r2_07_run06.execution.json
same_run06_x8_r2_08_run06,/home/ubuntu/quantum-workload-architecture/workloads/manifests/imported/ovh_v2/06_star_graph_phase_amplitude_heldout_low.yaml,session_runner_autospawn_temp_worker,same_run06_x8,2,0.045211077,0.045211077,0.002444424,0.044492685,7.9051e-05,2.815e-06,wrk_deaf69510fa8d9e4,8,plan_1e9bb43cfe444bbb,True,False,,session_runner_autospawn_temp_worker,0.045211077,/home/ubuntu/quantum-workload-architecture/artifacts/session_runner/ovh_session_runner_prototype_v1/sessions/session_runner_autospawn_temp_worker/same_run06_x8/repeat_2/requests/same_run06_x8_r2_08_run06.execution.json
same_run08_x1_r2_01_run08,/home/ubuntu/quantum-workload-architecture/workloads/manifests/imported/ovh_v2/08_parity_iqp_batched_heldout_medium.yaml,session_runner_autospawn_temp_worker,same_run08_x1,2,0.158641904,0.158641904,0.003243783,0.157221571,0.000103625,2.814e-06,wrk_66c631e6155147f4,1,plan_7209297490c788dd,True,False,,session_runner_autospawn_temp_worker,0.158641904,/home/ubuntu/quantum-workload-architecture/artifacts/session_runner/ovh_session_runner_prototype_v1/sessions/session_runner_autospawn_temp_worker/same_run08_x1/repeat_2/requests/same_run08_x1_r2_01_run08.execution.json
same_run08_x2_r2_01_run08,/home/ubuntu/quantum-workload-architecture/workloads/manifests/imported/ovh_v2/08_parity_iqp_batched_heldout_medium.yaml,session_runner_autospawn_temp_worker,same_run08_x2,2,0.16321458,0.16321458,0.003340781,0.161766602,0.000114423,3.034e-06,wrk_a4933e034cb35568,1,plan_7209297490c788dd,True,False,,session_runner_autospawn_temp_worker,0.16321458,/home/ubuntu/quantum-workload-architecture/artifacts/session_runner/ovh_session_runner_prototype_v1/sessions/session_runner_autospawn_temp_worker/same_run08_x2/repeat_2/requests/same_run08_x2_r2_01_run08.execution.json
same_run08_x2_r2_02_run08,/home/ubuntu/quantum-workload-architecture/workloads/manifests/imported/ovh_v2/08_parity_iqp_batched_heldout_medium.yaml,session_runner_autospawn_temp_worker,same_run08_x2,2,0.046695628,0.046695628,0.003083105,0.045385701,9.6017e-05,3.248e-06,wrk_a4933e034cb35568,2,plan_7209297490c788dd,True,False,,session_runner_autospawn_temp_worker,0.046695628,/home/ubuntu/quantum-workload-architecture/artifacts/session_runner/ovh_session_runner_prototype_v1/sessions/session_runner_autospawn_temp_worker/same_run08_x2/repeat_2/requests/same_run08_x2_r2_02_run08.execution.json
same_run08_x4_r2_01_run08,/home/ubuntu/quantum-workload-architecture/workloads/manifests/imported/ovh_v2/08_parity_iqp_batched_heldout_medium.yaml,session_runner_autospawn_temp_worker,same_run08_x4,2,0.160425416,0.160425416,0.002922422,0.15929601,0.000111555,2.869e-06,wrk_2d29ef35fb91bbd1,1,plan_7209297490c788dd,True,False,,session_runner_autospawn_temp_worker,0.160425416,/home/ubuntu/quantum-workload-architecture/artifacts/session_runner/ovh_session_runner_prototype_v1/sessions/session_runner_autospawn_temp_worker/same_run08_x4/repeat_2/requests/same_run08_x4_r2_01_run08.execution.json
same_run08_x4_r2_02_run08,/home/ubuntu/quantum-workload-architecture/workloads/manifests/imported/ovh_v2/08_parity_iqp_batched_heldout_medium.yaml,session_runner_autospawn_temp_worker,same_run08_x4,2,0.046484318,0.046484318,0.002991385,0.045147762,8.8566e-05,2.696e-06,wrk_2d29ef35fb91bbd1,2,plan_7209297490c788dd,True,False,,session_runner_autospawn_temp_worker,0.046484318,/home/ubuntu/quantum-workload-architecture/artifacts/session_runner/ovh_session_runner_prototype_v1/sessions/session_runner_autospawn_temp_worker/same_run08_x4/repeat_2/requests/same_run08_x4_r2_02_run08.execution.json
same_run08_x4_r2_03_run08,/home/ubuntu/quantum-workload-architecture/workloads/manifests/imported/ovh_v2/08_parity_iqp_batched_heldout_medium.yaml,session_runner_autospawn_temp_worker,same_run08_x4,2,0.041295435,0.041295435,0.002945697,0.039967424,0.000103458,2.412e-06,wrk_2d29ef35fb91bbd1,3,plan_7209297490c788dd,True,False,,session_runner_autospawn_temp_worker,0.041295435,/home/ubuntu/quantum-workload-architecture/artifacts/session_runner/ovh_session_runner_prototype_v1/sessions/session_runner_autospawn_temp_worker/same_run08_x4/repeat_2/requests/same_run08_x4_r2_03_run08.execution.json
same_run08_x4_r2_04_run08,/home/ubuntu/quantum-workload-architecture/workloads/manifests/imported/ovh_v2/08_parity_iqp_batched_heldout_medium.yaml,session_runner_autospawn_temp_worker,same_run08_x4,2,0.041744532,0.041744532,0.002935027,0.040428417,8.5852e-05,1.845e-06,wrk_2d29ef35fb91bbd1,4,plan_7209297490c788dd,True,False,,session_runner_autospawn_temp_worker,0.041744532,/home/ubuntu/quantum-workload-architecture/artifacts/session_runner/ovh_session_runner_prototype_v1/sessions/session_runner_autospawn_temp_worker/same_run08_x4/repeat_2/requests/same_run08_x4_r2_04_run08.execution.json
same_run08_x8_r2_01_run08,/home/ubuntu/quantum-workload-architecture/workloads/manifests/imported/ovh_v2/08_parity_iqp_batched_heldout_medium.yaml,session_runner_autospawn_temp_worker,same_run08_x8,2,0.166882551,0.166882551,0.003340346,0.165349327,0.00011466,8.936e-06,wrk_6763d91e07ce7bf5,1,plan_7209297490c788dd,True,False,,session_runner_autospawn_temp_worker,0.166882551,/home/ubuntu/quantum-workload-architecture/artifacts/session_runner/ovh_session_runner_prototype_v1/sessions/session_runner_autospawn_temp_worker/same_run08_x8/repeat_2/requests/same_run08_x8_r2_01_run08.execution.json
same_run08_x8_r2_02_run08,/home/ubuntu/quantum-workload-architecture/workloads/manifests/imported/ovh_v2/08_parity_iqp_batched_heldout_medium.yaml,session_runner_autospawn_temp_worker,same_run08_x8,2,0.045803866,0.045803866,0.002979598,0.044478598,9.7857e-05,2.779e-06,wrk_6763d91e07ce7bf5,2,plan_7209297490c788dd,True,False,,session_runner_autospawn_temp_worker,0.045803866,/home/ubuntu/quantum-workload-architecture/artifacts/session_runner/ovh_session_runner_prototype_v1/sessions/session_runner_autospawn_temp_worker/same_run08_x8/repeat_2/requests/same_run08_x8_r2_02_run08.execution.json
same_run08_x8_r2_03_run08,/home/ubuntu/quantum-workload-architecture/workloads/manifests/imported/ovh_v2/08_parity_iqp_batched_heldout_medium.yaml,session_runner_autospawn_temp_worker,same_run08_x8,2,0.041791679,0.041791679,0.002993007,0.04043616,8.0987e-05,2.38e-06,wrk_6763d91e07ce7bf5,3,plan_7209297490c788dd,True,False,,session_runner_autospawn_temp_worker,0.041791679,/home/ubuntu/quantum-workload-architecture/artifacts/session_runner/ovh_session_runner_prototype_v1/sessions/session_runner_autospawn_temp_worker/same_run08_x8/repeat_2/requests/same_run08_x8_r2_03_run08.execution.json
same_run08_x8_r2_04_run08,/home/ubuntu/quantum-workload-architecture/workloads/manifests/imported/ovh_v2/08_parity_iqp_batched_heldout_medium.yaml,session_runner_autospawn_temp_worker,same_run08_x8,2,0.04229038,0.04229038,0.003241369,0.040628829,0.000104288,2.628e-06,wrk_6763d91e07ce7bf5,4,plan_7209297490c788dd,True,False,,session_runner_autospawn_temp_worker,0.04229038,/home/ubuntu/quantum-workload-architecture/artifacts/session_runner/ovh_session_runner_prototype_v1/sessions/session_runner_autospawn_temp_worker/same_run08_x8/repeat_2/requests/same_run08_x8_r2_04_run08.execution.json
same_run08_x8_r2_05_run08,/home/ubuntu/quantum-workload-architecture/workloads/manifests/imported/ovh_v2/08_parity_iqp_batched_heldout_medium.yaml,session_runner_autospawn_temp_worker,same_run08_x8,2,0.041548049,0.041548049,0.002902142,0.040219525,8.4501e-05,2.482e-06,wrk_6763d91e07ce7bf5,5,plan_7209297490c788dd,True,False,,session_runner_autospawn_temp_worker,0.041548049,/home/ubuntu/quantum-workload-architecture/artifacts/session_runner/ovh_session_runner_prototype_v1/sessions/session_runner_autospawn_temp_worker/same_run08_x8/repeat_2/requests/same_run08_x8_r2_05_run08.execution.json
same_run08_x8_r2_06_run08,/home/ubuntu/quantum-workload-architecture/workloads/manifests/imported/ovh_v2/08_parity_iqp_batched_heldout_medium.yaml,session_runner_autospawn_temp_worker,same_run08_x8,2,0.050568878,0.050568878,0.003199821,0.049102573,0.000140553,2.523e-06,wrk_6763d91e07ce7bf5,6,plan_7209297490c788dd,True,False,,session_runner_autospawn_temp_worker,0.050568878,/home/ubuntu/quantum-workload-architecture/artifacts/session_runner/ovh_session_runner_prototype_v1/sessions/session_runner_autospawn_temp_worker/same_run08_x8/repeat_2/requests/same_run08_x8_r2_06_run08.execution.json
same_run08_x8_r2_07_run08,/home/ubuntu/quantum-workload-architecture/workloads/manifests/imported/ovh_v2/08_parity_iqp_batched_heldout_medium.yaml,session_runner_autospawn_temp_worker,same_run08_x8,2,0.049550872,0.049550872,0.003121958,0.048219577,9.9469e-05,3.051e-06,wrk_6763d91e07ce7bf5,7,plan_7209297490c788dd,True,False,,session_runner_autospawn_temp_worker,0.049550872,/home/ubuntu/quantum-workload-architecture/artifacts/session_runner/ovh_session_runner_prototype_v1/sessions/session_runner_autospawn_temp_worker/same_run08_x8/repeat_2/requests/same_run08_x8_r2_07_run08.execution.json
same_run08_x8_r2_08_run08,/home/ubuntu/quantum-workload-architecture/workloads/manifests/imported/ovh_v2/08_parity_iqp_batched_heldout_medium.yaml,session_runner_autospawn_temp_worker,same_run08_x8,2,0.050986429,0.050986429,0.003186438,0.049585615,0.000103031,2.487e-06,wrk_6763d91e07ce7bf5,8,plan_7209297490c788dd,True,False,,session_runner_autospawn_temp_worker,0.050986429,/home/ubuntu/quantum-workload-architecture/artifacts/session_runner/ovh_session_runner_prototype_v1/sessions/session_runner_autospawn_temp_worker/same_run08_x8/repeat_2/requests/same_run08_x8_r2_08_run08.execution.json
mixed_trio_x6_r2_01_run01,/home/ubuntu/quantum-workload-architecture/workloads/manifests/imported/ovh_v2/01_real_dense_ring6_amplitude.yaml,session_runner_autospawn_temp_worker,mixed_trio_x6,2,0.181979895,0.181979895,0.003533941,0.180407272,0.000109723,2.943e-06,wrk_2d12f65be8e85ae0,1,plan_9681ead327789de4,True,False,,session_runner_autospawn_temp_worker,0.181979895,/home/ubuntu/quantum-workload-architecture/artifacts/session_runner/ovh_session_runner_prototype_v1/sessions/session_runner_autospawn_temp_worker/mixed_trio_x6/repeat_2/requests/mixed_trio_x6_r2_01_run01.execution.json
mixed_trio_x6_r2_02_run06,/home/ubuntu/quantum-workload-architecture/workloads/manifests/imported/ovh_v2/06_star_graph_phase_amplitude_heldout_low.yaml,session_runner_autospawn_temp_worker,mixed_trio_x6,2,0.051140507,0.051140507,0.003118141,0.049815449,8.6061e-05,2.66e-06,wrk_2d12f65be8e85ae0,2,plan_1e9bb43cfe444bbb,True,False,,session_runner_autospawn_temp_worker,0.051140507,/home/ubuntu/quantum-workload-architecture/artifacts/session_runner/ovh_session_runner_prototype_v1/sessions/session_runner_autospawn_temp_worker/mixed_trio_x6/repeat_2/requests/mixed_trio_x6_r2_02_run06.execution.json
mixed_trio_x6_r2_03_run08,/home/ubuntu/quantum-workload-architecture/workloads/manifests/imported/ovh_v2/08_parity_iqp_batched_heldout_medium.yaml,session_runner_autospawn_temp_worker,mixed_trio_x6,2,0.041383469,0.041383469,0.002908307,0.040084923,8.1427e-05,2.397e-06,wrk_2d12f65be8e85ae0,3,plan_7209297490c788dd,True,False,,session_runner_autospawn_temp_worker,0.041383469,/home/ubuntu/quantum-workload-architecture/artifacts/session_runner/ovh_session_runner_prototype_v1/sessions/session_runner_autospawn_temp_worker/mixed_trio_x6/repeat_2/requests/mixed_trio_x6_r2_03_run08.execution.json
mixed_trio_x6_r2_04_run01,/home/ubuntu/quantum-workload-architecture/workloads/manifests/imported/ovh_v2/01_real_dense_ring6_amplitude.yaml,session_runner_autospawn_temp_worker,mixed_trio_x6,2,0.042807886,0.042807886,0.002977692,0.041560798,8.1965e-05,2.102e-06,wrk_2d12f65be8e85ae0,4,plan_9681ead327789de4,True,False,,session_runner_autospawn_temp_worker,0.042807886,/home/ubuntu/quantum-workload-architecture/artifacts/session_runner/ovh_session_runner_prototype_v1/sessions/session_runner_autospawn_temp_worker/mixed_trio_x6/repeat_2/requests/mixed_trio_x6_r2_04_run01.execution.json
mixed_trio_x6_r2_05_run06,/home/ubuntu/quantum-workload-architecture/workloads/manifests/imported/ovh_v2/06_star_graph_phase_amplitude_heldout_low.yaml,session_runner_autospawn_temp_worker,mixed_trio_x6,2,0.046327132,0.046327132,0.003020234,0.04502294,8.0675e-05,2.061e-06,wrk_2d12f65be8e85ae0,5,plan_1e9bb43cfe444bbb,True,False,,session_runner_autospawn_temp_worker,0.046327132,/home/ubuntu/quantum-workload-architecture/artifacts/session_runner/ovh_session_runner_prototype_v1/sessions/session_runner_autospawn_temp_worker/mixed_trio_x6/repeat_2/requests/mixed_trio_x6_r2_05_run06.execution.json
mixed_trio_x6_r2_06_run08,/home/ubuntu/quantum-workload-architecture/workloads/manifests/imported/ovh_v2/08_parity_iqp_batched_heldout_medium.yaml,session_runner_autospawn_temp_worker,mixed_trio_x6,2,0.043852154,0.043852154,0.003116882,0.042430516,8.1213e-05,2.431e-06,wrk_2d12f65be8e85ae0,6,plan_7209297490c788dd,True,False,,session_runner_autospawn_temp_worker,0.043852154,/home/ubuntu/quantum-workload-architecture/artifacts/session_runner/ovh_session_runner_prototype_v1/sessions/session_runner_autospawn_temp_worker/mixed_trio_x6/repeat_2/requests/mixed_trio_x6_r2_06_run08.execution.json
same_run01_x1_r3_01_run01,/home/ubuntu/quantum-workload-architecture/workloads/manifests/imported/ovh_v2/01_real_dense_ring6_amplitude.yaml,session_runner_autospawn_temp_worker,same_run01_x1,3,0.197829953,0.197829953,0.00354553,0.196329519,0.000142159,5.658e-06,wrk_3068b84af578cdcd,1,plan_9681ead327789de4,True,False,,session_runner_autospawn_temp_worker,0.197829953,/home/ubuntu/quantum-workload-architecture/artifacts/session_runner/ovh_session_runner_prototype_v1/sessions/session_runner_autospawn_temp_worker/same_run01_x1/repeat_3/requests/same_run01_x1_r3_01_run01.execution.json
same_run01_x2_r3_01_run01,/home/ubuntu/quantum-workload-architecture/workloads/manifests/imported/ovh_v2/01_real_dense_ring6_amplitude.yaml,session_runner_autospawn_temp_worker,same_run01_x2,3,0.159079891,0.159079891,0.003303722,0.157669939,0.000110417,2.714e-06,wrk_4aad4aaa6ff374c8,1,plan_9681ead327789de4,True,False,,session_runner_autospawn_temp_worker,0.159079891,/home/ubuntu/quantum-workload-architecture/artifacts/session_runner/ovh_session_runner_prototype_v1/sessions/session_runner_autospawn_temp_worker/same_run01_x2/repeat_3/requests/same_run01_x2_r3_01_run01.execution.json
same_run01_x2_r3_02_run01,/home/ubuntu/quantum-workload-architecture/workloads/manifests/imported/ovh_v2/01_real_dense_ring6_amplitude.yaml,session_runner_autospawn_temp_worker,same_run01_x2,3,0.047656997,0.047656997,0.003077293,0.046364996,9.6566e-05,3.075e-06,wrk_4aad4aaa6ff374c8,2,plan_9681ead327789de4,True,False,,session_runner_autospawn_temp_worker,0.047656997,/home/ubuntu/quantum-workload-architecture/artifacts/session_runner/ovh_session_runner_prototype_v1/sessions/session_runner_autospawn_temp_worker/same_run01_x2/repeat_3/requests/same_run01_x2_r3_02_run01.execution.json
same_run01_x4_r3_01_run01,/home/ubuntu/quantum-workload-architecture/workloads/manifests/imported/ovh_v2/01_real_dense_ring6_amplitude.yaml,session_runner_autospawn_temp_worker,same_run01_x4,3,0.159569869,0.159569869,0.003592848,0.15789109,0.000114781,2.759e-06,wrk_691a4a513c122277,1,plan_9681ead327789de4,True,False,,session_runner_autospawn_temp_worker,0.159569869,/home/ubuntu/quantum-workload-architecture/artifacts/session_runner/ovh_session_runner_prototype_v1/sessions/session_runner_autospawn_temp_worker/same_run01_x4/repeat_3/requests/same_run01_x4_r3_01_run01.execution.json
same_run01_x4_r3_02_run01,/home/ubuntu/quantum-workload-architecture/workloads/manifests/imported/ovh_v2/01_real_dense_ring6_amplitude.yaml,session_runner_autospawn_temp_worker,same_run01_x4,3,0.047837088,0.047837088,0.003104325,0.046474639,8.6637e-05,2.657e-06,wrk_691a4a513c122277,2,plan_9681ead327789de4,True,False,,session_runner_autospawn_temp_worker,0.047837088,/home/ubuntu/quantum-workload-architecture/artifacts/session_runner/ovh_session_runner_prototype_v1/sessions/session_runner_autospawn_temp_worker/same_run01_x4/repeat_3/requests/same_run01_x4_r3_02_run01.execution.json
same_run01_x4_r3_03_run01,/home/ubuntu/quantum-workload-architecture/workloads/manifests/imported/ovh_v2/01_real_dense_ring6_amplitude.yaml,session_runner_autospawn_temp_worker,same_run01_x4,3,0.042890466,0.042890466,0.002954504,0.04159677,8.7595e-05,2.322e-06,wrk_691a4a513c122277,3,plan_9681ead327789de4,True,False,,session_runner_autospawn_temp_worker,0.042890466,/home/ubuntu/quantum-workload-architecture/artifacts/session_runner/ovh_session_runner_prototype_v1/sessions/session_runner_autospawn_temp_worker/same_run01_x4/repeat_3/requests/same_run01_x4_r3_03_run01.execution.json
same_run01_x4_r3_04_run01,/home/ubuntu/quantum-workload-architecture/workloads/manifests/imported/ovh_v2/01_real_dense_ring6_amplitude.yaml,session_runner_autospawn_temp_worker,same_run01_x4,3,0.096772745,0.096772745,0.00427557,0.094931106,0.000252345,2.342e-06,wrk_691a4a513c122277,4,plan_9681ead327789de4,True,False,,session_runner_autospawn_temp_worker,0.096772745,/home/ubuntu/quantum-workload-architecture/artifacts/session_runner/ovh_session_runner_prototype_v1/sessions/session_runner_autospawn_temp_worker/same_run01_x4/repeat_3/requests/same_run01_x4_r3_04_run01.execution.json
same_run01_x8_r3_01_run01,/home/ubuntu/quantum-workload-architecture/workloads/manifests/imported/ovh_v2/01_real_dense_ring6_amplitude.yaml,session_runner_autospawn_temp_worker,same_run01_x8,3,0.160221051,0.160221051,0.003236856,0.158879071,0.000112056,2.677e-06,wrk_96edb6fcb496fc6a,1,plan_9681ead327789de4,True,False,,session_runner_autospawn_temp_worker,0.160221051,/home/ubuntu/quantum-workload-architecture/artifacts/session_runner/ovh_session_runner_prototype_v1/sessions/session_runner_autospawn_temp_worker/same_run01_x8/repeat_3/requests/same_run01_x8_r3_01_run01.execution.json
same_run01_x8_r3_02_run01,/home/ubuntu/quantum-workload-architecture/workloads/manifests/imported/ovh_v2/01_real_dense_ring6_amplitude.yaml,session_runner_autospawn_temp_worker,same_run01_x8,3,0.047520445,0.047520445,0.002808422,0.046439862,8.9591e-05,3.003e-06,wrk_96edb6fcb496fc6a,2,plan_9681ead327789de4,True,False,,session_runner_autospawn_temp_worker,0.047520445,/home/ubuntu/quantum-workload-architecture/artifacts/session_runner/ovh_session_runner_prototype_v1/sessions/session_runner_autospawn_temp_worker/same_run01_x8/repeat_3/requests/same_run01_x8_r3_02_run01.execution.json
same_run01_x8_r3_03_run01,/home/ubuntu/quantum-workload-architecture/workloads/manifests/imported/ovh_v2/01_real_dense_ring6_amplitude.yaml,session_runner_autospawn_temp_worker,same_run01_x8,3,0.042836916,0.042836916,0.002502456,0.042055892,8.0095e-05,2.415e-06,wrk_96edb6fcb496fc6a,3,plan_9681ead327789de4,True,False,,session_runner_autospawn_temp_worker,0.042836916,/home/ubuntu/quantum-workload-architecture/artifacts/session_runner/ovh_session_runner_prototype_v1/sessions/session_runner_autospawn_temp_worker/same_run01_x8/repeat_3/requests/same_run01_x8_r3_03_run01.execution.json
same_run01_x8_r3_04_run01,/home/ubuntu/quantum-workload-architecture/workloads/manifests/imported/ovh_v2/01_real_dense_ring6_amplitude.yaml,session_runner_autospawn_temp_worker,same_run01_x8,3,0.043177242,0.043177242,0.002782049,0.042152166,9.202e-05,2.545e-06,wrk_96edb6fcb496fc6a,4,plan_9681ead327789de4,True,False,,session_runner_autospawn_temp_worker,0.043177242,/home/ubuntu/quantum-workload-architecture/artifacts/session_runner/ovh_session_runner_prototype_v1/sessions/session_runner_autospawn_temp_worker/same_run01_x8/repeat_3/requests/same_run01_x8_r3_04_run01.execution.json
same_run01_x8_r3_05_run01,/home/ubuntu/quantum-workload-architecture/workloads/manifests/imported/ovh_v2/01_real_dense_ring6_amplitude.yaml,session_runner_autospawn_temp_worker,same_run01_x8,3,0.043810548,0.043810548,0.003051469,0.042590537,8.3968e-05,2.865e-06,wrk_96edb6fcb496fc6a,5,plan_9681ead327789de4,True,False,,session_runner_autospawn_temp_worker,0.043810548,/home/ubuntu/quantum-workload-architecture/artifacts/session_runner/ovh_session_runner_prototype_v1/sessions/session_runner_autospawn_temp_worker/same_run01_x8/repeat_3/requests/same_run01_x8_r3_05_run01.execution.json
same_run01_x8_r3_06_run01,/home/ubuntu/quantum-workload-architecture/workloads/manifests/imported/ovh_v2/01_real_dense_ring6_amplitude.yaml,session_runner_autospawn_temp_worker,same_run01_x8,3,0.043122195,0.043122195,0.002523706,0.042372414,8.2485e-05,2.382e-06,wrk_96edb6fcb496fc6a,6,plan_9681ead327789de4,True,False,,session_runner_autospawn_temp_worker,0.043122195,/home/ubuntu/quantum-workload-architecture/artifacts/session_runner/ovh_session_runner_prototype_v1/sessions/session_runner_autospawn_temp_worker/same_run01_x8/repeat_3/requests/same_run01_x8_r3_06_run01.execution.json
same_run01_x8_r3_07_run01,/home/ubuntu/quantum-workload-architecture/workloads/manifests/imported/ovh_v2/01_real_dense_ring6_amplitude.yaml,session_runner_autospawn_temp_worker,same_run01_x8,3,0.043210311,0.043210311,0.00249953,0.042519178,7.6789e-05,2.689e-06,wrk_96edb6fcb496fc6a,7,plan_9681ead327789de4,True,False,,session_runner_autospawn_temp_worker,0.043210311,/home/ubuntu/quantum-workload-architecture/artifacts/session_runner/ovh_session_runner_prototype_v1/sessions/session_runner_autospawn_temp_worker/same_run01_x8/repeat_3/requests/same_run01_x8_r3_07_run01.execution.json
same_run01_x8_r3_08_run01,/home/ubuntu/quantum-workload-architecture/workloads/manifests/imported/ovh_v2/01_real_dense_ring6_amplitude.yaml,session_runner_autospawn_temp_worker,same_run01_x8,3,0.092953235,0.092953235,0.003787837,0.091551691,0.000281788,2.622e-06,wrk_96edb6fcb496fc6a,8,plan_9681ead327789de4,True,False,,session_runner_autospawn_temp_worker,0.092953235,/home/ubuntu/quantum-workload-architecture/artifacts/session_runner/ovh_session_runner_prototype_v1/sessions/session_runner_autospawn_temp_worker/same_run01_x8/repeat_3/requests/same_run01_x8_r3_08_run01.execution.json
same_run06_x1_r3_01_run06,/home/ubuntu/quantum-workload-architecture/workloads/manifests/imported/ovh_v2/06_star_graph_phase_amplitude_heldout_low.yaml,session_runner_autospawn_temp_worker,same_run06_x1,3,0.166624123,0.166624123,0.003582459,0.164927456,0.000134902,3.413e-06,wrk_4a3c8eae8788ebf7,1,plan_1e9bb43cfe444bbb,True,False,,session_runner_autospawn_temp_worker,0.166624123,/home/ubuntu/quantum-workload-architecture/artifacts/session_runner/ovh_session_runner_prototype_v1/sessions/session_runner_autospawn_temp_worker/same_run06_x1/repeat_3/requests/same_run06_x1_r3_01_run06.execution.json
same_run06_x2_r3_01_run06,/home/ubuntu/quantum-workload-architecture/workloads/manifests/imported/ovh_v2/06_star_graph_phase_amplitude_heldout_low.yaml,session_runner_autospawn_temp_worker,same_run06_x2,3,0.164835953,0.164835953,0.002908605,0.163933122,0.000116651,3.263e-06,wrk_69152217444d0ef2,1,plan_1e9bb43cfe444bbb,True,False,,session_runner_autospawn_temp_worker,0.164835953,/home/ubuntu/quantum-workload-architecture/artifacts/session_runner/ovh_session_runner_prototype_v1/sessions/session_runner_autospawn_temp_worker/same_run06_x2/repeat_3/requests/same_run06_x2_r3_01_run06.execution.json
same_run06_x2_r3_02_run06,/home/ubuntu/quantum-workload-architecture/workloads/manifests/imported/ovh_v2/06_star_graph_phase_amplitude_heldout_low.yaml,session_runner_autospawn_temp_worker,same_run06_x2,3,0.050617629,0.050617629,0.002565457,0.049841406,9.1009e-05,3.052e-06,wrk_69152217444d0ef2,2,plan_1e9bb43cfe444bbb,True,False,,session_runner_autospawn_temp_worker,0.050617629,/home/ubuntu/quantum-workload-architecture/artifacts/session_runner/ovh_session_runner_prototype_v1/sessions/session_runner_autospawn_temp_worker/same_run06_x2/repeat_3/requests/same_run06_x2_r3_02_run06.execution.json
same_run06_x4_r3_01_run06,/home/ubuntu/quantum-workload-architecture/workloads/manifests/imported/ovh_v2/06_star_graph_phase_amplitude_heldout_low.yaml,session_runner_autospawn_temp_worker,same_run06_x4,3,0.209126533,0.209126533,0.003926171,0.207599827,0.000172171,3.285e-06,wrk_d2e9de57befd55d9,1,plan_1e9bb43cfe444bbb,True,False,,session_runner_autospawn_temp_worker,0.209126533,/home/ubuntu/quantum-workload-architecture/artifacts/session_runner/ovh_session_runner_prototype_v1/sessions/session_runner_autospawn_temp_worker/same_run06_x4/repeat_3/requests/same_run06_x4_r3_01_run06.execution.json
same_run06_x4_r3_02_run06,/home/ubuntu/quantum-workload-architecture/workloads/manifests/imported/ovh_v2/06_star_graph_phase_amplitude_heldout_low.yaml,session_runner_autospawn_temp_worker,same_run06_x4,3,0.063642087,0.063642087,0.003406621,0.062247601,0.000112443,3.232e-06,wrk_d2e9de57befd55d9,2,plan_1e9bb43cfe444bbb,True,False,,session_runner_autospawn_temp_worker,0.063642087,/home/ubuntu/quantum-workload-architecture/artifacts/session_runner/ovh_session_runner_prototype_v1/sessions/session_runner_autospawn_temp_worker/same_run06_x4/repeat_3/requests/same_run06_x4_r3_02_run06.execution.json
same_run06_x4_r3_03_run06,/home/ubuntu/quantum-workload-architecture/workloads/manifests/imported/ovh_v2/06_star_graph_phase_amplitude_heldout_low.yaml,session_runner_autospawn_temp_worker,same_run06_x4,3,0.059104147,0.059104147,0.003264816,0.057817111,0.000114443,3.173e-06,wrk_d2e9de57befd55d9,3,plan_1e9bb43cfe444bbb,True,False,,session_runner_autospawn_temp_worker,0.059104147,/home/ubuntu/quantum-workload-architecture/artifacts/session_runner/ovh_session_runner_prototype_v1/sessions/session_runner_autospawn_temp_worker/same_run06_x4/repeat_3/requests/same_run06_x4_r3_03_run06.execution.json
same_run06_x4_r3_04_run06,/home/ubuntu/quantum-workload-architecture/workloads/manifests/imported/ovh_v2/06_star_graph_phase_amplitude_heldout_low.yaml,session_runner_autospawn_temp_worker,same_run06_x4,3,0.056031226,0.056031226,0.003161468,0.054850865,0.00011912,2.711e-06,wrk_d2e9de57befd55d9,4,plan_1e9bb43cfe444bbb,True,False,,session_runner_autospawn_temp_worker,0.056031226,/home/ubuntu/quantum-workload-architecture/artifacts/session_runner/ovh_session_runner_prototype_v1/sessions/session_runner_autospawn_temp_worker/same_run06_x4/repeat_3/requests/same_run06_x4_r3_04_run06.execution.json
same_run06_x8_r3_01_run06,/home/ubuntu/quantum-workload-architecture/workloads/manifests/imported/ovh_v2/06_star_graph_phase_amplitude_heldout_low.yaml,session_runner_autospawn_temp_worker,same_run06_x8,3,0.161086549,0.161086549,0.003488063,0.159502801,0.000107878,2.731e-06,wrk_5e16ea470a0fe00a,1,plan_1e9bb43cfe444bbb,True,False,,session_runner_autospawn_temp_worker,0.161086549,/home/ubuntu/quantum-workload-architecture/artifacts/session_runner/ovh_session_runner_prototype_v1/sessions/session_runner_autospawn_temp_worker/same_run06_x8/repeat_3/requests/same_run06_x8_r3_01_run06.execution.json
same_run06_x8_r3_02_run06,/home/ubuntu/quantum-workload-architecture/workloads/manifests/imported/ovh_v2/06_star_graph_phase_amplitude_heldout_low.yaml,session_runner_autospawn_temp_worker,same_run06_x8,3,0.050570729,0.050570729,0.003034586,0.049225827,8.6986e-05,2.901e-06,wrk_5e16ea470a0fe00a,2,plan_1e9bb43cfe444bbb,True,False,,session_runner_autospawn_temp_worker,0.050570729,/home/ubuntu/quantum-workload-architecture/artifacts/session_runner/ovh_session_runner_prototype_v1/sessions/session_runner_autospawn_temp_worker/same_run06_x8/repeat_3/requests/same_run06_x8_r3_02_run06.execution.json
same_run06_x8_r3_03_run06,/home/ubuntu/quantum-workload-architecture/workloads/manifests/imported/ovh_v2/06_star_graph_phase_amplitude_heldout_low.yaml,session_runner_autospawn_temp_worker,same_run06_x8,3,0.045606188,0.045606188,0.002939703,0.044301315,8.4864e-05,2.252e-06,wrk_5e16ea470a0fe00a,3,plan_1e9bb43cfe444bbb,True,False,,session_runner_autospawn_temp_worker,0.045606188,/home/ubuntu/quantum-workload-architecture/artifacts/session_runner/ovh_session_runner_prototype_v1/sessions/session_runner_autospawn_temp_worker/same_run06_x8/repeat_3/requests/same_run06_x8_r3_03_run06.execution.json
same_run06_x8_r3_04_run06,/home/ubuntu/quantum-workload-architecture/workloads/manifests/imported/ovh_v2/06_star_graph_phase_amplitude_heldout_low.yaml,session_runner_autospawn_temp_worker,same_run06_x8,3,0.045679798,0.045679798,0.002925943,0.044346465,0.000106052,2.093e-06,wrk_5e16ea470a0fe00a,4,plan_1e9bb43cfe444bbb,True,False,,session_runner_autospawn_temp_worker,0.045679798,/home/ubuntu/quantum-workload-architecture/artifacts/session_runner/ovh_session_runner_prototype_v1/sessions/session_runner_autospawn_temp_worker/same_run06_x8/repeat_3/requests/same_run06_x8_r3_04_run06.execution.json
same_run06_x8_r3_05_run06,/home/ubuntu/quantum-workload-architecture/workloads/manifests/imported/ovh_v2/06_star_graph_phase_amplitude_heldout_low.yaml,session_runner_autospawn_temp_worker,same_run06_x8,3,0.045698883,0.045698883,0.003002691,0.044374072,9.5075e-05,2.215e-06,wrk_5e16ea470a0fe00a,5,plan_1e9bb43cfe444bbb,True,False,,session_runner_autospawn_temp_worker,0.045698883,/home/ubuntu/quantum-workload-architecture/artifacts/session_runner/ovh_session_runner_prototype_v1/sessions/session_runner_autospawn_temp_worker/same_run06_x8/repeat_3/requests/same_run06_x8_r3_05_run06.execution.json
same_run06_x8_r3_06_run06,/home/ubuntu/quantum-workload-architecture/workloads/manifests/imported/ovh_v2/06_star_graph_phase_amplitude_heldout_low.yaml,session_runner_autospawn_temp_worker,same_run06_x8,3,0.046302225,0.046302225,0.003077755,0.044942054,8.093e-05,2.299e-06,wrk_5e16ea470a0fe00a,6,plan_1e9bb43cfe444bbb,True,False,,session_runner_autospawn_temp_worker,0.046302225,/home/ubuntu/quantum-workload-architecture/artifacts/session_runner/ovh_session_runner_prototype_v1/sessions/session_runner_autospawn_temp_worker/same_run06_x8/repeat_3/requests/same_run06_x8_r3_06_run06.execution.json
same_run06_x8_r3_07_run06,/home/ubuntu/quantum-workload-architecture/workloads/manifests/imported/ovh_v2/06_star_graph_phase_amplitude_heldout_low.yaml,session_runner_autospawn_temp_worker,same_run06_x8,3,0.046185162,0.046185162,0.002952313,0.044909906,8.4224e-05,2.328e-06,wrk_5e16ea470a0fe00a,7,plan_1e9bb43cfe444bbb,True,False,,session_runner_autospawn_temp_worker,0.046185162,/home/ubuntu/quantum-workload-architecture/artifacts/session_runner/ovh_session_runner_prototype_v1/sessions/session_runner_autospawn_temp_worker/same_run06_x8/repeat_3/requests/same_run06_x8_r3_07_run06.execution.json
same_run06_x8_r3_08_run06,/home/ubuntu/quantum-workload-architecture/workloads/manifests/imported/ovh_v2/06_star_graph_phase_amplitude_heldout_low.yaml,session_runner_autospawn_temp_worker,same_run06_x8,3,0.04555702,0.04555702,0.002911044,0.044291373,8.2839e-05,2.337e-06,wrk_5e16ea470a0fe00a,8,plan_1e9bb43cfe444bbb,True,False,,session_runner_autospawn_temp_worker,0.04555702,/home/ubuntu/quantum-workload-architecture/artifacts/session_runner/ovh_session_runner_prototype_v1/sessions/session_runner_autospawn_temp_worker/same_run06_x8/repeat_3/requests/same_run06_x8_r3_08_run06.execution.json
same_run08_x1_r3_01_run08,/home/ubuntu/quantum-workload-architecture/workloads/manifests/imported/ovh_v2/08_parity_iqp_batched_heldout_medium.yaml,session_runner_autospawn_temp_worker,same_run08_x1,3,0.158958851,0.158958851,0.003163183,0.157528309,0.000115212,2.806e-06,wrk_e6349f7b7eee4b75,1,plan_7209297490c788dd,True,False,,session_runner_autospawn_temp_worker,0.158958851,/home/ubuntu/quantum-workload-architecture/artifacts/session_runner/ovh_session_runner_prototype_v1/sessions/session_runner_autospawn_temp_worker/same_run08_x1/repeat_3/requests/same_run08_x1_r3_01_run08.execution.json
same_run08_x2_r3_01_run08,/home/ubuntu/quantum-workload-architecture/workloads/manifests/imported/ovh_v2/08_parity_iqp_batched_heldout_medium.yaml,session_runner_autospawn_temp_worker,same_run08_x2,3,0.155865235,0.155865235,0.003258903,0.154418109,0.000140265,2.72e-06,wrk_8b390ac362b6b090,1,plan_7209297490c788dd,True,False,,session_runner_autospawn_temp_worker,0.155865235,/home/ubuntu/quantum-workload-architecture/artifacts/session_runner/ovh_session_runner_prototype_v1/sessions/session_runner_autospawn_temp_worker/same_run08_x2/repeat_3/requests/same_run08_x2_r3_01_run08.execution.json
same_run08_x2_r3_02_run08,/home/ubuntu/quantum-workload-architecture/workloads/manifests/imported/ovh_v2/08_parity_iqp_batched_heldout_medium.yaml,session_runner_autospawn_temp_worker,same_run08_x2,3,0.046107266,0.046107266,0.002994173,0.044752049,9.1215e-05,2.929e-06,wrk_8b390ac362b6b090,2,plan_7209297490c788dd,True,False,,session_runner_autospawn_temp_worker,0.046107266,/home/ubuntu/quantum-workload-architecture/artifacts/session_runner/ovh_session_runner_prototype_v1/sessions/session_runner_autospawn_temp_worker/same_run08_x2/repeat_3/requests/same_run08_x2_r3_02_run08.execution.json
same_run08_x4_r3_01_run08,/home/ubuntu/quantum-workload-architecture/workloads/manifests/imported/ovh_v2/08_parity_iqp_batched_heldout_medium.yaml,session_runner_autospawn_temp_worker,same_run08_x4,3,0.155420175,0.155420175,0.003190974,0.15402327,0.000115012,2.726e-06,wrk_282270d7fadc0d6a,1,plan_7209297490c788dd,True,False,,session_runner_autospawn_temp_worker,0.155420175,/home/ubuntu/quantum-workload-architecture/artifacts/session_runner/ovh_session_runner_prototype_v1/sessions/session_runner_autospawn_temp_worker/same_run08_x4/repeat_3/requests/same_run08_x4_r3_01_run08.execution.json
same_run08_x4_r3_02_run08,/home/ubuntu/quantum-workload-architecture/workloads/manifests/imported/ovh_v2/08_parity_iqp_batched_heldout_medium.yaml,session_runner_autospawn_temp_worker,same_run08_x4,3,0.046714998,0.046714998,0.003079457,0.045356797,9.5734e-05,2.863e-06,wrk_282270d7fadc0d6a,2,plan_7209297490c788dd,True,False,,session_runner_autospawn_temp_worker,0.046714998,/home/ubuntu/quantum-workload-architecture/artifacts/session_runner/ovh_session_runner_prototype_v1/sessions/session_runner_autospawn_temp_worker/same_run08_x4/repeat_3/requests/same_run08_x4_r3_02_run08.execution.json
same_run08_x4_r3_03_run08,/home/ubuntu/quantum-workload-architecture/workloads/manifests/imported/ovh_v2/08_parity_iqp_batched_heldout_medium.yaml,session_runner_autospawn_temp_worker,same_run08_x4,3,0.041618122,0.041618122,0.002881567,0.040391056,8.2843e-05,2.196e-06,wrk_282270d7fadc0d6a,3,plan_7209297490c788dd,True,False,,session_runner_autospawn_temp_worker,0.041618122,/home/ubuntu/quantum-workload-architecture/artifacts/session_runner/ovh_session_runner_prototype_v1/sessions/session_runner_autospawn_temp_worker/same_run08_x4/repeat_3/requests/same_run08_x4_r3_03_run08.execution.json
same_run08_x4_r3_04_run08,/home/ubuntu/quantum-workload-architecture/workloads/manifests/imported/ovh_v2/08_parity_iqp_batched_heldout_medium.yaml,session_runner_autospawn_temp_worker,same_run08_x4,3,0.041084205,0.041084205,0.002820933,0.039860954,8.5506e-05,2.449e-06,wrk_282270d7fadc0d6a,4,plan_7209297490c788dd,True,False,,session_runner_autospawn_temp_worker,0.041084205,/home/ubuntu/quantum-workload-architecture/artifacts/session_runner/ovh_session_runner_prototype_v1/sessions/session_runner_autospawn_temp_worker/same_run08_x4/repeat_3/requests/same_run08_x4_r3_04_run08.execution.json
same_run08_x8_r3_01_run08,/home/ubuntu/quantum-workload-architecture/workloads/manifests/imported/ovh_v2/08_parity_iqp_batched_heldout_medium.yaml,session_runner_autospawn_temp_worker,same_run08_x8,3,0.159105146,0.159105146,0.003429489,0.15767877,0.000110832,3.88e-06,wrk_5c3dc66ce5debd69,1,plan_7209297490c788dd,True,False,,session_runner_autospawn_temp_worker,0.159105146,/home/ubuntu/quantum-workload-architecture/artifacts/session_runner/ovh_session_runner_prototype_v1/sessions/session_runner_autospawn_temp_worker/same_run08_x8/repeat_3/requests/same_run08_x8_r3_01_run08.execution.json
same_run08_x8_r3_02_run08,/home/ubuntu/quantum-workload-architecture/workloads/manifests/imported/ovh_v2/08_parity_iqp_batched_heldout_medium.yaml,session_runner_autospawn_temp_worker,same_run08_x8,3,0.046967291,0.046967291,0.002839774,0.045899042,0.000148971,2.934e-06,wrk_5c3dc66ce5debd69,2,plan_7209297490c788dd,True,False,,session_runner_autospawn_temp_worker,0.046967291,/home/ubuntu/quantum-workload-architecture/artifacts/session_runner/ovh_session_runner_prototype_v1/sessions/session_runner_autospawn_temp_worker/same_run08_x8/repeat_3/requests/same_run08_x8_r3_02_run08.execution.json
same_run08_x8_r3_03_run08,/home/ubuntu/quantum-workload-architecture/workloads/manifests/imported/ovh_v2/08_parity_iqp_batched_heldout_medium.yaml,session_runner_autospawn_temp_worker,same_run08_x8,3,0.041985691,0.041985691,0.00285122,0.040690596,8.3407e-05,2.41e-06,wrk_5c3dc66ce5debd69,3,plan_7209297490c788dd,True,False,,session_runner_autospawn_temp_worker,0.041985691,/home/ubuntu/quantum-workload-architecture/artifacts/session_runner/ovh_session_runner_prototype_v1/sessions/session_runner_autospawn_temp_worker/same_run08_x8/repeat_3/requests/same_run08_x8_r3_03_run08.execution.json
same_run08_x8_r3_04_run08,/home/ubuntu/quantum-workload-architecture/workloads/manifests/imported/ovh_v2/08_parity_iqp_batched_heldout_medium.yaml,session_runner_autospawn_temp_worker,same_run08_x8,3,0.042865822,0.042865822,0.003053259,0.041482845,8.2122e-05,2.331e-06,wrk_5c3dc66ce5debd69,4,plan_7209297490c788dd,True,False,,session_runner_autospawn_temp_worker,0.042865822,/home/ubuntu/quantum-workload-architecture/artifacts/session_runner/ovh_session_runner_prototype_v1/sessions/session_runner_autospawn_temp_worker/same_run08_x8/repeat_3/requests/same_run08_x8_r3_04_run08.execution.json
same_run08_x8_r3_05_run08,/home/ubuntu/quantum-workload-architecture/workloads/manifests/imported/ovh_v2/08_parity_iqp_batched_heldout_medium.yaml,session_runner_autospawn_temp_worker,same_run08_x8,3,0.042554755,0.042554755,0.003288791,0.040837974,8.5707e-05,2.302e-06,wrk_5c3dc66ce5debd69,5,plan_7209297490c788dd,True,False,,session_runner_autospawn_temp_worker,0.042554755,/home/ubuntu/quantum-workload-architecture/artifacts/session_runner/ovh_session_runner_prototype_v1/sessions/session_runner_autospawn_temp_worker/same_run08_x8/repeat_3/requests/same_run08_x8_r3_05_run08.execution.json
same_run08_x8_r3_06_run08,/home/ubuntu/quantum-workload-architecture/workloads/manifests/imported/ovh_v2/08_parity_iqp_batched_heldout_medium.yaml,session_runner_autospawn_temp_worker,same_run08_x8,3,0.042943738,0.042943738,0.003663698,0.04101285,0.00024094,2.437e-06,wrk_5c3dc66ce5debd69,6,plan_7209297490c788dd,True,False,,session_runner_autospawn_temp_worker,0.042943738,/home/ubuntu/quantum-workload-architecture/artifacts/session_runner/ovh_session_runner_prototype_v1/sessions/session_runner_autospawn_temp_worker/same_run08_x8/repeat_3/requests/same_run08_x8_r3_06_run08.execution.json
same_run08_x8_r3_07_run08,/home/ubuntu/quantum-workload-architecture/workloads/manifests/imported/ovh_v2/08_parity_iqp_batched_heldout_medium.yaml,session_runner_autospawn_temp_worker,same_run08_x8,3,0.042646762,0.042646762,0.003277917,0.040977163,8.4701e-05,2.228e-06,wrk_5c3dc66ce5debd69,7,plan_7209297490c788dd,True,False,,session_runner_autospawn_temp_worker,0.042646762,/home/ubuntu/quantum-workload-architecture/artifacts/session_runner/ovh_session_runner_prototype_v1/sessions/session_runner_autospawn_temp_worker/same_run08_x8/repeat_3/requests/same_run08_x8_r3_07_run08.execution.json
same_run08_x8_r3_08_run08,/home/ubuntu/quantum-workload-architecture/workloads/manifests/imported/ovh_v2/08_parity_iqp_batched_heldout_medium.yaml,session_runner_autospawn_temp_worker,same_run08_x8,3,0.041887316,0.041887316,0.003232942,0.04027408,8.1992e-05,2.167e-06,wrk_5c3dc66ce5debd69,8,plan_7209297490c788dd,True,False,,session_runner_autospawn_temp_worker,0.041887316,/home/ubuntu/quantum-workload-architecture/artifacts/session_runner/ovh_session_runner_prototype_v1/sessions/session_runner_autospawn_temp_worker/same_run08_x8/repeat_3/requests/same_run08_x8_r3_08_run08.execution.json
mixed_trio_x6_r3_01_run01,/home/ubuntu/quantum-workload-architecture/workloads/manifests/imported/ovh_v2/01_real_dense_ring6_amplitude.yaml,session_runner_autospawn_temp_worker,mixed_trio_x6,3,0.193964089,0.193964089,0.003546107,0.192493212,0.000131924,2.974e-06,wrk_165508e41e4f3cef,1,plan_9681ead327789de4,True,False,,session_runner_autospawn_temp_worker,0.193964089,/home/ubuntu/quantum-workload-architecture/artifacts/session_runner/ovh_session_runner_prototype_v1/sessions/session_runner_autospawn_temp_worker/mixed_trio_x6/repeat_3/requests/mixed_trio_x6_r3_01_run01.execution.json
mixed_trio_x6_r3_02_run06,/home/ubuntu/quantum-workload-architecture/workloads/manifests/imported/ovh_v2/06_star_graph_phase_amplitude_heldout_low.yaml,session_runner_autospawn_temp_worker,mixed_trio_x6,3,0.051632623,0.051632623,0.003164286,0.050331475,9.8756e-05,2.923e-06,wrk_165508e41e4f3cef,2,plan_1e9bb43cfe444bbb,True,False,,session_runner_autospawn_temp_worker,0.051632623,/home/ubuntu/quantum-workload-architecture/artifacts/session_runner/ovh_session_runner_prototype_v1/sessions/session_runner_autospawn_temp_worker/mixed_trio_x6/repeat_3/requests/mixed_trio_x6_r3_02_run06.execution.json
mixed_trio_x6_r3_03_run08,/home/ubuntu/quantum-workload-architecture/workloads/manifests/imported/ovh_v2/08_parity_iqp_batched_heldout_medium.yaml,session_runner_autospawn_temp_worker,mixed_trio_x6,3,0.041609632,0.041609632,0.002939712,0.040344239,8.6586e-05,2.08e-06,wrk_165508e41e4f3cef,3,plan_7209297490c788dd,True,False,,session_runner_autospawn_temp_worker,0.041609632,/home/ubuntu/quantum-workload-architecture/artifacts/session_runner/ovh_session_runner_prototype_v1/sessions/session_runner_autospawn_temp_worker/mixed_trio_x6/repeat_3/requests/mixed_trio_x6_r3_03_run08.execution.json
mixed_trio_x6_r3_04_run01,/home/ubuntu/quantum-workload-architecture/workloads/manifests/imported/ovh_v2/01_real_dense_ring6_amplitude.yaml,session_runner_autospawn_temp_worker,mixed_trio_x6,3,0.055575197,0.055575197,0.003451168,0.054241953,0.000102616,3.123e-06,wrk_165508e41e4f3cef,4,plan_9681ead327789de4,True,False,,session_runner_autospawn_temp_worker,0.055575197,/home/ubuntu/quantum-workload-architecture/artifacts/session_runner/ovh_session_runner_prototype_v1/sessions/session_runner_autospawn_temp_worker/mixed_trio_x6/repeat_3/requests/mixed_trio_x6_r3_04_run01.execution.json
mixed_trio_x6_r3_05_run06,/home/ubuntu/quantum-workload-architecture/workloads/manifests/imported/ovh_v2/06_star_graph_phase_amplitude_heldout_low.yaml,session_runner_autospawn_temp_worker,mixed_trio_x6,3,0.055980768,0.055980768,0.003313563,0.05461643,0.000107203,2.359e-06,wrk_165508e41e4f3cef,5,plan_1e9bb43cfe444bbb,True,False,,session_runner_autospawn_temp_worker,0.055980768,/home/ubuntu/quantum-workload-architecture/artifacts/session_runner/ovh_session_runner_prototype_v1/sessions/session_runner_autospawn_temp_worker/mixed_trio_x6/repeat_3/requests/mixed_trio_x6_r3_05_run06.execution.json
mixed_trio_x6_r3_06_run08,/home/ubuntu/quantum-workload-architecture/workloads/manifests/imported/ovh_v2/08_parity_iqp_batched_heldout_medium.yaml,session_runner_autospawn_temp_worker,mixed_trio_x6,3,0.053963413,0.053963413,0.003124533,0.052599996,0.000101304,2.191e-06,wrk_165508e41e4f3cef,6,plan_7209297490c788dd,True,False,,session_runner_autospawn_temp_worker,0.053963413,/home/ubuntu/quantum-workload-architecture/artifacts/session_runner/ovh_session_runner_prototype_v1/sessions/session_runner_autospawn_temp_worker/mixed_trio_x6/repeat_3/requests/mixed_trio_x6_r3_06_run08.execution.json
same_run01_x1_r4_01_run01,/home/ubuntu/quantum-workload-architecture/workloads/manifests/imported/ovh_v2/01_real_dense_ring6_amplitude.yaml,session_runner_autospawn_temp_worker,same_run01_x1,4,0.167531675,0.167531675,0.003372715,0.166103196,0.000135221,2.674e-06,wrk_d48ead19e8c9d46e,1,plan_9681ead327789de4,True,False,,session_runner_autospawn_temp_worker,0.167531675,/home/ubuntu/quantum-workload-architecture/artifacts/session_runner/ovh_session_runner_prototype_v1/sessions/session_runner_autospawn_temp_worker/same_run01_x1/repeat_4/requests/same_run01_x1_r4_01_run01.execution.json
same_run01_x2_r4_01_run01,/home/ubuntu/quantum-workload-architecture/workloads/manifests/imported/ovh_v2/01_real_dense_ring6_amplitude.yaml,session_runner_autospawn_temp_worker,same_run01_x2,4,0.221867955,0.221867955,0.003403702,0.220439498,0.000118062,3.237e-06,wrk_3428bf060ea46224,1,plan_9681ead327789de4,True,False,,session_runner_autospawn_temp_worker,0.221867955,/home/ubuntu/quantum-workload-architecture/artifacts/session_runner/ovh_session_runner_prototype_v1/sessions/session_runner_autospawn_temp_worker/same_run01_x2/repeat_4/requests/same_run01_x2_r4_01_run01.execution.json
same_run01_x2_r4_02_run01,/home/ubuntu/quantum-workload-architecture/workloads/manifests/imported/ovh_v2/01_real_dense_ring6_amplitude.yaml,session_runner_autospawn_temp_worker,same_run01_x2,4,0.065126625,0.065126625,0.003060912,0.064045432,0.000105943,3.342e-06,wrk_3428bf060ea46224,2,plan_9681ead327789de4,True,False,,session_runner_autospawn_temp_worker,0.065126625,/home/ubuntu/quantum-workload-architecture/artifacts/session_runner/ovh_session_runner_prototype_v1/sessions/session_runner_autospawn_temp_worker/same_run01_x2/repeat_4/requests/same_run01_x2_r4_02_run01.execution.json
same_run01_x4_r4_01_run01,/home/ubuntu/quantum-workload-architecture/workloads/manifests/imported/ovh_v2/01_real_dense_ring6_amplitude.yaml,session_runner_autospawn_temp_worker,same_run01_x4,4,0.162451019,0.162451019,0.003292089,0.161067213,0.000107268,2.949e-06,wrk_731dec934d0a6d88,1,plan_9681ead327789de4,True,False,,session_runner_autospawn_temp_worker,0.162451019,/home/ubuntu/quantum-workload-architecture/artifacts/session_runner/ovh_session_runner_prototype_v1/sessions/session_runner_autospawn_temp_worker/same_run01_x4/repeat_4/requests/same_run01_x4_r4_01_run01.execution.json
same_run01_x4_r4_02_run01,/home/ubuntu/quantum-workload-architecture/workloads/manifests/imported/ovh_v2/01_real_dense_ring6_amplitude.yaml,session_runner_autospawn_temp_worker,same_run01_x4,4,0.04908001,0.04908001,0.00309567,0.04774283,9.1342e-05,3.121e-06,wrk_731dec934d0a6d88,2,plan_9681ead327789de4,True,False,,session_runner_autospawn_temp_worker,0.04908001,/home/ubuntu/quantum-workload-architecture/artifacts/session_runner/ovh_session_runner_prototype_v1/sessions/session_runner_autospawn_temp_worker/same_run01_x4/repeat_4/requests/same_run01_x4_r4_02_run01.execution.json
same_run01_x4_r4_03_run01,/home/ubuntu/quantum-workload-architecture/workloads/manifests/imported/ovh_v2/01_real_dense_ring6_amplitude.yaml,session_runner_autospawn_temp_worker,same_run01_x4,4,0.042464661,0.042464661,0.002890636,0.041236227,8.7524e-05,2.747e-06,wrk_731dec934d0a6d88,3,plan_9681ead327789de4,True,False,,session_runner_autospawn_temp_worker,0.042464661,/home/ubuntu/quantum-workload-architecture/artifacts/session_runner/ovh_session_runner_prototype_v1/sessions/session_runner_autospawn_temp_worker/same_run01_x4/repeat_4/requests/same_run01_x4_r4_03_run01.execution.json
same_run01_x4_r4_04_run01,/home/ubuntu/quantum-workload-architecture/workloads/manifests/imported/ovh_v2/01_real_dense_ring6_amplitude.yaml,session_runner_autospawn_temp_worker,same_run01_x4,4,0.042957835,0.042957835,0.003122088,0.041618544,0.000104194,2.395e-06,wrk_731dec934d0a6d88,4,plan_9681ead327789de4,True,False,,session_runner_autospawn_temp_worker,0.042957835,/home/ubuntu/quantum-workload-architecture/artifacts/session_runner/ovh_session_runner_prototype_v1/sessions/session_runner_autospawn_temp_worker/same_run01_x4/repeat_4/requests/same_run01_x4_r4_04_run01.execution.json
same_run01_x8_r4_01_run01,/home/ubuntu/quantum-workload-architecture/workloads/manifests/imported/ovh_v2/01_real_dense_ring6_amplitude.yaml,session_runner_autospawn_temp_worker,same_run01_x8,4,0.168311312,0.168311312,0.003325657,0.166952382,0.000113358,3.267e-06,wrk_47e12b828be22cf2,1,plan_9681ead327789de4,True,False,,session_runner_autospawn_temp_worker,0.168311312,/home/ubuntu/quantum-workload-architecture/artifacts/session_runner/ovh_session_runner_prototype_v1/sessions/session_runner_autospawn_temp_worker/same_run01_x8/repeat_4/requests/same_run01_x8_r4_01_run01.execution.json
same_run01_x8_r4_02_run01,/home/ubuntu/quantum-workload-architecture/workloads/manifests/imported/ovh_v2/01_real_dense_ring6_amplitude.yaml,session_runner_autospawn_temp_worker,same_run01_x8,4,0.048681104,0.048681104,0.003090304,0.047366762,9.3532e-05,3.032e-06,wrk_47e12b828be22cf2,2,plan_9681ead327789de4,True,False,,session_runner_autospawn_temp_worker,0.048681104,/home/ubuntu/quantum-workload-architecture/artifacts/session_runner/ovh_session_runner_prototype_v1/sessions/session_runner_autospawn_temp_worker/same_run01_x8/repeat_4/requests/same_run01_x8_r4_02_run01.execution.json
same_run01_x8_r4_03_run01,/home/ubuntu/quantum-workload-architecture/workloads/manifests/imported/ovh_v2/01_real_dense_ring6_amplitude.yaml,session_runner_autospawn_temp_worker,same_run01_x8,4,0.053647325,0.053647325,0.002723018,0.052678203,8.6581e-05,2.146e-06,wrk_47e12b828be22cf2,3,plan_9681ead327789de4,True,False,,session_runner_autospawn_temp_worker,0.053647325,/home/ubuntu/quantum-workload-architecture/artifacts/session_runner/ovh_session_runner_prototype_v1/sessions/session_runner_autospawn_temp_worker/same_run01_x8/repeat_4/requests/same_run01_x8_r4_03_run01.execution.json
same_run01_x8_r4_04_run01,/home/ubuntu/quantum-workload-architecture/workloads/manifests/imported/ovh_v2/01_real_dense_ring6_amplitude.yaml,session_runner_autospawn_temp_worker,same_run01_x8,4,0.052224327,0.052224327,0.003184582,0.050903108,0.000115881,2.149e-06,wrk_47e12b828be22cf2,4,plan_9681ead327789de4,True,False,,session_runner_autospawn_temp_worker,0.052224327,/home/ubuntu/quantum-workload-architecture/artifacts/session_runner/ovh_session_runner_prototype_v1/sessions/session_runner_autospawn_temp_worker/same_run01_x8/repeat_4/requests/same_run01_x8_r4_04_run01.execution.json
same_run01_x8_r4_05_run01,/home/ubuntu/quantum-workload-architecture/workloads/manifests/imported/ovh_v2/01_real_dense_ring6_amplitude.yaml,session_runner_autospawn_temp_worker,same_run01_x8,4,0.054222768,0.054222768,0.003154523,0.052911893,9.8404e-05,2.348e-06,wrk_47e12b828be22cf2,5,plan_9681ead327789de4,True,False,,session_runner_autospawn_temp_worker,0.054222768,/home/ubuntu/quantum-workload-architecture/artifacts/session_runner/ovh_session_runner_prototype_v1/sessions/session_runner_autospawn_temp_worker/same_run01_x8/repeat_4/requests/same_run01_x8_r4_05_run01.execution.json
same_run01_x8_r4_06_run01,/home/ubuntu/quantum-workload-architecture/workloads/manifests/imported/ovh_v2/01_real_dense_ring6_amplitude.yaml,session_runner_autospawn_temp_worker,same_run01_x8,4,0.051566802,0.051566802,0.002990268,0.05051449,0.00010008,2.587e-06,wrk_47e12b828be22cf2,6,plan_9681ead327789de4,True,False,,session_runner_autospawn_temp_worker,0.051566802,/home/ubuntu/quantum-workload-architecture/artifacts/session_runner/ovh_session_runner_prototype_v1/sessions/session_runner_autospawn_temp_worker/same_run01_x8/repeat_4/requests/same_run01_x8_r4_06_run01.execution.json
same_run01_x8_r4_07_run01,/home/ubuntu/quantum-workload-architecture/workloads/manifests/imported/ovh_v2/01_real_dense_ring6_amplitude.yaml,session_runner_autospawn_temp_worker,same_run01_x8,4,0.051805788,0.051805788,0.003086449,0.050622806,9.8209e-05,2.381e-06,wrk_47e12b828be22cf2,7,plan_9681ead327789de4,True,False,,session_runner_autospawn_temp_worker,0.051805788,/home/ubuntu/quantum-workload-architecture/artifacts/session_runner/ovh_session_runner_prototype_v1/sessions/session_runner_autospawn_temp_worker/same_run01_x8/repeat_4/requests/same_run01_x8_r4_07_run01.execution.json
same_run01_x8_r4_08_run01,/home/ubuntu/quantum-workload-architecture/workloads/manifests/imported/ovh_v2/01_real_dense_ring6_amplitude.yaml,session_runner_autospawn_temp_worker,same_run01_x8,4,0.051832062,0.051832062,0.003078269,0.050518723,0.000115066,2.506e-06,wrk_47e12b828be22cf2,8,plan_9681ead327789de4,True,False,,session_runner_autospawn_temp_worker,0.051832062,/home/ubuntu/quantum-workload-architecture/artifacts/session_runner/ovh_session_runner_prototype_v1/sessions/session_runner_autospawn_temp_worker/same_run01_x8/repeat_4/requests/same_run01_x8_r4_08_run01.execution.json
same_run06_x1_r4_01_run06,/home/ubuntu/quantum-workload-architecture/workloads/manifests/imported/ovh_v2/06_star_graph_phase_amplitude_heldout_low.yaml,session_runner_autospawn_temp_worker,same_run06_x1,4,0.191299982,0.191299982,0.003331833,0.190171935,0.000124284,3.34e-06,wrk_2d6001e7cd7b2440,1,plan_1e9bb43cfe444bbb,True,False,,session_runner_autospawn_temp_worker,0.191299982,/home/ubuntu/quantum-workload-architecture/artifacts/session_runner/ovh_session_runner_prototype_v1/sessions/session_runner_autospawn_temp_worker/same_run06_x1/repeat_4/requests/same_run06_x1_r4_01_run06.execution.json
same_run06_x2_r4_01_run06,/home/ubuntu/quantum-workload-architecture/workloads/manifests/imported/ovh_v2/06_star_graph_phase_amplitude_heldout_low.yaml,session_runner_autospawn_temp_worker,same_run06_x2,4,0.2169613,0.2169613,0.004333028,0.215291072,0.000290584,3.059e-06,wrk_a1bd8a6bd1f64e33,1,plan_1e9bb43cfe444bbb,True,False,,session_runner_autospawn_temp_worker,0.2169613,/home/ubuntu/quantum-workload-architecture/artifacts/session_runner/ovh_session_runner_prototype_v1/sessions/session_runner_autospawn_temp_worker/same_run06_x2/repeat_4/requests/same_run06_x2_r4_01_run06.execution.json
same_run06_x2_r4_02_run06,/home/ubuntu/quantum-workload-architecture/workloads/manifests/imported/ovh_v2/06_star_graph_phase_amplitude_heldout_low.yaml,session_runner_autospawn_temp_worker,same_run06_x2,4,0.060933807,0.060933807,0.002843469,0.060048188,0.000102911,3.425e-06,wrk_a1bd8a6bd1f64e33,2,plan_1e9bb43cfe444bbb,True,False,,session_runner_autospawn_temp_worker,0.060933807,/home/ubuntu/quantum-workload-architecture/artifacts/session_runner/ovh_session_runner_prototype_v1/sessions/session_runner_autospawn_temp_worker/same_run06_x2/repeat_4/requests/same_run06_x2_r4_02_run06.execution.json
same_run06_x4_r4_01_run06,/home/ubuntu/quantum-workload-architecture/workloads/manifests/imported/ovh_v2/06_star_graph_phase_amplitude_heldout_low.yaml,session_runner_autospawn_temp_worker,same_run06_x4,4,0.163728522,0.163728522,0.003244563,0.162369808,0.000106391,2.805e-06,wrk_59098ca3b54ff7f6,1,plan_1e9bb43cfe444bbb,True,False,,session_runner_autospawn_temp_worker,0.163728522,/home/ubuntu/quantum-workload-architecture/artifacts/session_runner/ovh_session_runner_prototype_v1/sessions/session_runner_autospawn_temp_worker/same_run06_x4/repeat_4/requests/same_run06_x4_r4_01_run06.execution.json
same_run06_x4_r4_02_run06,/home/ubuntu/quantum-workload-architecture/workloads/manifests/imported/ovh_v2/06_star_graph_phase_amplitude_heldout_low.yaml,session_runner_autospawn_temp_worker,same_run06_x4,4,0.050798373,0.050798373,0.003111637,0.049495037,8.9247e-05,2.894e-06,wrk_59098ca3b54ff7f6,2,plan_1e9bb43cfe444bbb,True,False,,session_runner_autospawn_temp_worker,0.050798373,/home/ubuntu/quantum-workload-architecture/artifacts/session_runner/ovh_session_runner_prototype_v1/sessions/session_runner_autospawn_temp_worker/same_run06_x4/repeat_4/requests/same_run06_x4_r4_02_run06.execution.json
same_run06_x4_r4_03_run06,/home/ubuntu/quantum-workload-architecture/workloads/manifests/imported/ovh_v2/06_star_graph_phase_amplitude_heldout_low.yaml,session_runner_autospawn_temp_worker,same_run06_x4,4,0.046409172,0.046409172,0.002943935,0.045171326,8.1055e-05,2.412e-06,wrk_59098ca3b54ff7f6,3,plan_1e9bb43cfe444bbb,True,False,,session_runner_autospawn_temp_worker,0.046409172,/home/ubuntu/quantum-workload-architecture/artifacts/session_runner/ovh_session_runner_prototype_v1/sessions/session_runner_autospawn_temp_worker/same_run06_x4/repeat_4/requests/same_run06_x4_r4_03_run06.execution.json
same_run06_x4_r4_04_run06,/home/ubuntu/quantum-workload-architecture/workloads/manifests/imported/ovh_v2/06_star_graph_phase_amplitude_heldout_low.yaml,session_runner_autospawn_temp_worker,same_run06_x4,4,0.046465052,0.046465052,0.002986442,0.045168236,9.2732e-05,2.499e-06,wrk_59098ca3b54ff7f6,4,plan_1e9bb43cfe444bbb,True,False,,session_runner_autospawn_temp_worker,0.046465052,/home/ubuntu/quantum-workload-architecture/artifacts/session_runner/ovh_session_runner_prototype_v1/sessions/session_runner_autospawn_temp_worker/same_run06_x4/repeat_4/requests/same_run06_x4_r4_04_run06.execution.json
same_run06_x8_r4_01_run06,/home/ubuntu/quantum-workload-architecture/workloads/manifests/imported/ovh_v2/06_star_graph_phase_amplitude_heldout_low.yaml,session_runner_autospawn_temp_worker,same_run06_x8,4,0.16090074,0.16090074,0.003240254,0.159505542,0.000108389,3.267e-06,wrk_9e2dc50cc8cc5e4e,1,plan_1e9bb43cfe444bbb,True,False,,session_runner_autospawn_temp_worker,0.16090074,/home/ubuntu/quantum-workload-architecture/artifacts/session_runner/ovh_session_runner_prototype_v1/sessions/session_runner_autospawn_temp_worker/same_run06_x8/repeat_4/requests/same_run06_x8_r4_01_run06.execution.json
same_run06_x8_r4_02_run06,/home/ubuntu/quantum-workload-architecture/workloads/manifests/imported/ovh_v2/06_star_graph_phase_amplitude_heldout_low.yaml,session_runner_autospawn_temp_worker,same_run06_x8,4,0.051359019,0.051359019,0.003129398,0.050002762,8.7462e-05,3.388e-06,wrk_9e2dc50cc8cc5e4e,2,plan_1e9bb43cfe444bbb,True,False,,session_runner_autospawn_temp_worker,0.051359019,/home/ubuntu/quantum-workload-architecture/artifacts/session_runner/ovh_session_runner_prototype_v1/sessions/session_runner_autospawn_temp_worker/same_run06_x8/repeat_4/requests/same_run06_x8_r4_02_run06.execution.json
same_run06_x8_r4_03_run06,/home/ubuntu/quantum-workload-architecture/workloads/manifests/imported/ovh_v2/06_star_graph_phase_amplitude_heldout_low.yaml,session_runner_autospawn_temp_worker,same_run06_x8,4,0.046870575,0.046870575,0.003005455,0.045573857,8.2018e-05,2.364e-06,wrk_9e2dc50cc8cc5e4e,3,plan_1e9bb43cfe444bbb,True,False,,session_runner_autospawn_temp_worker,0.046870575,/home/ubuntu/quantum-workload-architecture/artifacts/session_runner/ovh_session_runner_prototype_v1/sessions/session_runner_autospawn_temp_worker/same_run06_x8/repeat_4/requests/same_run06_x8_r4_03_run06.execution.json
same_run06_x8_r4_04_run06,/home/ubuntu/quantum-workload-architecture/workloads/manifests/imported/ovh_v2/06_star_graph_phase_amplitude_heldout_low.yaml,session_runner_autospawn_temp_worker,same_run06_x8,4,0.046524736,0.046524736,0.003090116,0.045214514,8.6183e-05,2.539e-06,wrk_9e2dc50cc8cc5e4e,4,plan_1e9bb43cfe444bbb,True,False,,session_runner_autospawn_temp_worker,0.046524736,/home/ubuntu/quantum-workload-architecture/artifacts/session_runner/ovh_session_runner_prototype_v1/sessions/session_runner_autospawn_temp_worker/same_run06_x8/repeat_4/requests/same_run06_x8_r4_04_run06.execution.json
same_run06_x8_r4_05_run06,/home/ubuntu/quantum-workload-architecture/workloads/manifests/imported/ovh_v2/06_star_graph_phase_amplitude_heldout_low.yaml,session_runner_autospawn_temp_worker,same_run06_x8,4,0.046704905,0.046704905,0.00308262,0.045344197,0.000100021,2.456e-06,wrk_9e2dc50cc8cc5e4e,5,plan_1e9bb43cfe444bbb,True,False,,session_runner_autospawn_temp_worker,0.046704905,/home/ubuntu/quantum-workload-architecture/artifacts/session_runner/ovh_session_runner_prototype_v1/sessions/session_runner_autospawn_temp_worker/same_run06_x8/repeat_4/requests/same_run06_x8_r4_05_run06.execution.json
same_run06_x8_r4_06_run06,/home/ubuntu/quantum-workload-architecture/workloads/manifests/imported/ovh_v2/06_star_graph_phase_amplitude_heldout_low.yaml,session_runner_autospawn_temp_worker,same_run06_x8,4,0.046194083,0.046194083,0.002902699,0.044992844,8.8063e-05,2.123e-06,wrk_9e2dc50cc8cc5e4e,6,plan_1e9bb43cfe444bbb,True,False,,session_runner_autospawn_temp_worker,0.046194083,/home/ubuntu/quantum-workload-architecture/artifacts/session_runner/ovh_session_runner_prototype_v1/sessions/session_runner_autospawn_temp_worker/same_run06_x8/repeat_4/requests/same_run06_x8_r4_06_run06.execution.json
same_run06_x8_r4_07_run06,/home/ubuntu/quantum-workload-architecture/workloads/manifests/imported/ovh_v2/06_star_graph_phase_amplitude_heldout_low.yaml,session_runner_autospawn_temp_worker,same_run06_x8,4,0.046486673,0.046486673,0.002769802,0.045433512,9.0651e-05,2.36e-06,wrk_9e2dc50cc8cc5e4e,7,plan_1e9bb43cfe444bbb,True,False,,session_runner_autospawn_temp_worker,0.046486673,/home/ubuntu/quantum-workload-architecture/artifacts/session_runner/ovh_session_runner_prototype_v1/sessions/session_runner_autospawn_temp_worker/same_run06_x8/repeat_4/requests/same_run06_x8_r4_07_run06.execution.json
same_run06_x8_r4_08_run06,/home/ubuntu/quantum-workload-architecture/workloads/manifests/imported/ovh_v2/06_star_graph_phase_amplitude_heldout_low.yaml,session_runner_autospawn_temp_worker,same_run06_x8,4,0.046018935,0.046018935,0.002950022,0.044758,8.1938e-05,3.032e-06,wrk_9e2dc50cc8cc5e4e,8,plan_1e9bb43cfe444bbb,True,False,,session_runner_autospawn_temp_worker,0.046018935,/home/ubuntu/quantum-workload-architecture/artifacts/session_runner/ovh_session_runner_prototype_v1/sessions/session_runner_autospawn_temp_worker/same_run06_x8/repeat_4/requests/same_run06_x8_r4_08_run06.execution.json
same_run08_x1_r4_01_run08,/home/ubuntu/quantum-workload-architecture/workloads/manifests/imported/ovh_v2/08_parity_iqp_batched_heldout_medium.yaml,session_runner_autospawn_temp_worker,same_run08_x1,4,0.182936677,0.182936677,0.003591095,0.181410132,0.00020437,3.269e-06,wrk_75b871664bafb33b,1,plan_7209297490c788dd,True,False,,session_runner_autospawn_temp_worker,0.182936677,/home/ubuntu/quantum-workload-architecture/artifacts/session_runner/ovh_session_runner_prototype_v1/sessions/session_runner_autospawn_temp_worker/same_run08_x1/repeat_4/requests/same_run08_x1_r4_01_run08.execution.json
same_run08_x2_r4_01_run08,/home/ubuntu/quantum-workload-architecture/workloads/manifests/imported/ovh_v2/08_parity_iqp_batched_heldout_medium.yaml,session_runner_autospawn_temp_worker,same_run08_x2,4,0.163800493,0.163800493,0.003010567,0.162550254,0.000116859,3.09e-06,wrk_88053f06d2d31091,1,plan_7209297490c788dd,True,False,,session_runner_autospawn_temp_worker,0.163800493,/home/ubuntu/quantum-workload-architecture/artifacts/session_runner/ovh_session_runner_prototype_v1/sessions/session_runner_autospawn_temp_worker/same_run08_x2/repeat_4/requests/same_run08_x2_r4_01_run08.execution.json
same_run08_x2_r4_02_run08,/home/ubuntu/quantum-workload-architecture/workloads/manifests/imported/ovh_v2/08_parity_iqp_batched_heldout_medium.yaml,session_runner_autospawn_temp_worker,same_run08_x2,4,0.046834115,0.046834115,0.00270103,0.04578947,8.7497e-05,2.719e-06,wrk_88053f06d2d31091,2,plan_7209297490c788dd,True,False,,session_runner_autospawn_temp_worker,0.046834115,/home/ubuntu/quantum-workload-architecture/artifacts/session_runner/ovh_session_runner_prototype_v1/sessions/session_runner_autospawn_temp_worker/same_run08_x2/repeat_4/requests/same_run08_x2_r4_02_run08.execution.json
same_run08_x4_r4_01_run08,/home/ubuntu/quantum-workload-architecture/workloads/manifests/imported/ovh_v2/08_parity_iqp_batched_heldout_medium.yaml,session_runner_autospawn_temp_worker,same_run08_x4,4,0.155921887,0.155921887,0.003323323,0.154450811,0.000141393,2.607e-06,wrk_6365b3be1355a895,1,plan_7209297490c788dd,True,False,,session_runner_autospawn_temp_worker,0.155921887,/home/ubuntu/quantum-workload-architecture/artifacts/session_runner/ovh_session_runner_prototype_v1/sessions/session_runner_autospawn_temp_worker/same_run08_x4/repeat_4/requests/same_run08_x4_r4_01_run08.execution.json
same_run08_x4_r4_02_run08,/home/ubuntu/quantum-workload-architecture/workloads/manifests/imported/ovh_v2/08_parity_iqp_batched_heldout_medium.yaml,session_runner_autospawn_temp_worker,same_run08_x4,4,0.046020143,0.046020143,0.002955389,0.04471382,8.5421e-05,3.323e-06,wrk_6365b3be1355a895,2,plan_7209297490c788dd,True,False,,session_runner_autospawn_temp_worker,0.046020143,/home/ubuntu/quantum-workload-architecture/artifacts/session_runner/ovh_session_runner_prototype_v1/sessions/session_runner_autospawn_temp_worker/same_run08_x4/repeat_4/requests/same_run08_x4_r4_02_run08.execution.json
same_run08_x4_r4_03_run08,/home/ubuntu/quantum-workload-architecture/workloads/manifests/imported/ovh_v2/08_parity_iqp_batched_heldout_medium.yaml,session_runner_autospawn_temp_worker,same_run08_x4,4,0.041933408,0.041933408,0.003038987,0.040460656,8.725e-05,2.319e-06,wrk_6365b3be1355a895,3,plan_7209297490c788dd,True,False,,session_runner_autospawn_temp_worker,0.041933408,/home/ubuntu/quantum-workload-architecture/artifacts/session_runner/ovh_session_runner_prototype_v1/sessions/session_runner_autospawn_temp_worker/same_run08_x4/repeat_4/requests/same_run08_x4_r4_03_run08.execution.json
same_run08_x4_r4_04_run08,/home/ubuntu/quantum-workload-architecture/workloads/manifests/imported/ovh_v2/08_parity_iqp_batched_heldout_medium.yaml,session_runner_autospawn_temp_worker,same_run08_x4,4,0.041165653,0.041165653,0.002723296,0.040012374,8.1748e-05,2.388e-06,wrk_6365b3be1355a895,4,plan_7209297490c788dd,True,False,,session_runner_autospawn_temp_worker,0.041165653,/home/ubuntu/quantum-workload-architecture/artifacts/session_runner/ovh_session_runner_prototype_v1/sessions/session_runner_autospawn_temp_worker/same_run08_x4/repeat_4/requests/same_run08_x4_r4_04_run08.execution.json
same_run08_x8_r4_01_run08,/home/ubuntu/quantum-workload-architecture/workloads/manifests/imported/ovh_v2/08_parity_iqp_batched_heldout_medium.yaml,session_runner_autospawn_temp_worker,same_run08_x8,4,0.179451548,0.179451548,0.003372652,0.177948734,0.000108683,3.045e-06,wrk_e5394659cc466590,1,plan_7209297490c788dd,True,False,,session_runner_autospawn_temp_worker,0.179451548,/home/ubuntu/quantum-workload-architecture/artifacts/session_runner/ovh_session_runner_prototype_v1/sessions/session_runner_autospawn_temp_worker/same_run08_x8/repeat_4/requests/same_run08_x8_r4_01_run08.execution.json
same_run08_x8_r4_02_run08,/home/ubuntu/quantum-workload-architecture/workloads/manifests/imported/ovh_v2/08_parity_iqp_batched_heldout_medium.yaml,session_runner_autospawn_temp_worker,same_run08_x8,4,0.046168477,0.046168477,0.002651237,0.045122284,8.9297e-05,3.441e-06,wrk_e5394659cc466590,2,plan_7209297490c788dd,True,False,,session_runner_autospawn_temp_worker,0.046168477,/home/ubuntu/quantum-workload-architecture/artifacts/session_runner/ovh_session_runner_prototype_v1/sessions/session_runner_autospawn_temp_worker/same_run08_x8/repeat_4/requests/same_run08_x8_r4_02_run08.execution.json
same_run08_x8_r4_03_run08,/home/ubuntu/quantum-workload-architecture/workloads/manifests/imported/ovh_v2/08_parity_iqp_batched_heldout_medium.yaml,session_runner_autospawn_temp_worker,same_run08_x8,4,0.041595063,0.041595063,0.002382371,0.040841475,7.9205e-05,2.92e-06,wrk_e5394659cc466590,3,plan_7209297490c788dd,True,False,,session_runner_autospawn_temp_worker,0.041595063,/home/ubuntu/quantum-workload-architecture/artifacts/session_runner/ovh_session_runner_prototype_v1/sessions/session_runner_autospawn_temp_worker/same_run08_x8/repeat_4/requests/same_run08_x8_r4_03_run08.execution.json
same_run08_x8_r4_04_run08,/home/ubuntu/quantum-workload-architecture/workloads/manifests/imported/ovh_v2/08_parity_iqp_batched_heldout_medium.yaml,session_runner_autospawn_temp_worker,same_run08_x8,4,0.041744109,0.041744109,0.002629932,0.040683238,8.1613e-05,2.389e-06,wrk_e5394659cc466590,4,plan_7209297490c788dd,True,False,,session_runner_autospawn_temp_worker,0.041744109,/home/ubuntu/quantum-workload-architecture/artifacts/session_runner/ovh_session_runner_prototype_v1/sessions/session_runner_autospawn_temp_worker/same_run08_x8/repeat_4/requests/same_run08_x8_r4_04_run08.execution.json
same_run08_x8_r4_05_run08,/home/ubuntu/quantum-workload-architecture/workloads/manifests/imported/ovh_v2/08_parity_iqp_batched_heldout_medium.yaml,session_runner_autospawn_temp_worker,same_run08_x8,4,0.042412854,0.042412854,0.003255402,0.040830092,9.2358e-05,2.911e-06,wrk_e5394659cc466590,5,plan_7209297490c788dd,True,False,,session_runner_autospawn_temp_worker,0.042412854,/home/ubuntu/quantum-workload-architecture/artifacts/session_runner/ovh_session_runner_prototype_v1/sessions/session_runner_autospawn_temp_worker/same_run08_x8/repeat_4/requests/same_run08_x8_r4_05_run08.execution.json
same_run08_x8_r4_06_run08,/home/ubuntu/quantum-workload-architecture/workloads/manifests/imported/ovh_v2/08_parity_iqp_batched_heldout_medium.yaml,session_runner_autospawn_temp_worker,same_run08_x8,4,0.041834556,0.041834556,0.002746987,0.040660134,8.1967e-05,2.12e-06,wrk_e5394659cc466590,6,plan_7209297490c788dd,True,False,,session_runner_autospawn_temp_worker,0.041834556,/home/ubuntu/quantum-workload-architecture/artifacts/session_runner/ovh_session_runner_prototype_v1/sessions/session_runner_autospawn_temp_worker/same_run08_x8/repeat_4/requests/same_run08_x8_r4_06_run08.execution.json
same_run08_x8_r4_07_run08,/home/ubuntu/quantum-workload-architecture/workloads/manifests/imported/ovh_v2/08_parity_iqp_batched_heldout_medium.yaml,session_runner_autospawn_temp_worker,same_run08_x8,4,0.042569892,0.042569892,0.003078745,0.041097895,8.6717e-05,2.621e-06,wrk_e5394659cc466590,7,plan_7209297490c788dd,True,False,,session_runner_autospawn_temp_worker,0.042569892,/home/ubuntu/quantum-workload-architecture/artifacts/session_runner/ovh_session_runner_prototype_v1/sessions/session_runner_autospawn_temp_worker/same_run08_x8/repeat_4/requests/same_run08_x8_r4_07_run08.execution.json
same_run08_x8_r4_08_run08,/home/ubuntu/quantum-workload-architecture/workloads/manifests/imported/ovh_v2/08_parity_iqp_batched_heldout_medium.yaml,session_runner_autospawn_temp_worker,same_run08_x8,4,0.042208766,0.042208766,0.002703132,0.041105607,0.000104483,2.427e-06,wrk_e5394659cc466590,8,plan_7209297490c788dd,True,False,,session_runner_autospawn_temp_worker,0.042208766,/home/ubuntu/quantum-workload-architecture/artifacts/session_runner/ovh_session_runner_prototype_v1/sessions/session_runner_autospawn_temp_worker/same_run08_x8/repeat_4/requests/same_run08_x8_r4_08_run08.execution.json
mixed_trio_x6_r4_01_run01,/home/ubuntu/quantum-workload-architecture/workloads/manifests/imported/ovh_v2/01_real_dense_ring6_amplitude.yaml,session_runner_autospawn_temp_worker,mixed_trio_x6,4,0.165846972,0.165846972,0.003290828,0.164445333,0.000126477,3.085e-06,wrk_54210d67e6451c77,1,plan_9681ead327789de4,True,False,,session_runner_autospawn_temp_worker,0.165846972,/home/ubuntu/quantum-workload-architecture/artifacts/session_runner/ovh_session_runner_prototype_v1/sessions/session_runner_autospawn_temp_worker/mixed_trio_x6/repeat_4/requests/mixed_trio_x6_r4_01_run01.execution.json
mixed_trio_x6_r4_02_run06,/home/ubuntu/quantum-workload-architecture/workloads/manifests/imported/ovh_v2/06_star_graph_phase_amplitude_heldout_low.yaml,session_runner_autospawn_temp_worker,mixed_trio_x6,4,0.050406908,0.050406908,0.00306089,0.04908142,8.7351e-05,2.778e-06,wrk_54210d67e6451c77,2,plan_1e9bb43cfe444bbb,True,False,,session_runner_autospawn_temp_worker,0.050406908,/home/ubuntu/quantum-workload-architecture/artifacts/session_runner/ovh_session_runner_prototype_v1/sessions/session_runner_autospawn_temp_worker/mixed_trio_x6/repeat_4/requests/mixed_trio_x6_r4_02_run06.execution.json
mixed_trio_x6_r4_03_run08,/home/ubuntu/quantum-workload-architecture/workloads/manifests/imported/ovh_v2/08_parity_iqp_batched_heldout_medium.yaml,session_runner_autospawn_temp_worker,mixed_trio_x6,4,0.041225915,0.041225915,0.002829038,0.03997701,8.2615e-05,2.816e-06,wrk_54210d67e6451c77,3,plan_7209297490c788dd,True,False,,session_runner_autospawn_temp_worker,0.041225915,/home/ubuntu/quantum-workload-architecture/artifacts/session_runner/ovh_session_runner_prototype_v1/sessions/session_runner_autospawn_temp_worker/mixed_trio_x6/repeat_4/requests/mixed_trio_x6_r4_03_run08.execution.json
mixed_trio_x6_r4_04_run01,/home/ubuntu/quantum-workload-architecture/workloads/manifests/imported/ovh_v2/01_real_dense_ring6_amplitude.yaml,session_runner_autospawn_temp_worker,mixed_trio_x6,4,0.043346375,0.043346375,0.003270955,0.041805839,8.0459e-05,2.195e-06,wrk_54210d67e6451c77,4,plan_9681ead327789de4,True,False,,session_runner_autospawn_temp_worker,0.043346375,/home/ubuntu/quantum-workload-architecture/artifacts/session_runner/ovh_session_runner_prototype_v1/sessions/session_runner_autospawn_temp_worker/mixed_trio_x6/repeat_4/requests/mixed_trio_x6_r4_04_run01.execution.json
mixed_trio_x6_r4_05_run06,/home/ubuntu/quantum-workload-architecture/workloads/manifests/imported/ovh_v2/06_star_graph_phase_amplitude_heldout_low.yaml,session_runner_autospawn_temp_worker,mixed_trio_x6,4,0.046453197,0.046453197,0.003009009,0.045251617,9.0756e-05,2.379e-06,wrk_54210d67e6451c77,5,plan_1e9bb43cfe444bbb,True,False,,session_runner_autospawn_temp_worker,0.046453197,/home/ubuntu/quantum-workload-architecture/artifacts/session_runner/ovh_session_runner_prototype_v1/sessions/session_runner_autospawn_temp_worker/mixed_trio_x6/repeat_4/requests/mixed_trio_x6_r4_05_run06.execution.json
mixed_trio_x6_r4_06_run08,/home/ubuntu/quantum-workload-architecture/workloads/manifests/imported/ovh_v2/08_parity_iqp_batched_heldout_medium.yaml,session_runner_autospawn_temp_worker,mixed_trio_x6,4,0.041056748,0.041056748,0.002929328,0.039689533,8.4074e-05,2.262e-06,wrk_54210d67e6451c77,6,plan_7209297490c788dd,True,False,,session_runner_autospawn_temp_worker,0.041056748,/home/ubuntu/quantum-workload-architecture/artifacts/session_runner/ovh_session_runner_prototype_v1/sessions/session_runner_autospawn_temp_worker/mixed_trio_x6/repeat_4/requests/mixed_trio_x6_r4_06_run08.execution.json
same_run01_x1_r5_01_run01,/home/ubuntu/quantum-workload-architecture/workloads/manifests/imported/ovh_v2/01_real_dense_ring6_amplitude.yaml,session_runner_autospawn_temp_worker,same_run01_x1,5,0.22455058,0.22455058,0.005403739,0.221752713,0.000343332,3.505e-06,wrk_458496d5c0a87cd3,1,plan_9681ead327789de4,True,False,,session_runner_autospawn_temp_worker,0.22455058,/home/ubuntu/quantum-workload-architecture/artifacts/session_runner/ovh_session_runner_prototype_v1/sessions/session_runner_autospawn_temp_worker/same_run01_x1/repeat_5/requests/same_run01_x1_r5_01_run01.execution.json
same_run01_x2_r5_01_run01,/home/ubuntu/quantum-workload-architecture/workloads/manifests/imported/ovh_v2/01_real_dense_ring6_amplitude.yaml,session_runner_autospawn_temp_worker,same_run01_x2,5,0.16293216,0.16293216,0.003227382,0.161565288,0.000116077,2.62e-06,wrk_63d69b6e61a456e0,1,plan_9681ead327789de4,True,False,,session_runner_autospawn_temp_worker,0.16293216,/home/ubuntu/quantum-workload-architecture/artifacts/session_runner/ovh_session_runner_prototype_v1/sessions/session_runner_autospawn_temp_worker/same_run01_x2/repeat_5/requests/same_run01_x2_r5_01_run01.execution.json
same_run01_x2_r5_02_run01,/home/ubuntu/quantum-workload-architecture/workloads/manifests/imported/ovh_v2/01_real_dense_ring6_amplitude.yaml,session_runner_autospawn_temp_worker,same_run01_x2,5,0.047567099,0.047567099,0.003001,0.046244934,8.6006e-05,2.85e-06,wrk_63d69b6e61a456e0,2,plan_9681ead327789de4,True,False,,session_runner_autospawn_temp_worker,0.047567099,/home/ubuntu/quantum-workload-architecture/artifacts/session_runner/ovh_session_runner_prototype_v1/sessions/session_runner_autospawn_temp_worker/same_run01_x2/repeat_5/requests/same_run01_x2_r5_02_run01.execution.json
same_run01_x4_r5_01_run01,/home/ubuntu/quantum-workload-architecture/workloads/manifests/imported/ovh_v2/01_real_dense_ring6_amplitude.yaml,session_runner_autospawn_temp_worker,same_run01_x4,5,0.163927083,0.163927083,0.003617755,0.162334043,0.000122568,3.209e-06,wrk_a9ede7ff5bf3df6d,1,plan_9681ead327789de4,True,False,,session_runner_autospawn_temp_worker,0.163927083,/home/ubuntu/quantum-workload-architecture/artifacts/session_runner/ovh_session_runner_prototype_v1/sessions/session_runner_autospawn_temp_worker/same_run01_x4/repeat_5/requests/same_run01_x4_r5_01_run01.execution.json
same_run01_x4_r5_02_run01,/home/ubuntu/quantum-workload-architecture/workloads/manifests/imported/ovh_v2/01_real_dense_ring6_amplitude.yaml,session_runner_autospawn_temp_worker,same_run01_x4,5,0.048258338,0.048258338,0.003062643,0.046976353,9.1219e-05,3e-06,wrk_a9ede7ff5bf3df6d,2,plan_9681ead327789de4,True,False,,session_runner_autospawn_temp_worker,0.048258338,/home/ubuntu/quantum-workload-architecture/artifacts/session_runner/ovh_session_runner_prototype_v1/sessions/session_runner_autospawn_temp_worker/same_run01_x4/repeat_5/requests/same_run01_x4_r5_02_run01.execution.json
same_run01_x4_r5_03_run01,/home/ubuntu/quantum-workload-architecture/workloads/manifests/imported/ovh_v2/01_real_dense_ring6_amplitude.yaml,session_runner_autospawn_temp_worker,same_run01_x4,5,0.043554484,0.043554484,0.002858125,0.042467257,9.7443e-05,2.842e-06,wrk_a9ede7ff5bf3df6d,3,plan_9681ead327789de4,True,False,,session_runner_autospawn_temp_worker,0.043554484,/home/ubuntu/quantum-workload-architecture/artifacts/session_runner/ovh_session_runner_prototype_v1/sessions/session_runner_autospawn_temp_worker/same_run01_x4/repeat_5/requests/same_run01_x4_r5_03_run01.execution.json
same_run01_x4_r5_04_run01,/home/ubuntu/quantum-workload-architecture/workloads/manifests/imported/ovh_v2/01_real_dense_ring6_amplitude.yaml,session_runner_autospawn_temp_worker,same_run01_x4,5,0.043006008,0.043006008,0.002495666,0.042214463,8.257e-05,3.324e-06,wrk_a9ede7ff5bf3df6d,4,plan_9681ead327789de4,True,False,,session_runner_autospawn_temp_worker,0.043006008,/home/ubuntu/quantum-workload-architecture/artifacts/session_runner/ovh_session_runner_prototype_v1/sessions/session_runner_autospawn_temp_worker/same_run01_x4/repeat_5/requests/same_run01_x4_r5_04_run01.execution.json
same_run01_x8_r5_01_run01,/home/ubuntu/quantum-workload-architecture/workloads/manifests/imported/ovh_v2/01_real_dense_ring6_amplitude.yaml,session_runner_autospawn_temp_worker,same_run01_x8,5,0.157464504,0.157464504,0.003243457,0.156030044,0.000104756,2.882e-06,wrk_d9bcd060d07d8f36,1,plan_9681ead327789de4,True,False,,session_runner_autospawn_temp_worker,0.157464504,/home/ubuntu/quantum-workload-architecture/artifacts/session_runner/ovh_session_runner_prototype_v1/sessions/session_runner_autospawn_temp_worker/same_run01_x8/repeat_5/requests/same_run01_x8_r5_01_run01.execution.json
same_run01_x8_r5_02_run01,/home/ubuntu/quantum-workload-architecture/workloads/manifests/imported/ovh_v2/01_real_dense_ring6_amplitude.yaml,session_runner_autospawn_temp_worker,same_run01_x8,5,0.048350511,0.048350511,0.003180207,0.046969114,8.6823e-05,2.712e-06,wrk_d9bcd060d07d8f36,2,plan_9681ead327789de4,True,False,,session_runner_autospawn_temp_worker,0.048350511,/home/ubuntu/quantum-workload-architecture/artifacts/session_runner/ovh_session_runner_prototype_v1/sessions/session_runner_autospawn_temp_worker/same_run01_x8/repeat_5/requests/same_run01_x8_r5_02_run01.execution.json
same_run01_x8_r5_03_run01,/home/ubuntu/quantum-workload-architecture/workloads/manifests/imported/ovh_v2/01_real_dense_ring6_amplitude.yaml,session_runner_autospawn_temp_worker,same_run01_x8,5,0.043252691,0.043252691,0.002948127,0.041994444,9.2526e-05,2.233e-06,wrk_d9bcd060d07d8f36,3,plan_9681ead327789de4,True,False,,session_runner_autospawn_temp_worker,0.043252691,/home/ubuntu/quantum-workload-architecture/artifacts/session_runner/ovh_session_runner_prototype_v1/sessions/session_runner_autospawn_temp_worker/same_run01_x8/repeat_5/requests/same_run01_x8_r5_03_run01.execution.json
same_run01_x8_r5_04_run01,/home/ubuntu/quantum-workload-architecture/workloads/manifests/imported/ovh_v2/01_real_dense_ring6_amplitude.yaml,session_runner_autospawn_temp_worker,same_run01_x8,5,0.042762822,0.042762822,0.002998466,0.041455229,8.0123e-05,2.159e-06,wrk_d9bcd060d07d8f36,4,plan_9681ead327789de4,True,False,,session_runner_autospawn_temp_worker,0.042762822,/home/ubuntu/quantum-workload-architecture/artifacts/session_runner/ovh_session_runner_prototype_v1/sessions/session_runner_autospawn_temp_worker/same_run01_x8/repeat_5/requests/same_run01_x8_r5_04_run01.execution.json
same_run01_x8_r5_05_run01,/home/ubuntu/quantum-workload-architecture/workloads/manifests/imported/ovh_v2/01_real_dense_ring6_amplitude.yaml,session_runner_autospawn_temp_worker,same_run01_x8,5,0.0428937,0.0428937,0.003086282,0.041515412,8.5105e-05,2.257e-06,wrk_d9bcd060d07d8f36,5,plan_9681ead327789de4,True,False,,session_runner_autospawn_temp_worker,0.0428937,/home/ubuntu/quantum-workload-architecture/artifacts/session_runner/ovh_session_runner_prototype_v1/sessions/session_runner_autospawn_temp_worker/same_run01_x8/repeat_5/requests/same_run01_x8_r5_05_run01.execution.json
same_run01_x8_r5_06_run01,/home/ubuntu/quantum-workload-architecture/workloads/manifests/imported/ovh_v2/01_real_dense_ring6_amplitude.yaml,session_runner_autospawn_temp_worker,same_run01_x8,5,0.043138603,0.043138603,0.002819438,0.041983443,8.1193e-05,2.544e-06,wrk_d9bcd060d07d8f36,6,plan_9681ead327789de4,True,False,,session_runner_autospawn_temp_worker,0.043138603,/home/ubuntu/quantum-workload-architecture/artifacts/session_runner/ovh_session_runner_prototype_v1/sessions/session_runner_autospawn_temp_worker/same_run01_x8/repeat_5/requests/same_run01_x8_r5_06_run01.execution.json
same_run01_x8_r5_07_run01,/home/ubuntu/quantum-workload-architecture/workloads/manifests/imported/ovh_v2/01_real_dense_ring6_amplitude.yaml,session_runner_autospawn_temp_worker,same_run01_x8,5,0.044063589,0.044063589,0.003077122,0.042743348,8.5442e-05,2.166e-06,wrk_d9bcd060d07d8f36,7,plan_9681ead327789de4,True,False,,session_runner_autospawn_temp_worker,0.044063589,/home/ubuntu/quantum-workload-architecture/artifacts/session_runner/ovh_session_runner_prototype_v1/sessions/session_runner_autospawn_temp_worker/same_run01_x8/repeat_5/requests/same_run01_x8_r5_07_run01.execution.json
same_run01_x8_r5_08_run01,/home/ubuntu/quantum-workload-architecture/workloads/manifests/imported/ovh_v2/01_real_dense_ring6_amplitude.yaml,session_runner_autospawn_temp_worker,same_run01_x8,5,0.043139333,0.043139333,0.003095576,0.0418163,8.3863e-05,2.713e-06,wrk_d9bcd060d07d8f36,8,plan_9681ead327789de4,True,False,,session_runner_autospawn_temp_worker,0.043139333,/home/ubuntu/quantum-workload-architecture/artifacts/session_runner/ovh_session_runner_prototype_v1/sessions/session_runner_autospawn_temp_worker/same_run01_x8/repeat_5/requests/same_run01_x8_r5_08_run01.execution.json
same_run06_x1_r5_01_run06,/home/ubuntu/quantum-workload-architecture/workloads/manifests/imported/ovh_v2/06_star_graph_phase_amplitude_heldout_low.yaml,session_runner_autospawn_temp_worker,same_run06_x1,5,0.170178393,0.170178393,0.003350538,0.168745982,0.000126508,2.978e-06,wrk_f1e7b0051cbf3a7a,1,plan_1e9bb43cfe444bbb,True,False,,session_runner_autospawn_temp_worker,0.170178393,/home/ubuntu/quantum-workload-architecture/artifacts/session_runner/ovh_session_runner_prototype_v1/sessions/session_runner_autospawn_temp_worker/same_run06_x1/repeat_5/requests/same_run06_x1_r5_01_run06.execution.json
same_run06_x2_r5_01_run06,/home/ubuntu/quantum-workload-architecture/workloads/manifests/imported/ovh_v2/06_star_graph_phase_amplitude_heldout_low.yaml,session_runner_autospawn_temp_worker,same_run06_x2,5,0.174293652,0.174293652,0.00354925,0.172664823,0.000109173,3.081e-06,wrk_02ef8b0268344a53,1,plan_1e9bb43cfe444bbb,True,False,,session_runner_autospawn_temp_worker,0.174293652,/home/ubuntu/quantum-workload-architecture/artifacts/session_runner/ovh_session_runner_prototype_v1/sessions/session_runner_autospawn_temp_worker/same_run06_x2/repeat_5/requests/same_run06_x2_r5_01_run06.execution.json
same_run06_x2_r5_02_run06,/home/ubuntu/quantum-workload-architecture/workloads/manifests/imported/ovh_v2/06_star_graph_phase_amplitude_heldout_low.yaml,session_runner_autospawn_temp_worker,same_run06_x2,5,0.051436134,0.051436134,0.003234834,0.050121142,0.000100296,3.241e-06,wrk_02ef8b0268344a53,2,plan_1e9bb43cfe444bbb,True,False,,session_runner_autospawn_temp_worker,0.051436134,/home/ubuntu/quantum-workload-architecture/artifacts/session_runner/ovh_session_runner_prototype_v1/sessions/session_runner_autospawn_temp_worker/same_run06_x2/repeat_5/requests/same_run06_x2_r5_02_run06.execution.json
same_run06_x4_r5_01_run06,/home/ubuntu/quantum-workload-architecture/workloads/manifests/imported/ovh_v2/06_star_graph_phase_amplitude_heldout_low.yaml,session_runner_autospawn_temp_worker,same_run06_x4,5,0.228909434,0.228909434,0.004842386,0.226762185,0.000315739,3.27e-06,wrk_9b1bfc88819461a7,1,plan_1e9bb43cfe444bbb,True,False,,session_runner_autospawn_temp_worker,0.228909434,/home/ubuntu/quantum-workload-architecture/artifacts/session_runner/ovh_session_runner_prototype_v1/sessions/session_runner_autospawn_temp_worker/same_run06_x4/repeat_5/requests/same_run06_x4_r5_01_run06.execution.json
same_run06_x4_r5_02_run06,/home/ubuntu/quantum-workload-architecture/workloads/manifests/imported/ovh_v2/06_star_graph_phase_amplitude_heldout_low.yaml,session_runner_autospawn_temp_worker,same_run06_x4,5,0.061279174,0.061279174,0.003603715,0.059647033,0.000106417,3.21e-06,wrk_9b1bfc88819461a7,2,plan_1e9bb43cfe444bbb,True,False,,session_runner_autospawn_temp_worker,0.061279174,/home/ubuntu/quantum-workload-architecture/artifacts/session_runner/ovh_session_runner_prototype_v1/sessions/session_runner_autospawn_temp_worker/same_run06_x4/repeat_5/requests/same_run06_x4_r5_02_run06.execution.json
same_run06_x4_r5_03_run06,/home/ubuntu/quantum-workload-architecture/workloads/manifests/imported/ovh_v2/06_star_graph_phase_amplitude_heldout_low.yaml,session_runner_autospawn_temp_worker,same_run06_x4,5,0.056565201,0.056565201,0.003746314,0.054687927,0.000108474,2.636e-06,wrk_9b1bfc88819461a7,3,plan_1e9bb43cfe444bbb,True,False,,session_runner_autospawn_temp_worker,0.056565201,/home/ubuntu/quantum-workload-architecture/artifacts/session_runner/ovh_session_runner_prototype_v1/sessions/session_runner_autospawn_temp_worker/same_run06_x4/repeat_5/requests/same_run06_x4_r5_03_run06.execution.json
same_run06_x4_r5_04_run06,/home/ubuntu/quantum-workload-architecture/workloads/manifests/imported/ovh_v2/06_star_graph_phase_amplitude_heldout_low.yaml,session_runner_autospawn_temp_worker,same_run06_x4,5,0.055860807,0.055860807,0.003755686,0.054059528,0.000100109,2.911e-06,wrk_9b1bfc88819461a7,4,plan_1e9bb43cfe444bbb,True,False,,session_runner_autospawn_temp_worker,0.055860807,/home/ubuntu/quantum-workload-architecture/artifacts/session_runner/ovh_session_runner_prototype_v1/sessions/session_runner_autospawn_temp_worker/same_run06_x4/repeat_5/requests/same_run06_x4_r5_04_run06.execution.json
same_run06_x8_r5_01_run06,/home/ubuntu/quantum-workload-architecture/workloads/manifests/imported/ovh_v2/06_star_graph_phase_amplitude_heldout_low.yaml,session_runner_autospawn_temp_worker,same_run06_x8,5,0.174169955,0.174169955,0.003291547,0.17277767,0.000108881,2.741e-06,wrk_df1f3f9559dc099e,1,plan_1e9bb43cfe444bbb,True,False,,session_runner_autospawn_temp_worker,0.174169955,/home/ubuntu/quantum-workload-architecture/artifacts/session_runner/ovh_session_runner_prototype_v1/sessions/session_runner_autospawn_temp_worker/same_run06_x8/repeat_5/requests/same_run06_x8_r5_01_run06.execution.json
same_run06_x8_r5_02_run06,/home/ubuntu/quantum-workload-architecture/workloads/manifests/imported/ovh_v2/06_star_graph_phase_amplitude_heldout_low.yaml,session_runner_autospawn_temp_worker,same_run06_x8,5,0.051795234,0.051795234,0.003023219,0.050495044,8.7131e-05,2.757e-06,wrk_df1f3f9559dc099e,2,plan_1e9bb43cfe444bbb,True,False,,session_runner_autospawn_temp_worker,0.051795234,/home/ubuntu/quantum-workload-architecture/artifacts/session_runner/ovh_session_runner_prototype_v1/sessions/session_runner_autospawn_temp_worker/same_run06_x8/repeat_5/requests/same_run06_x8_r5_02_run06.execution.json
same_run06_x8_r5_03_run06,/home/ubuntu/quantum-workload-architecture/workloads/manifests/imported/ovh_v2/06_star_graph_phase_amplitude_heldout_low.yaml,session_runner_autospawn_temp_worker,same_run06_x8,5,0.046595375,0.046595375,0.003034271,0.045312703,8.0945e-05,2.359e-06,wrk_df1f3f9559dc099e,3,plan_1e9bb43cfe444bbb,True,False,,session_runner_autospawn_temp_worker,0.046595375,/home/ubuntu/quantum-workload-architecture/artifacts/session_runner/ovh_session_runner_prototype_v1/sessions/session_runner_autospawn_temp_worker/same_run06_x8/repeat_5/requests/same_run06_x8_r5_03_run06.execution.json
same_run06_x8_r5_04_run06,/home/ubuntu/quantum-workload-architecture/workloads/manifests/imported/ovh_v2/06_star_graph_phase_amplitude_heldout_low.yaml,session_runner_autospawn_temp_worker,same_run06_x8,5,0.046226937,0.046226937,0.003179329,0.0448528,0.000101063,2.381e-06,wrk_df1f3f9559dc099e,4,plan_1e9bb43cfe444bbb,True,False,,session_runner_autospawn_temp_worker,0.046226937,/home/ubuntu/quantum-workload-architecture/artifacts/session_runner/ovh_session_runner_prototype_v1/sessions/session_runner_autospawn_temp_worker/same_run06_x8/repeat_5/requests/same_run06_x8_r5_04_run06.execution.json
same_run06_x8_r5_05_run06,/home/ubuntu/quantum-workload-architecture/workloads/manifests/imported/ovh_v2/06_star_graph_phase_amplitude_heldout_low.yaml,session_runner_autospawn_temp_worker,same_run06_x8,5,0.045951432,0.045951432,0.003126238,0.044557898,8.4659e-05,2.532e-06,wrk_df1f3f9559dc099e,5,plan_1e9bb43cfe444bbb,True,False,,session_runner_autospawn_temp_worker,0.045951432,/home/ubuntu/quantum-workload-architecture/artifacts/session_runner/ovh_session_runner_prototype_v1/sessions/session_runner_autospawn_temp_worker/same_run06_x8/repeat_5/requests/same_run06_x8_r5_05_run06.execution.json
same_run06_x8_r5_06_run06,/home/ubuntu/quantum-workload-architecture/workloads/manifests/imported/ovh_v2/06_star_graph_phase_amplitude_heldout_low.yaml,session_runner_autospawn_temp_worker,same_run06_x8,5,0.045625152,0.045625152,0.003005069,0.044349656,8.4276e-05,2.093e-06,wrk_df1f3f9559dc099e,6,plan_1e9bb43cfe444bbb,True,False,,session_runner_autospawn_temp_worker,0.045625152,/home/ubuntu/quantum-workload-architecture/artifacts/session_runner/ovh_session_runner_prototype_v1/sessions/session_runner_autospawn_temp_worker/same_run06_x8/repeat_5/requests/same_run06_x8_r5_06_run06.execution.json
same_run06_x8_r5_07_run06,/home/ubuntu/quantum-workload-architecture/workloads/manifests/imported/ovh_v2/06_star_graph_phase_amplitude_heldout_low.yaml,session_runner_autospawn_temp_worker,same_run06_x8,5,0.046466013,0.046466013,0.003035484,0.045188752,8.3259e-05,2.406e-06,wrk_df1f3f9559dc099e,7,plan_1e9bb43cfe444bbb,True,False,,session_runner_autospawn_temp_worker,0.046466013,/home/ubuntu/quantum-workload-architecture/artifacts/session_runner/ovh_session_runner_prototype_v1/sessions/session_runner_autospawn_temp_worker/same_run06_x8/repeat_5/requests/same_run06_x8_r5_07_run06.execution.json
same_run06_x8_r5_08_run06,/home/ubuntu/quantum-workload-architecture/workloads/manifests/imported/ovh_v2/06_star_graph_phase_amplitude_heldout_low.yaml,session_runner_autospawn_temp_worker,same_run06_x8,5,0.045390054,0.045390054,0.00296889,0.044122658,8.5461e-05,2.335e-06,wrk_df1f3f9559dc099e,8,plan_1e9bb43cfe444bbb,True,False,,session_runner_autospawn_temp_worker,0.045390054,/home/ubuntu/quantum-workload-architecture/artifacts/session_runner/ovh_session_runner_prototype_v1/sessions/session_runner_autospawn_temp_worker/same_run06_x8/repeat_5/requests/same_run06_x8_r5_08_run06.execution.json
same_run08_x1_r5_01_run08,/home/ubuntu/quantum-workload-architecture/workloads/manifests/imported/ovh_v2/08_parity_iqp_batched_heldout_medium.yaml,session_runner_autospawn_temp_worker,same_run08_x1,5,0.177295457,0.177295457,0.003434448,0.175743505,0.000138287,2.842e-06,wrk_0ebb25778fcf1dda,1,plan_7209297490c788dd,True,False,,session_runner_autospawn_temp_worker,0.177295457,/home/ubuntu/quantum-workload-architecture/artifacts/session_runner/ovh_session_runner_prototype_v1/sessions/session_runner_autospawn_temp_worker/same_run08_x1/repeat_5/requests/same_run08_x1_r5_01_run08.execution.json
same_run08_x2_r5_01_run08,/home/ubuntu/quantum-workload-architecture/workloads/manifests/imported/ovh_v2/08_parity_iqp_batched_heldout_medium.yaml,session_runner_autospawn_temp_worker,same_run08_x2,5,0.157418749,0.157418749,0.003306962,0.15595218,0.000107354,2.559e-06,wrk_7d2cb0d0734a2b00,1,plan_7209297490c788dd,True,False,,session_runner_autospawn_temp_worker,0.157418749,/home/ubuntu/quantum-workload-architecture/artifacts/session_runner/ovh_session_runner_prototype_v1/sessions/session_runner_autospawn_temp_worker/same_run08_x2/repeat_5/requests/same_run08_x2_r5_01_run08.execution.json
same_run08_x2_r5_02_run08,/home/ubuntu/quantum-workload-architecture/workloads/manifests/imported/ovh_v2/08_parity_iqp_batched_heldout_medium.yaml,session_runner_autospawn_temp_worker,same_run08_x2,5,0.046465801,0.046465801,0.003007611,0.04507245,9.4586e-05,2.809e-06,wrk_7d2cb0d0734a2b00,2,plan_7209297490c788dd,True,False,,session_runner_autospawn_temp_worker,0.046465801,/home/ubuntu/quantum-workload-architecture/artifacts/session_runner/ovh_session_runner_prototype_v1/sessions/session_runner_autospawn_temp_worker/same_run08_x2/repeat_5/requests/same_run08_x2_r5_02_run08.execution.json
same_run08_x4_r5_01_run08,/home/ubuntu/quantum-workload-architecture/workloads/manifests/imported/ovh_v2/08_parity_iqp_batched_heldout_medium.yaml,session_runner_autospawn_temp_worker,same_run08_x4,5,0.15728824,0.15728824,0.003306747,0.155884432,0.000111735,3.039e-06,wrk_d2658c5f920574d0,1,plan_7209297490c788dd,True,False,,session_runner_autospawn_temp_worker,0.15728824,/home/ubuntu/quantum-workload-architecture/artifacts/session_runner/ovh_session_runner_prototype_v1/sessions/session_runner_autospawn_temp_worker/same_run08_x4/repeat_5/requests/same_run08_x4_r5_01_run08.execution.json
same_run08_x4_r5_02_run08,/home/ubuntu/quantum-workload-architecture/workloads/manifests/imported/ovh_v2/08_parity_iqp_batched_heldout_medium.yaml,session_runner_autospawn_temp_worker,same_run08_x4,5,0.046768501,0.046768501,0.003022921,0.045435886,8.9739e-05,2.74e-06,wrk_d2658c5f920574d0,2,plan_7209297490c788dd,True,False,,session_runner_autospawn_temp_worker,0.046768501,/home/ubuntu/quantum-workload-architecture/artifacts/session_runner/ovh_session_runner_prototype_v1/sessions/session_runner_autospawn_temp_worker/same_run08_x4/repeat_5/requests/same_run08_x4_r5_02_run08.execution.json
same_run08_x4_r5_03_run08,/home/ubuntu/quantum-workload-architecture/workloads/manifests/imported/ovh_v2/08_parity_iqp_batched_heldout_medium.yaml,session_runner_autospawn_temp_worker,same_run08_x4,5,0.041720016,0.041720016,0.002928146,0.040399181,8.6643e-05,2.319e-06,wrk_d2658c5f920574d0,3,plan_7209297490c788dd,True,False,,session_runner_autospawn_temp_worker,0.041720016,/home/ubuntu/quantum-workload-architecture/artifacts/session_runner/ovh_session_runner_prototype_v1/sessions/session_runner_autospawn_temp_worker/same_run08_x4/repeat_5/requests/same_run08_x4_r5_03_run08.execution.json
same_run08_x4_r5_04_run08,/home/ubuntu/quantum-workload-architecture/workloads/manifests/imported/ovh_v2/08_parity_iqp_batched_heldout_medium.yaml,session_runner_autospawn_temp_worker,same_run08_x4,5,0.041365685,0.041365685,0.002894496,0.040090941,8.2472e-05,2.263e-06,wrk_d2658c5f920574d0,4,plan_7209297490c788dd,True,False,,session_runner_autospawn_temp_worker,0.041365685,/home/ubuntu/quantum-workload-architecture/artifacts/session_runner/ovh_session_runner_prototype_v1/sessions/session_runner_autospawn_temp_worker/same_run08_x4/repeat_5/requests/same_run08_x4_r5_04_run08.execution.json
same_run08_x8_r5_01_run08,/home/ubuntu/quantum-workload-architecture/workloads/manifests/imported/ovh_v2/08_parity_iqp_batched_heldout_medium.yaml,session_runner_autospawn_temp_worker,same_run08_x8,5,0.160873279,0.160873279,0.002676655,0.159973175,0.000133062,2.697e-06,wrk_316a2e0baa277516,1,plan_7209297490c788dd,True,False,,session_runner_autospawn_temp_worker,0.160873279,/home/ubuntu/quantum-workload-architecture/artifacts/session_runner/ovh_session_runner_prototype_v1/sessions/session_runner_autospawn_temp_worker/same_run08_x8/repeat_5/requests/same_run08_x8_r5_01_run08.execution.json
same_run08_x8_r5_02_run08,/home/ubuntu/quantum-workload-architecture/workloads/manifests/imported/ovh_v2/08_parity_iqp_batched_heldout_medium.yaml,session_runner_autospawn_temp_worker,same_run08_x8,5,0.055214325,0.055214325,0.002765267,0.054184499,0.000107003,3.35e-06,wrk_316a2e0baa277516,2,plan_7209297490c788dd,True,False,,session_runner_autospawn_temp_worker,0.055214325,/home/ubuntu/quantum-workload-architecture/artifacts/session_runner/ovh_session_runner_prototype_v1/sessions/session_runner_autospawn_temp_worker/same_run08_x8/repeat_5/requests/same_run08_x8_r5_02_run08.execution.json
same_run08_x8_r5_03_run08,/home/ubuntu/quantum-workload-architecture/workloads/manifests/imported/ovh_v2/08_parity_iqp_batched_heldout_medium.yaml,session_runner_autospawn_temp_worker,same_run08_x8,5,0.053696675,0.053696675,0.002984653,0.052591152,0.000156294,2.709e-06,wrk_316a2e0baa277516,3,plan_7209297490c788dd,True,False,,session_runner_autospawn_temp_worker,0.053696675,/home/ubuntu/quantum-workload-architecture/artifacts/session_runner/ovh_session_runner_prototype_v1/sessions/session_runner_autospawn_temp_worker/same_run08_x8/repeat_5/requests/same_run08_x8_r5_03_run08.execution.json
same_run08_x8_r5_04_run08,/home/ubuntu/quantum-workload-architecture/workloads/manifests/imported/ovh_v2/08_parity_iqp_batched_heldout_medium.yaml,session_runner_autospawn_temp_worker,same_run08_x8,5,0.042000248,0.042000248,0.002819303,0.040828704,8.1066e-05,2.846e-06,wrk_316a2e0baa277516,4,plan_7209297490c788dd,True,False,,session_runner_autospawn_temp_worker,0.042000248,/home/ubuntu/quantum-workload-architecture/artifacts/session_runner/ovh_session_runner_prototype_v1/sessions/session_runner_autospawn_temp_worker/same_run08_x8/repeat_5/requests/same_run08_x8_r5_04_run08.execution.json
same_run08_x8_r5_05_run08,/home/ubuntu/quantum-workload-architecture/workloads/manifests/imported/ovh_v2/08_parity_iqp_batched_heldout_medium.yaml,session_runner_autospawn_temp_worker,same_run08_x8,5,0.041800193,0.041800193,0.002568015,0.040828514,8.602e-05,2.864e-06,wrk_316a2e0baa277516,5,plan_7209297490c788dd,True,False,,session_runner_autospawn_temp_worker,0.041800193,/home/ubuntu/quantum-workload-architecture/artifacts/session_runner/ovh_session_runner_prototype_v1/sessions/session_runner_autospawn_temp_worker/same_run08_x8/repeat_5/requests/same_run08_x8_r5_05_run08.execution.json
same_run08_x8_r5_06_run08,/home/ubuntu/quantum-workload-architecture/workloads/manifests/imported/ovh_v2/08_parity_iqp_batched_heldout_medium.yaml,session_runner_autospawn_temp_worker,same_run08_x8,5,0.041455688,0.041455688,0.002465205,0.040566747,8.2141e-05,2.309e-06,wrk_316a2e0baa277516,6,plan_7209297490c788dd,True,False,,session_runner_autospawn_temp_worker,0.041455688,/home/ubuntu/quantum-workload-architecture/artifacts/session_runner/ovh_session_runner_prototype_v1/sessions/session_runner_autospawn_temp_worker/same_run08_x8/repeat_5/requests/same_run08_x8_r5_06_run08.execution.json
same_run08_x8_r5_07_run08,/home/ubuntu/quantum-workload-architecture/workloads/manifests/imported/ovh_v2/08_parity_iqp_batched_heldout_medium.yaml,session_runner_autospawn_temp_worker,same_run08_x8,5,0.041719019,0.041719019,0.002575976,0.040764923,9.2773e-05,2.264e-06,wrk_316a2e0baa277516,7,plan_7209297490c788dd,True,False,,session_runner_autospawn_temp_worker,0.041719019,/home/ubuntu/quantum-workload-architecture/artifacts/session_runner/ovh_session_runner_prototype_v1/sessions/session_runner_autospawn_temp_worker/same_run08_x8/repeat_5/requests/same_run08_x8_r5_07_run08.execution.json
same_run08_x8_r5_08_run08,/home/ubuntu/quantum-workload-architecture/workloads/manifests/imported/ovh_v2/08_parity_iqp_batched_heldout_medium.yaml,session_runner_autospawn_temp_worker,same_run08_x8,5,0.041902794,0.041902794,0.002851395,0.040812518,9.0729e-05,2.39e-06,wrk_316a2e0baa277516,8,plan_7209297490c788dd,True,False,,session_runner_autospawn_temp_worker,0.041902794,/home/ubuntu/quantum-workload-architecture/artifacts/session_runner/ovh_session_runner_prototype_v1/sessions/session_runner_autospawn_temp_worker/same_run08_x8/repeat_5/requests/same_run08_x8_r5_08_run08.execution.json
mixed_trio_x6_r5_01_run01,/home/ubuntu/quantum-workload-architecture/workloads/manifests/imported/ovh_v2/01_real_dense_ring6_amplitude.yaml,session_runner_autospawn_temp_worker,mixed_trio_x6,5,0.157810758,0.157810758,0.003263955,0.156415968,0.000114766,2.511e-06,wrk_14db33c527c19016,1,plan_9681ead327789de4,True,False,,session_runner_autospawn_temp_worker,0.157810758,/home/ubuntu/quantum-workload-architecture/artifacts/session_runner/ovh_session_runner_prototype_v1/sessions/session_runner_autospawn_temp_worker/mixed_trio_x6/repeat_5/requests/mixed_trio_x6_r5_01_run01.execution.json
mixed_trio_x6_r5_02_run06,/home/ubuntu/quantum-workload-architecture/workloads/manifests/imported/ovh_v2/06_star_graph_phase_amplitude_heldout_low.yaml,session_runner_autospawn_temp_worker,mixed_trio_x6,5,0.050588686,0.050588686,0.003152719,0.049151738,8.8592e-05,2.774e-06,wrk_14db33c527c19016,2,plan_1e9bb43cfe444bbb,True,False,,session_runner_autospawn_temp_worker,0.050588686,/home/ubuntu/quantum-workload-architecture/artifacts/session_runner/ovh_session_runner_prototype_v1/sessions/session_runner_autospawn_temp_worker/mixed_trio_x6/repeat_5/requests/mixed_trio_x6_r5_02_run06.execution.json
mixed_trio_x6_r5_03_run08,/home/ubuntu/quantum-workload-architecture/workloads/manifests/imported/ovh_v2/08_parity_iqp_batched_heldout_medium.yaml,session_runner_autospawn_temp_worker,mixed_trio_x6,5,0.040936213,0.040936213,0.002893182,0.039641555,8.112e-05,2.651e-06,wrk_14db33c527c19016,3,plan_7209297490c788dd,True,False,,session_runner_autospawn_temp_worker,0.040936213,/home/ubuntu/quantum-workload-architecture/artifacts/session_runner/ovh_session_runner_prototype_v1/sessions/session_runner_autospawn_temp_worker/mixed_trio_x6/repeat_5/requests/mixed_trio_x6_r5_03_run08.execution.json
mixed_trio_x6_r5_04_run01,/home/ubuntu/quantum-workload-architecture/workloads/manifests/imported/ovh_v2/01_real_dense_ring6_amplitude.yaml,session_runner_autospawn_temp_worker,mixed_trio_x6,5,0.04315184,0.04315184,0.003036937,0.041819619,8.1932e-05,2.511e-06,wrk_14db33c527c19016,4,plan_9681ead327789de4,True,False,,session_runner_autospawn_temp_worker,0.04315184,/home/ubuntu/quantum-workload-architecture/artifacts/session_runner/ovh_session_runner_prototype_v1/sessions/session_runner_autospawn_temp_worker/mixed_trio_x6/repeat_5/requests/mixed_trio_x6_r5_04_run01.execution.json
mixed_trio_x6_r5_05_run06,/home/ubuntu/quantum-workload-architecture/workloads/manifests/imported/ovh_v2/06_star_graph_phase_amplitude_heldout_low.yaml,session_runner_autospawn_temp_worker,mixed_trio_x6,5,0.045754231,0.045754231,0.00298465,0.044447365,8.8304e-05,2.123e-06,wrk_14db33c527c19016,5,plan_1e9bb43cfe444bbb,True,False,,session_runner_autospawn_temp_worker,0.045754231,/home/ubuntu/quantum-workload-architecture/artifacts/session_runner/ovh_session_runner_prototype_v1/sessions/session_runner_autospawn_temp_worker/mixed_trio_x6/repeat_5/requests/mixed_trio_x6_r5_05_run06.execution.json
mixed_trio_x6_r5_06_run08,/home/ubuntu/quantum-workload-architecture/workloads/manifests/imported/ovh_v2/08_parity_iqp_batched_heldout_medium.yaml,session_runner_autospawn_temp_worker,mixed_trio_x6,5,0.041251629,0.041251629,0.002857175,0.039977018,8.185e-05,2.586e-06,wrk_14db33c527c19016,6,plan_7209297490c788dd,True,False,,session_runner_autospawn_temp_worker,0.041251629,/home/ubuntu/quantum-workload-architecture/artifacts/session_runner/ovh_session_runner_prototype_v1/sessions/session_runner_autospawn_temp_worker/mixed_trio_x6/repeat_5/requests/mixed_trio_x6_r5_06_run08.execution.json
